match_id,match_date,player_id,player_name,agent,map,kills,deaths,assists,headshots,damage,rounds_played,result,rank
109419,2026-01-29,P012,Yash,Jett,Ascent,24,15,4,7,3661.0,27,Win,Platinum
108768,2026-06-08,P004,Rohan,Cypher,Ascent,19,9,7,10,2753.0,18,Loss,Diamond
107656,2026-05-18,P014,Varun,Killjoy,Haven,24,12,4,9,2829.0,25,Win,Bronze
100416,2026-03-05,P016,Arjun,Cypher,Split,18,18,6,3,1810.0,28,Loss,Silver
103710,2026-01-04,P019,Ritesh,Raze,Pearl,23,11,10,14,3309.0,22,Loss,Gold
104782,2026-08-14,P016,Arjun,Brimstone,Sunset,17,15,5,6,2183.0,25,Win,Diamond
104094,2026-01-29,P008,Aditya,Raze,Breeze,15,20,8,3,2075.0,24,Loss,Diamond
107551,2026-04-06,P012,Yash,Reyna,Icebox,9,16,4,3,1761.0,27,Win,Gold
107735,2026-06-11,P008,Aditya,,Breeze,12,9,8,5,2050.0,24,Loss,Ascendant
101393,2026-03-28,P010,Pratik,Phoenix,Icebox,14,13,6,7,2263.0,27,Loss,Silver
104112,2026-07-19,P004,Rohan,Reyna,Pearl,18,6,7,9,2875.0,27,Loss,Silver
103879,2026-02-24,P017,Siddhant,Chamber,Split,16,13,10,4,1958.0,28,Loss,Immortal
100107,2026-06-29,P009,Sahil,Jett,Haven,29,10,11,11,4916.0,24,Loss,Platinum
107471,2026-04-13,P017,Siddhant,Omen,Split,19,13,7,8,3729.0,27,Win,Gold
100856,2026-07-19,P017,Siddhant,Fade,Sunset,29,13,4,7,4153.0,27,Loss,Iron
108693,2026-02-17,P003,Amit,Viper,Haven,20,12,7,8,2764.0,30,Loss,Diamond
103105,2026-07-21,P016,Arjun,Brimstone,Lotus,11,7,0,3,1298.0,18,Loss,Silver
105159,2026-05-01,P013,Ankit,Sage,Icebox,12,15,8,3,2303.0,28,Loss,Gold
106930,2026-08-30,P001,Shubham,Killjoy,Split,28,13,4,14,4275.0,23,Win,Diamond
100850,2026-03-09,P005,Akash,Jett,Icebox,16,12,1,5,2388.0,23,Loss,Platinum
107382,2026-04-09,P015,Nikhil,Jett,Sunset,24,21,8,12,3386.0,25,Win,Gold
107359,2026-03-08,P018,Manish,Sova,Split,20,4,8,10,3744.0,27,Win,Platinum
105377,2026-05-16,P019,Ritesh,Raze,Haven,8,11,7,3,1475.0,25,Win,Ascendant
109490,2026-04-15,P006,Vivek,Jett,Bind,14,11,6,8,1919.0,28,Win,Gold
101562,2026-01-31,P016,Arjun,Phoenix,Pearl,16,10,7,8,2574.0,27,Loss,Gold
106094,2026-05-18,P016,Arjun,Chamber,Lotus,27,19,5,12,4743.0,19,Win,Platinum
108339,2026-06-30,P018,Manish,Fade,Haven,18,11,6,7,3716.0,21,Loss,Silver
106935,2026-09-04,P017,Siddhant,Brimstone,Haven,29,16,0,6,3303.0,19,Loss,Platinum
105747,2026-08-04,P010,Pratik,Reyna,Ascent,24,15,6,9,4441.0,21,Loss,Bronze
101726,2026-02-11,P018,Manish,Sage,Split,16,13,5,10,2050.0,28,Loss,Silver
109068,2026-02-27,P009,Sahil,Viper,Pearl,14,8,7,7,2429.0,22,Win,Iron
104342,2026-01-25,P001,Shubham,Brimstone,Pearl,3,18,3,2,282.0,27,Win,Platinum
106434,2026-05-09,P007,Karan,Omen,Bind,25,14,1,7,3210.0,28,Loss,Diamond
102304,2026-08-05,P008,Aditya,Reyna,Haven,11,16,4,7,1495.0,28,Loss,Gold
105050,2026-03-08,P013,Ankit,Brimstone,Breeze,14,15,7,5,2460.0,23,Loss,Silver
105812,2026-06-19,P011,Neeraj,Omen,Sunset,5,12,1,2,753.0,19,Win,Immortal
101650,2026-08-04,P014,Varun,Gekko,Pearl,14,16,6,2,1989.0,20,Loss,Bronze
106995,2026-07-14,P001,Shubham,Omen,Sunset,16,13,7,10,3260.0,25,Loss,Ascendant
107642,2026-06-07,P008,Aditya,Brimstone,Pearl,3,15,7,3,614.0,28,Loss,Ascendant
103602,2026-05-05,P008,Aditya,Viper,Ascent,12,9,10,6,2436.0,22,Win,Gold
100251,2026-02-14,P008,Aditya,Cypher,Pearl,9,20,11,4,1481.0,19,Loss,Diamond
105848,2026-09-08,P003,Amit,Reyna,Ascent,15,7,3,3,2140.0,20,Win,Gold
107086,2026-04-05,P007,Karan,Brimstone,Haven,28,16,4,4,3937.0,28,Loss,Platinum
106584,2026-03-06,P001,Shubham,Fade,Pearl,20,13,3,8,2690.0,27,Loss,Platinum
100035,2026-02-03,P001,Shubham,Omen,Lotus,3,11,5,1,706.0,29,Win,Diamond
107225,2026-07-06,P008,Aditya,Viper,Sunset,23,17,3,9,4039.0,19,Win,Iron
100080,2026-06-30,P020,Harsh,Killjoy,Haven,17,20,10,3,2485.0,25,Win,Gold
103282,2026-04-05,P005,Akash,Brimstone,Icebox,19,13,9,5,3804.0,28,Win,Gold
108594,2026-06-13,P001,Shubham,Brimstone,Lotus,7,11,7,4,1304.0,26,Win,Diamond
103024,2026-02-23,P009,Sahil,Sage,Haven,26,17,15,19,3452.0,28,Win,Gold
105662,2026-01-10,P007,Karan,Sova,Ascent,20,9,0,9,3716.0,30,Win,Silver
109716,2026-07-07,P001,Shubham,Killjoy,Split,20,8,6,6,2915.0,28,Win,Silver
103063,2026-08-06,P005,Akash,Viper,Lotus,13,13,6,4,2124.0,27,Win,Platinum
104533,2026-09-25,P014,Varun,Reyna,Lotus,16,6,7,7,2565.0,22,Loss,Silver
100304,2026-07-11,P007,Karan,Gekko,Split,13,13,0,7,1249.0,30,Win,Diamond
101175,2026-06-27,P001,Shubham,Sage,Breeze,34,8,5,16,4201.0,29,Win,Gold
105935,2026-01-04,P005,Akash,Phoenix,Breeze,14,14,5,7,1269.0,23,Loss,Silver
106291,2026-01-04,P020,Harsh,Phoenix,Pearl,12,12,13,6,1367.0,29,Loss,Gold
101068,2026-03-13,P010,Pratik,Gekko,Haven,23,19,10,7,4148.0,27,Win,Silver
103019,2026-02-24,P018,Manish,Chamber,Breeze,20,10,10,6,3251.0,20,Win,Platinum
108812,2026-09-07,P017,Siddhant,Cypher,Sunset,25,17,8,12,3524.0,27,Win,Diamond
100733,2026-06-28,P016,Arjun,,Lotus,20,9,9,7,3050.0,18,Loss,Iron
104580,2026-06-22,P001,Shubham,Gekko,Icebox,20,8,11,4,3448.0,18,Loss,Diamond
106758,2026-06-19,P015,Nikhil,Chamber,Pearl,23,11,7,7,2374.0,21,Loss,Diamond
108035,2026-03-10,P003,Amit,Viper,Haven,5,11,7,2,712.0,30,Win,Gold
107414,2026-01-26,P005,Akash,Phoenix,Breeze,30,19,7,11,4845.0,24,Loss,Platinum
106458,2026-01-07,P010,Pratik,Gekko,Haven,33,18,10,11,3755.0,30,Win,Ascendant
103015,2026-04-16,P011,Neeraj,Fade,Icebox,13,17,2,2,1862.0,22,Win,Diamond
106003,2026-05-10,P002,Rahul,Fade,Sunset,11,13,6,5,1670.0,20,Win,Gold
101793,2026-05-31,P010,Pratik,Sova,Haven,6,10,3,1,1172.0,22,Loss,Diamond
103912,2026-05-07,P011,Neeraj,Phoenix,Bind,22,7,6,15,3245.0,21,Win,Platinum
109664,2026-01-30,P011,Neeraj,Brimstone,Sunset,13,8,4,7,2179.0,18,Loss,Diamond
109277,2026-01-17,P018,Manish,Chamber,Breeze,18,18,8,2,2916.0,27,Loss,Bronze
102903,2026-08-20,P004,Rohan,Killjoy,Icebox,22,16,4,13,3176.0,19,Win,Silver
104965,2026-05-10,P002,Rahul,Raze,Ascent,22,11,9,8,2660.0,30,Win,Gold
105378,2026-05-15,P017,Siddhant,Phoenix,Lotus,23,21,3,9,3384.0,26,Loss,Platinum
101208,2026-02-15,P008,Aditya,Phoenix,Pearl,9,13,4,6,1461.0,25,Loss,Silver
100039,2026-01-12,P001,Shubham,Sage,Pearl,9,20,2,2,1549.0,27,Win,Gold
100510,2026-01-25,P003,Amit,Brimstone,Pearl,33,13,3,14,5113.0,21,Win,Bronze
101835,2026-09-15,P006,Vivek,Brimstone,Lotus,21,15,8,13,3810.0,30,Loss,Gold
109366,2026-04-16,P007,Karan,Cypher,Split,13,16,6,7,2124.0,27,Win,Platinum
101111,2026-03-25,P015,Nikhil,Sage,Ascent,23,6,5,6,2345.0,23,Win,Diamond
102483,2026-07-25,P007,Karan,Killjoy,Bind,17,13,3,3,2462.0,22,Loss,Gold
109608,2026-06-25,P004,Rohan,Sova,Split,13,12,6,8,2223.0,21,Loss,Silver
105597,2026-04-15,P004,Rohan,Phoenix,Bind,8,18,7,2,1406.0,29,Win,Diamond
100960,2026-09-29,P007,Karan,Fade,Breeze,10,12,3,2,2057.0,19,Loss,Diamond
105993,2026-07-26,P001,Shubham,Fade,Sunset,22,15,3,7,2636.0,20,Win,Gold
107779,2026-06-23,P012,Yash,Sova,Pearl,8,16,8,3,1553.0,25,Win,Diamond
108777,2026-03-25,P011,Neeraj,Brimstone,Pearl,25,22,10,14,4574.0,26,Loss,Gold
106242,2026-09-15,P017,Siddhant,Viper,Icebox,28,14,5,16,2689.0,18,Loss,Bronze
104817,2026-09-17,P019,Ritesh,Omen,Ascent,16,13,6,4,1715.0,24,Loss,Iron
107439,2026-03-15,P013,Ankit,Jett,Split,15,9,1,5,2389.0,22,Loss,Diamond
100932,2026-06-25,P008,Aditya,Killjoy,Sunset,22,11,7,4,3095.0,26,Win,Platinum
104913,2026-01-19,P006,Vivek,Phoenix,Sunset,11,10,8,3,1497.0,30,Loss,
100388,2026-03-28,P016,Arjun,Jett,Sunset,17,18,7,8,2873.0,22,Win,Diamond
103397,2026-06-10,P004,Rohan,Sova,Sunset,9,12,2,4,1619.0,22,Win,Platinum
107470,2026-09-22,P014,Varun,Sage,Lotus,22,14,7,2,2936.0,21,Win,Gold
104502,2026-04-12,P020,Harsh,Gekko,Split,20,15,8,12,3336.0,28,Win,Ascendant
107640,2026-02-19,P012,Yash,Omen,Ascent,11,12,6,4,1658.0,29,Loss,Gold
106568,2026-07-23,P003,Amit,Sage,Split,15,13,5,8,3099.0,20,Loss,Iron
108545,2026-08-31,P006,Vivek,Killjoy,Ascent,19,13,2,7,3058.0,19,Loss,Gold
103555,2026-03-22,P004,Rohan,Viper,Ascent,16,18,3,4,1731.0,20,Loss,Silver
100668,2026-04-21,P018,Manish,Chamber,Breeze,5,17,2,4,624.0,29,Loss,Ascendant
106074,2026-09-11,P004,Rohan,Jett,Pearl,17,20,8,7,2950.0,20,Loss,Gold
101056,2026-01-26,P016,Arjun,Chamber,Sunset,13,14,3,8,1970.0,20,Loss,Diamond
105770,2026-06-22,P010,Pratik,Gekko,Lotus,16,10,4,7,2790.0,24,Win,Bronze
102348,2026-06-24,P004,Rohan,Cypher,Pearl,15,18,4,5,1441.0,19,Win,Silver
101768,2026-09-28,P001,Shubham,Omen,Ascent,20,17,5,6,2981.0,19,Loss,Bronze
106854,2026-09-21,P018,Manish,Omen,Bind,3,16,7,1,508.0,23,Win,Platinum
101339,2026-03-10,P006,Vivek,Cypher,Pearl,7,19,10,2,944.0,24,Loss,Silver
100483,2026-09-17,P020,Harsh,Omen,Sunset,20,17,7,4,3720.0,18,Loss,Platinum
104412,2026-08-08,P011,Neeraj,Sova,Sunset,14,14,8,5,2718.0,26,Loss,Gold
106119,2026-08-05,P001,Shubham,Sage,Breeze,34,17,7,17,3917.0,20,Win,Bronze
104657,2026-03-27,P007,Karan,Cypher,Lotus,21,17,4,4,2840.0,29,Win,Immortal
107387,2026-07-15,P002,Rahul,Chamber,Icebox,17,17,1,7,2831.0,21,Win,Gold
106162,2026-04-07,P008,Aditya,Reyna,Lotus,19,16,2,12,2648.0,27,Win,Silver
104222,2026-06-16,P005,Akash,Jett,Lotus,16,14,4,4,2170.0,20,Loss,Iron
109805,2026-06-09,P008,Aditya,Cypher,Breeze,19,10,2,10,3115.0,18,Win,Gold
102425,2026-09-09,P018,Manish,Brimstone,Bind,29,15,8,12,4514.0,26,Win,Ascendant
100718,2026-05-20,P016,Arjun,Brimstone,Ascent,22,10,5,15,3241.0,26,Loss,Iron
108457,2026-07-03,P008,Aditya,Reyna,Icebox,11,19,5,6,1725.0,20,Loss,Platinum
106117,2026-07-05,P019,Ritesh,Sova,Ascent,11,16,3,4,1631.0,27,Loss,Bronze
108579,2026-04-08,P010,Pratik,Gekko,Breeze,3,10,6,0,625.0,24,Loss,Gold
105100,2026-01-24,P001,Shubham,Chamber,Bind,21,11,9,10,3115.0,18,Win,Silver
105781,2026-04-28,P016,Arjun,Chamber,Pearl,5,14,0,1,651.0,30,Loss,Diamond
106505,2026-04-20,P004,Rohan,Omen,Haven,20,17,3,9,3211.0,19,Win,Immortal
102232,2026-09-22,P010,Pratik,Sage,Haven,18,13,5,11,3092.0,21,Win,Platinum
101482,2026-07-18,P009,Sahil,Reyna,Ascent,16,14,5,5,2495.0,29,Loss,Bronze
104393,2026-04-12,P017,Siddhant,Sage,Breeze,18,18,2,4,2802.0,18,Win,Silver
105213,2026-09-29,P002,Rahul,Chamber,Haven,17,16,6,1,3228.0,29,Win,Diamond
106067,2026-09-30,P007,Karan,Jett,Icebox,20,10,1,13,2397.0,22,Win,Silver
108965,2026-07-01,P005,Akash,Cypher,Haven,24,9,3,12,4217.0,29,Win,
108504,2026-09-21,P003,Amit,Sova,Breeze,28,11,7,13,5732.0,21,Win,Platinum
104561,2026-03-03,P017,Siddhant,Cypher,Ascent,16,13,1,9,2244.0,30,Win,Silver
102455,2026-03-29,P008,Aditya,Sage,Breeze,15,16,4,8,2470.0,21,Win,Platinum
108380,2026-02-27,P017,Siddhant,Jett,Breeze,13,10,2,5,1526.0,25,Win,Gold
102260,2026-06-11,P010,Pratik,Brimstone,Split,17,18,8,5,2436.0,20,Win,Bronze
101107,2026-07-12,P020,Harsh,Fade,Sunset,24,22,9,6,4537.0,26,Win,Immortal
109016,2026-08-18,P005,Akash,Killjoy,Breeze,3,16,5,0,576.0,20,Loss,Diamond
100993,2026-08-18,P009,Sahil,Viper,Bind,12,14,10,0,2232.0,26,Win,Platinum
105554,2026-04-29,P013,Ankit,Jett,Bind,20,16,7,6,3636.0,18,Win,Diamond
105729,2026-05-30,P005,Akash,Brimstone,Split,13,10,6,6,1950.0,29,Win,Platinum
108210,2026-06-20,P006,Vivek,Jett,Breeze,12,18,2,5,1646.0,24,Win,Platinum
109272,2026-02-02,P012,Yash,Sage,Ascent,17,14,0,10,1740.0,29,Loss,Platinum
109992,2026-06-27,P013,Ankit,Omen,Haven,13,14,0,4,2302.0,18,Win,Immortal
108083,2026-04-08,P003,Amit,Cypher,Sunset,29,12,5,15,4296.0,26,Win,Gold
102316,2026-04-15,P003,Amit,Chamber,Ascent,15,13,5,6,1784.0,18,Win,Gold
102707,2026-09-26,P014,Varun,Reyna,Icebox,23,20,4,7,3797.0,18,Win,Gold
100795,2026-03-25,P006,Vivek,Fade,Bind,13,13,0,3,2202.0,26,Loss,Immortal
107412,2026-06-19,P019,Ritesh,Brimstone,Ascent,19,14,4,6,3098.0,26,Win,Gold
104418,2026-03-05,P001,Shubham,Phoenix,Haven,3,15,6,1,655.0,19,Loss,Iron
100259,2026-03-05,P020,Harsh,Omen,Sunset,14,17,3,5,1945.0,22,Win,Gold
104288,2026-09-05,P018,Manish,Raze,Sunset,20,12,0,6,1835.0,23,Win,Silver
102698,2026-05-03,P003,Amit,Killjoy,Haven,17,8,7,5,2316.0,21,Loss,Ascendant
102882,2026-09-21,P014,Varun,Viper,Ascent,15,16,9,2,1841.0,20,Loss,Diamond
100487,2026-03-28,P020,Harsh,Sova,Ascent,21,13,5,11,2916.0,30,Win,Platinum
109893,2026-03-12,P006,Vivek,Brimstone,Lotus,22,10,7,9,4150.0,26,Win,Platinum
104216,2026-02-28,P010,Pratik,Chamber,Pearl,27,21,5,17,3797.0,19,Win,Bronze
108259,2026-05-19,P019,Ritesh,Gekko,Bind,16,17,4,11,2051.0,22,Loss,Bronze
106310,2026-06-12,P010,Pratik,Chamber,Sunset,25,20,3,17,4620.0,19,Loss,Gold
103038,2026-07-15,P010,Pratik,Phoenix,Pearl,17,12,3,2,2207.0,18,Win,Bronze
106912,2026-04-03,P008,Aditya,Viper,Lotus,18,16,5,7,2450.0,28,Win,Ascendant
104955,2026-04-27,P019,Ritesh,Viper,Haven,22,17,9,6,2661.0,18,Win,Gold
100096,2026-09-22,P003,Amit,Cypher,Bind,18,18,2,6,2964.0,20,Loss,Diamond
106605,2026-02-17,P005,Akash,Killjoy,Sunset,25,18,10,5,4330.0,27,Win,Platinum
109190,2026-01-10,P001,Shubham,Sova,Split,25,13,3,11,3358.0,20,Loss,Ascendant
103263,2026-07-10,P011,Neeraj,Sage,Haven,19,13,8,3,3271.0,28,Loss,Gold
100119,2026-07-02,P011,Neeraj,Phoenix,Ascent,32,12,2,19,4452.0,26,Loss,Platinum
101446,2026-07-08,P018,Manish,Chamber,Breeze,17,11,8,5,2777.0,21,Win,Ascendant
109174,2026-08-17,P018,Manish,Sova,Sunset,10,13,7,6,1208.0,24,Loss,Gold
103463,2026-03-10,P011,Neeraj,Jett,Icebox,17,19,5,6,1808.0,23,Loss,Platinum
100033,2026-01-10,P018,Manish,Omen,Sunset,15,19,2,7,2081.0,25,Loss,Platinum
108959,2026-03-26,P009,Sahil,Cypher,Icebox,23,21,2,13,5461.0,26,Win,Platinum
109180,2026-07-28,P016,Arjun,Chamber,Split,9,10,8,2,1629.0,18,Win,Diamond
105803,2026-04-14,P008,Aditya,Killjoy,Breeze,17,21,6,8,2869.0,23,Loss,Gold
104205,2026-06-11,P003,Amit,Killjoy,Icebox,4,18,4,2,837.0,24,Win,Ascendant
106319,2026-09-30,P006,Vivek,Sage,Icebox,20,12,6,8,2891.0,22,Win,Silver
109161,2026-04-12,P005,Akash,Cypher,Icebox,10,8,5,6,1483.0,29,Win,Diamond
101746,2026-01-31,P005,Akash,Brimstone,Haven,14,15,0,5,2506.0,19,Win,Gold
107883,2026-08-29,P018,Manish,Raze,Breeze,29,20,11,12,5782.0,28,Loss,Immortal
104914,2026-04-06,P004,Rohan,Jett,Bind,17,14,7,7,1502.0,19,Win,Bronze
109385,2026-03-18,P005,Akash,Sova,Split,11,13,8,5,1869.0,24,Loss,Gold
109292,2026-04-02,P014,Varun,Jett,Lotus,15,14,8,8,3328.0,28,Win,Iron
104936,2026-03-30,P012,Yash,Sova,Sunset,21,12,9,8,3974.0,23,Loss,Gold
102075,2026-07-28,P001,Shubham,Cypher,Bind,30,15,4,8,3856.0,29,Win,Silver
100031,2026-02-16,P003,Amit,Omen,Lotus,28,10,3,10,3947.0,26,Win,Gold
105700,2026-09-01,P014,Varun,Sage,Bind,23,13,5,7,2892.0,18,Win,Platinum
103527,2026-02-11,P016,Arjun,Jett,Icebox,25,20,10,12,2827.0,22,Loss,Gold
100029,2026-05-25,P006,Vivek,Omen,Breeze,20,13,10,10,2979.0,24,Win,Gold
103181,2026-04-07,P005,Akash,Jett,Bind,17,9,2,5,2626.0,19,Loss,Immortal
105071,2026-06-26,P014,Varun,Phoenix,Split,8,13,1,1,1095.0,25,Win,Platinum
104924,2026-07-14,P016,Arjun,Viper,Haven,21,17,3,6,2267.0,19,Loss,Iron
104270,2026-07-17,P017,Siddhant,Brimstone,Breeze,23,11,5,14,4569.0,23,Loss,Platinum
100106,2026-05-29,P012,Yash,Jett,Pearl,14,15,7,8,1656.0,21,Win,Bronze
104264,2026-04-19,P020,Harsh,Phoenix,Pearl,18,18,7,10,3256.0,29,Win,Silver
102150,2026-01-10,P013,Ankit,Jett,Bind,14,8,6,5,2133.0,28,Loss,Platinum
106840,2026-07-03,P005,Akash,Phoenix,Bind,15,8,4,5,2417.0,19,Win,Silver
107474,2026-03-20,P015,Nikhil,Omen,Lotus,16,15,4,11,2249.0,25,Loss,Silver
106202,2026-01-08,P008,Aditya,Sova,Lotus,10,16,5,4,1002.0,29,Loss,Bronze
106595,2026-07-26,P014,Varun,Raze,Pearl,20,17,0,8,2890.0,22,Loss,Bronze
106226,2026-01-25,P003,Amit,Fade,Lotus,13,14,2,5,1980.0,26,Loss,Bronze
101626,2026-07-21,P009,Sahil,Killjoy,Bind,20,12,6,10,3141.0,19,Loss,Silver
105399,2026-09-29,P003,Amit,Jett,Haven,22,9,5,6,3150.0,20,Win,Bronze
108539,2026-06-23,P010,Pratik,Killjoy,Split,16,13,5,5,2389.0,26,Loss,Ascendant
109944,2026-03-19,P004,Rohan,Gekko,Lotus,28,12,0,11,4737.0,24,Win,Platinum
107701,2026-04-28,P006,Vivek,Sage,Haven,11,17,11,6,1853.0,21,Loss,Platinum
106875,2026-01-28,P019,Ritesh,Raze,Split,11,11,3,4,949.0,30,Loss,Gold
101347,2026-03-03,P008,Aditya,Phoenix,Split,18,17,2,7,3032.0,19,Win,Diamond
103768,2026-01-12,P007,Karan,Gekko,Sunset,24,9,5,10,4449.0,26,Loss,Silver
100764,2026-04-22,P020,Harsh,Viper,Lotus,15,10,4,7,2439.0,24,Win,Immortal
107708,2026-01-27,P002,Rahul,Phoenix,Pearl,3,17,5,0,707.0,23,Win,Ascendant
101775,2026-06-09,P013,Ankit,Killjoy,Ascent,24,8,5,8,4850.0,18,Win,Gold
106939,2026-06-04,P001,Shubham,Reyna,Pearl,16,6,5,3,2487.0,21,Loss,Silver
102328,2026-08-06,P004,Rohan,Gekko,Sunset,30,11,3,13,4026.0,28,Win,Bronze
109509,2026-07-15,P018,Manish,Sova,Bind,16,11,8,8,2613.0,18,Win,Bronze
102215,2026-03-27,P002,Rahul,Gekko,Ascent,7,12,5,3,1046.0,22,Loss,Platinum
101631,2026-05-29,P012,Yash,Jett,Split,23,22,9,9,4257.0,21,Win,Silver
101593,2026-07-11,P003,Amit,Jett,Icebox,25,9,7,9,4401.0,30,Win,Diamond
108275,2026-07-13,P012,Yash,Killjoy,Pearl,18,12,7,8,2455.0,28,Win,Gold
106231,2026-07-22,P015,Nikhil,Phoenix,Haven,15,17,5,9,2037.0,30,Win,Diamond
100373,2026-04-17,P019,Ritesh,Viper,Breeze,14,10,9,6,2757.0,30,Loss,Silver
100582,2026-08-05,P008,Aditya,Fade,Pearl,21,16,5,11,2618.0,25,Win,Gold
101688,2026-07-22,P019,Ritesh,Chamber,Lotus,28,17,7,9,4445.0,23,Win,Diamond
105156,2026-02-16,P005,Akash,Cypher,Icebox,19,11,8,9,2931.0,18,Loss,Ascendant
107039,2026-05-26,P004,Rohan,Viper,Split,28,9,4,5,3441.0,20,Loss,Diamond
104537,2026-06-30,P008,Aditya,Raze,Sunset,20,15,4,9,2247.0,28,Loss,Gold
100673,2026-02-12,P018,Manish,Killjoy,Icebox,19,7,1,5,3255.0,19,Win,Gold
100321,2026-09-23,P001,Shubham,Jett,Pearl,12,16,9,4,2147.0,23,Win,Gold
103295,2026-05-08,P006,Vivek,Brimstone,Haven,11,12,9,6,1571.0,22,Loss,Ascendant
108188,2026-05-18,P001,Shubham,Phoenix,Haven,35,7,8,9,3837.0,28,Loss,Gold
107969,2026-01-20,P007,Karan,Cypher,Breeze,19,12,8,12,3502.0,20,Loss,Platinum
105821,2026-03-22,P015,Nikhil,Chamber,Pearl,21,8,6,4,3912.0,20,Win,Iron
103526,2026-06-28,P002,Rahul,Sova,Ascent,18,13,7,12,2220.0,21,Win,Platinum
102486,2026-03-22,P001,Shubham,Reyna,Breeze,23,19,5,8,3306.0,30,Loss,Silver
107930,2026-09-06,P018,Manish,Reyna,Sunset,22,19,5,8,3871.0,26,Loss,Diamond
105382,2026-05-20,P012,Yash,Sova,Lotus,8,14,3,3,1274.0,24,Loss,Platinum
103118,2026-08-25,P004,Rohan,Sova,Sunset,22,14,8,6,3079.0,24,Win,Gold
109287,2026-06-08,P003,Amit,Phoenix,Sunset,21,17,2,11,3209.0,19,Loss,Gold
103312,2026-04-01,P013,Ankit,Sova,Sunset,35,16,4,15,4912.0,18,Loss,Platinum
108839,2026-08-31,P004,Rohan,Cypher,Icebox,7,9,7,1,1515.0,22,Loss,Platinum
106858,2026-02-28,P012,Yash,Phoenix,Bind,15,11,12,5,2111.0,21,Loss,Silver
107505,2026-07-28,P019,Ritesh,Jett,Ascent,20,15,7,7,3657.0,18,Win,Silver
103538,2026-01-25,P003,Amit,Chamber,Ascent,28,10,7,11,4930.0,29,Win,Platinum
106849,2026-03-15,P016,Arjun,Raze,Split,10,15,4,5,1664.0,18,Win,Bronze
107324,2026-03-21,P011,Neeraj,Brimstone,Pearl,16,8,6,6,1896.0,18,Win,Gold
101496,2026-03-05,P015,Nikhil,Brimstone,Split,9,14,5,1,1691.0,19,Win,Bronze
105912,2026-08-28,P005,Akash,Gekko,Split,29,16,4,13,4776.0,25,Loss,Platinum
106113,2026-09-23,P019,Ritesh,Sage,Bind,15,15,3,6,2474.0,30,Win,Platinum
104680,2026-06-14,P015,Nikhil,Phoenix,Ascent,24,15,9,12,4267.0,23,Win,Platinum
104189,2026-01-21,P006,Vivek,Killjoy,Haven,13,11,6,5,1559.0,27,Win,Ascendant
100518,2026-06-20,P016,Arjun,Sova,Split,22,17,6,4,2483.0,27,Win,Silver
103643,2026-06-12,P004,Rohan,Killjoy,Pearl,20,14,6,2,2708.0,21,Loss,Iron
101597,2026-06-18,P019,Ritesh,Sova,Lotus,16,11,6,6,3005.0,27,Win,Platinum
108111,2026-05-22,P019,Ritesh,Omen,Ascent,24,12,4,13,4286.0,18,Win,Silver
101672,2026-03-12,P019,Ritesh,Viper,Split,22,19,8,9,2642.0,29,Win,Platinum
104884,2026-06-27,P006,Vivek,Sage,Lotus,10,7,9,3,1394.0,26,Loss,Platinum
103139,2026-02-18,P015,Nikhil,Brimstone,Split,3,18,9,0,596.0,26,Win,Platinum
100735,2026-06-03,P008,Aditya,Sova,Icebox,16,20,10,4,3142.0,29,Loss,Platinum
100958,2026-03-03,P013,Ankit,Phoenix,Ascent,27,21,1,10,3622.0,28,Win,Gold
107582,2026-03-05,P014,Varun,Viper,Ascent,15,16,10,5,2491.0,19,Loss,Silver
105053,2026-05-18,P011,Neeraj,Viper,Split,18,6,4,12,3249.0,26,Loss,Platinum
104237,2026-08-01,P003,Amit,Viper,Icebox,23,12,1,17,3240.0,22,Loss,Diamond
102954,2026-01-08,P006,Vivek,Gekko,Lotus,7,14,5,3,1005.0,22,Loss,Silver
100311,2026-07-17,P001,Shubham,Raze,Sunset,13,10,7,5,1872.0,22,Loss,Platinum
103844,2026-08-22,P012,Yash,Jett,Split,16,11,9,9,2692.0,23,Loss,Platinum
107422,2026-04-15,P015,Nikhil,Reyna,Sunset,10,13,9,4,1539.0,30,Loss,Silver
108079,2026-07-13,P008,Aditya,Viper,Bind,3,15,6,1,688.0,30,Win,Iron
109198,2026-05-29,P013,Ankit,Sova,Split,23,19,5,11,,27,Loss,Platinum
109928,2026-01-16,P015,Nikhil,Viper,Ascent,14,21,3,4,1586.0,21,Win,Silver
106502,2026-02-14,P002,Rahul,Phoenix,Ascent,23,12,5,9,3725.0,25,Win,Gold
108722,2026-03-14,P006,Vivek,Phoenix,Ascent,18,9,5,6,2663.0,20,Win,Ascendant
106351,2026-01-13,P019,Ritesh,Omen,Haven,5,14,8,3,767.0,18,Loss,Ascendant
107349,2026-05-27,P016,Arjun,Jett,Lotus,21,10,7,5,3849.0,26,Loss,Silver
106039,2026-01-19,P014,Varun,Gekko,Lotus,15,7,12,2,1960.0,29,Win,Gold
100450,2026-05-19,P016,Arjun,Brimstone,Sunset,24,16,3,11,2707.0,30,Win,Gold
104201,2026-01-17,P014,Varun,Jett,Lotus,18,12,4,8,2114.0,23,Win,Gold
100092,2026-05-31,P018,Manish,Killjoy,Icebox,22,17,3,5,3178.0,30,Win,Diamond
101360,2026-05-04,P005,Akash,Killjoy,Ascent,28,15,3,12,4795.0,28,Loss,Silver
109420,2026-06-29,P015,Nikhil,Jett,Split,24,13,14,11,3427.0,24,Loss,Gold
100624,2026-05-01,P005,Akash,Chamber,Icebox,16,10,3,7,2647.0,25,Loss,Bronze
102522,2026-05-31,P007,Karan,Fade,Lotus,16,11,4,8,2230.0,25,Win,Silver
104773,2026-05-10,P002,Rahul,Sova,Split,22,17,6,6,4196.0,29,Win,Silver
101803,2026-02-24,P018,Manish,Cypher,Haven,5,14,10,4,1124.0,18,Loss,Ascendant
102771,2026-06-07,P010,Pratik,Phoenix,Bind,10,16,2,3,1489.0,19,Win,Gold
107150,2026-02-12,P019,Ritesh,Gekko,Haven,24,17,4,9,4215.0,19,Win,Gold
108136,2026-05-08,P005,Akash,Viper,Ascent,12,17,2,5,2040.0,29,Loss,Gold
103777,2026-07-27,P003,Amit,Sova,Icebox,37,12,4,11,5063.0,21,Loss,Ascendant
103941,2026-03-15,P006,Vivek,Fade,Lotus,16,11,6,2,1337.0,24,Win,Gold
103080,2026-01-28,P014,Varun,Brimstone,Haven,9,15,12,5,1596.0,23,Loss,Platinum
107347,2026-01-13,P002,Rahul,Jett,Split,11,14,3,6,1486.0,27,Loss,Bronze
107873,2026-04-01,P020,Harsh,Brimstone,Ascent,31,10,6,3,4541.0,30,Win,Diamond
105137,2026-01-29,P013,Ankit,Phoenix,Lotus,14,11,5,7,1932.0,24,Win,Silver
107728,2026-04-08,P013,Ankit,Viper,Lotus,23,16,4,11,4137.0,25,Win,Silver
103458,2026-04-05,P004,Rohan,Reyna,Lotus,16,6,9,3,3239.0,22,Loss,Bronze
103746,2026-05-21,P003,Amit,Sova,Split,14,13,5,4,2728.0,19,Win,Diamond
109227,2026-07-13,P008,Aditya,Chamber,Sunset,27,6,0,12,4245.0,25,Loss,Iron
102178,2026-05-17,P005,Akash,Killjoy,Pearl,17,17,0,9,2216.0,30,Win,Silver
104932,2026-03-13,P019,Ritesh,Viper,Lotus,15,16,1,9,2115.0,30,Win,Immortal
102874,2026-07-22,P005,Akash,Sova,Bind,16,8,8,7,1522.0,27,Loss,Platinum
104023,2026-01-09,P003,Amit,Gekko,Lotus,20,20,8,7,2970.0,24,Win,Platinum
104793,2026-07-22,P008,Aditya,Sova,Split,13,12,9,5,2630.0,26,Win,Bronze
102531,2026-07-05,P020,Harsh,Reyna,Split,3,11,2,1,505.0,25,Loss,Silver
109245,2026-09-05,P014,Varun,Sage,Bind,27,18,8,5,4567.0,21,Loss,Bronze
107248,2026-04-12,P019,Ritesh,Phoenix,Icebox,3,12,5,2,652.0,27,Win,Diamond
100439,2026-05-05,P003,Amit,Reyna,Split,5,13,7,0,1006.0,27,Loss,Immortal
103635,2026-08-03,P001,Shubham,Gekko,Lotus,12,13,8,1,1334.0,19,Loss,Platinum
100088,2026-02-10,P014,Varun,Sova,Split,3,19,6,0,566.0,23,Win,Platinum
105766,2026-05-30,P008,Aditya,Jett,Bind,14,11,11,6,1766.0,22,Win,Diamond
105650,2026-06-20,P018,Manish,Jett,Lotus,19,12,5,8,2424.0,22,Win,Ascendant
106577,2026-06-07,P010,Pratik,Sage,Split,19,18,11,6,3876.0,21,Win,Gold
109010,2026-07-27,P016,Arjun,Sage,Ascent,15,11,3,7,1951.0,23,Win,Gold
104386,2026-06-10,P020,Harsh,Fade,Icebox,19,11,4,11,3867.0,18,Win,Iron
101530,2026-01-11,P013,Ankit,Jett,Sunset,18,9,0,4,2163.0,29,Win,Silver
108814,2026-05-31,P016,Arjun,Reyna,Haven,29,19,6,8,4686.0,21,Win,Gold
101599,2026-04-05,P015,Nikhil,Sage,Icebox,5,10,0,2,594.0,18,Win,Diamond
106297,2026-06-09,P003,Amit,Sova,Ascent,27,12,5,10,3272.0,27,Loss,Gold
106032,2026-01-15,P005,Akash,Killjoy,Icebox,21,7,7,7,4058.0,20,Win,Diamond
108929,2026-04-28,P008,Aditya,Reyna,Haven,12,18,4,4,1970.0,23,Loss,Diamond
107236,2026-09-27,P011,Neeraj,Sage,Bind,23,11,4,14,1934.0,26,Win,Platinum
108682,2026-03-31,P009,Sahil,Gekko,Lotus,17,8,0,8,3313.0,29,Win,Diamond
103055,2026-07-15,P015,Nikhil,Brimstone,Split,15,12,4,4,1969.0,18,Loss,Immortal
104217,2026-07-29,P016,Arjun,Reyna,Sunset,15,14,4,6,2277.0,27,Win,Immortal
106811,2026-01-16,P008,Aditya,Raze,Ascent,24,17,7,9,4167.0,23,Loss,Silver
100532,2026-07-19,P005,Akash,Sova,Ascent,30,15,7,11,4207.0,25,Loss,Gold
101512,2026-03-03,P005,Akash,Gekko,Breeze,24,19,0,12,2280.0,24,Win,Diamond
101513,2026-07-30,P018,Manish,Cypher,Sunset,27,13,2,15,3400.0,20,Loss,Ascendant
107959,2026-08-09,P009,Sahil,Raze,Ascent,22,19,9,9,2972.0,25,Win,Iron
109833,2026-02-02,P019,Ritesh,Raze,Haven,18,20,1,12,2223.0,30,Win,Silver
108128,2026-08-18,P003,Amit,Sage,Icebox,24,8,5,6,4098.0,29,Loss,Silver
102766,2026-03-15,P010,Pratik,Phoenix,Split,13,11,6,6,1630.0,19,Loss,Diamond
100108,2026-03-08,P010,Pratik,Chamber,Icebox,9,12,4,4,1405.0,24,Loss,Silver
102055,2026-03-12,P001,Shubham,Reyna,Icebox,25,14,5,11,4766.0,30,Loss,Silver
103782,2026-06-06,P014,Varun,Sage,Split,17,13,2,10,2931.0,26,Win,Gold
105928,2026-02-19,P008,Aditya,Gekko,Lotus,20,17,4,8,2909.0,19,Loss,Ascendant
102127,2026-01-10,P008,Aditya,Phoenix,Bind,17,17,2,11,2481.0,28,Loss,Ascendant
100713,2026-05-10,P003,Amit,Sage,Sunset,29,9,4,18,3162.0,21,Loss,Diamond
105707,2026-03-07,P017,Siddhant,Viper,Haven,26,19,4,12,5091.0,30,Win,Gold
105303,2026-03-23,P015,Nikhil,Raze,Sunset,18,9,2,9,3403.0,25,Loss,Iron
101402,2026-07-17,P015,Nikhil,Gekko,Pearl,24,11,6,11,3493.0,21,Loss,Diamond
108687,2026-08-07,P014,Varun,Jett,Icebox,9,13,7,4,1642.0,28,Loss,Iron
108606,2026-05-03,P014,Varun,Sage,Bind,20,13,5,7,3450.0,20,Loss,Immortal
106593,2026-03-28,P005,Akash,Sova,Sunset,23,14,5,15,3463.0,19,Loss,Diamond
109641,2026-01-22,P017,Siddhant,Chamber,Ascent,14,11,8,5,2397.0,21,Win,Silver
106476,2026-03-22,P014,Varun,Killjoy,Split,24,11,6,5,4524.0,19,Loss,Ascendant
109825,2026-06-18,P011,Neeraj,Killjoy,Icebox,13,16,5,7,1768.0,24,Win,Diamond
108546,2026-04-15,P009,Sahil,Chamber,Split,11,14,1,3,959.0,28,Loss,Ascendant
105424,2026-05-07,P005,Akash,Killjoy,Lotus,11,12,9,2,1744.0,18,Loss,Gold
108685,2026-02-06,P006,Vivek,Sage,Sunset,5,12,5,1,771.0,22,Loss,Diamond
100647,2026-05-25,P014,Varun,Killjoy,Pearl,16,14,6,7,2697.0,27,Loss,Silver
100765,2026-01-07,P010,Pratik,Killjoy,Split,24,17,6,16,3290.0,22,Loss,Gold
103309,2026-06-25,P018,Manish,Raze,Breeze,32,13,9,17,5023.0,21,Loss,Bronze
109045,2026-04-22,P016,Arjun,Phoenix,Ascent,11,11,6,7,2040.0,30,Loss,Bronze
103329,2026-08-01,P018,Manish,Phoenix,Breeze,25,16,5,9,3508.0,24,Loss,Platinum
101121,2026-05-26,P014,Varun,Phoenix,Bind,24,19,6,13,3452.0,19,Loss,Bronze
103502,2026-09-08,P010,Pratik,Gekko,Haven,18,13,8,2,3465.0,29,Win,Platinum
107563,2026-03-06,P013,Ankit,Chamber,Haven,20,8,5,7,2743.0,26,Loss,Silver
104337,2026-01-18,P019,Ritesh,Phoenix,Icebox,16,18,6,6,2444.0,20,Win,Ascendant
103288,2026-08-25,P019,Ritesh,Chamber,Breeze,19,14,13,9,3558.0,30,Loss,Platinum
107478,2026-03-15,P019,Ritesh,Omen,Sunset,16,16,5,9,2597.0,24,Loss,Diamond
109073,2026-03-05,P017,Siddhant,Sage,Lotus,16,10,6,5,2928.0,20,Win,Bronze
105395,2026-01-29,P012,Yash,Reyna,Split,23,14,4,8,2586.0,20,Win,Platinum
107635,2026-07-16,P001,Shubham,Brimstone,Pearl,12,11,5,2,2299.0,25,Win,Bronze
108742,2026-04-07,P019,Ritesh,Phoenix,Sunset,26,9,8,15,4792.0,20,Loss,Gold
107334,2026-07-07,P008,Aditya,Sage,Bind,17,7,2,11,2430.0,27,Loss,Gold
109897,2026-09-15,P008,Aditya,Raze,Split,7,9,10,4,1090.0,21,Win,Silver
103400,2026-06-08,P009,Sahil,Reyna,Icebox,8,13,0,5,1515.0,19,Loss,Gold
102753,2026-03-29,P011,Neeraj,Sage,Split,20,14,5,12,2844.0,29,Loss,Gold
102973,2026-03-08,P002,Rahul,Reyna,Breeze,19,15,8,11,2339.0,26,Loss,Bronze
105748,2026-02-22,P009,Sahil,Gekko,Haven,21,21,4,10,3619.0,19,Win,Ascendant
107410,2026-02-14,P018,Manish,Raze,Bind,14,13,2,4,1666.0,21,Loss,Ascendant
108291,2026-04-03,P003,Amit,Gekko,Lotus,23,11,0,11,2594.0,21,Loss,Bronze
104908,2026-02-23,P001,Shubham,Raze,Split,28,14,3,9,4613.0,18,Loss,Platinum
108278,2026-07-10,P005,Akash,Killjoy,Lotus,30,14,0,3,5029.0,30,Win,Diamond
109906,2026-02-26,P005,Akash,Sage,Split,31,16,8,5,3875.0,29,Loss,Diamond
103404,2026-08-03,P007,Karan,Omen,Haven,17,15,4,5,1742.0,20,Loss,Gold
100360,2026-03-28,P016,Arjun,Fade,Bind,38,8,1,15,5462.0,18,Win,Diamond
103065,2026-05-10,P017,Siddhant,Omen,Icebox,19,13,8,8,2046.0,28,Loss,Immortal
107417,2026-01-16,P009,Sahil,Cypher,Icebox,27,17,9,11,3828.0,24,Win,Platinum
105011,2026-04-19,P002,Rahul,Sage,Bind,19,18,6,10,1894.0,22,Loss,Silver
106429,2026-02-06,P017,Siddhant,Raze,Icebox,38,14,5,10,6500.0,21,Win,Diamond
107448,2026-01-27,P019,Ritesh,Fade,Ascent,14,16,4,5,2740.0,19,Loss,Diamond
103209,2026-06-17,P006,Vivek,Raze,Split,16,12,3,3,1473.0,21,Win,Gold
101310,2026-08-11,P012,Yash,Fade,Sunset,14,11,8,6,1670.0,18,Loss,Silver
102689,2026-03-21,P017,Siddhant,Raze,Breeze,17,14,10,3,3038.0,30,Win,Gold
107568,2026-06-09,P006,Vivek,Sage,Ascent,18,6,13,4,2293.0,21,Loss,Gold
108429,2026-01-24,P013,Ankit,Reyna,Lotus,14,15,7,8,2386.0,25,Loss,Platinum
109279,2026-01-11,P011,Neeraj,Gekko,Split,14,18,9,7,2169.0,28,Loss,Bronze
101825,2026-02-05,P002,Rahul,Phoenix,Bind,7,12,5,1,1208.0,19,Loss,Ascendant
108157,2026-04-11,P010,Pratik,Raze,Bind,6,17,4,4,658.0,26,Win,Ascendant
108980,2026-02-18,P019,Ritesh,Brimstone,Bind,13,11,8,8,1932.0,22,Loss,Silver
107464,2026-07-10,P005,Akash,Sova,Haven,10,12,1,3,1608.0,28,Loss,Silver
106994,2026-08-12,P020,Harsh,Fade,Icebox,14,13,11,6,2284.0,20,Loss,Platinum
109589,2026-03-23,P014,Varun,Jett,Breeze,19,15,9,6,3550.0,23,Win,Gold
102742,2026-04-01,P003,Amit,Omen,Split,28,11,4,14,4106.0,26,Win,Diamond
102751,2026-07-14,P019,Ritesh,Sage,Ascent,17,14,6,7,2533.0,21,Loss,Gold
109863,2026-01-03,P009,Sahil,Chamber,Sunset,21,14,6,6,2959.0,27,Loss,Bronze
105865,2026-07-07,P006,Vivek,Cypher,Ascent,24,17,7,13,3512.0,25,Win,Platinum
109847,2026-04-06,P018,Manish,Phoenix,Icebox,19,11,4,10,3004.0,26,Loss,Gold
100500,2026-06-03,P008,Aditya,Brimstone,Bind,18,7,8,8,2820.0,27,Loss,Gold
105173,2026-09-27,P004,Rohan,Chamber,Pearl,27,13,9,11,3409.0,28,Win,Gold
105034,2026-05-10,P013,Ankit,Omen,Lotus,14,16,4,10,2522.0,25,Win,Silver
103997,2026-04-12,P008,Aditya,Raze,Sunset,29,13,8,14,4739.0,22,Win,Immortal
104850,2026-05-07,P009,Sahil,Chamber,Pearl,20,7,8,6,3208.0,18,Loss,Diamond
101330,2026-02-24,P015,Nikhil,Chamber,Breeze,15,14,3,6,1683.0,26,Loss,Diamond
101606,2026-02-27,P010,Pratik,Reyna,Icebox,30,14,6,13,4959.0,27,Loss,Gold
102777,2026-02-18,P017,Siddhant,Reyna,Breeze,17,13,0,7,2944.0,24,Loss,Silver
109357,2026-06-02,P008,Aditya,Omen,Breeze,14,13,4,7,1977.0,21,Win,Gold
104922,2026-01-13,P006,Vivek,Sage,Sunset,26,18,5,7,4327.0,25,Win,Ascendant
106880,2026-01-22,P005,Akash,Raze,Pearl,10,19,2,4,1081.0,22,Loss,Bronze
105259,2026-04-13,P003,Amit,Cypher,Split,19,14,6,11,2890.0,22,Loss,Ascendant
107238,2026-05-31,P004,Rohan,Phoenix,Lotus,15,10,11,7,3015.0,24,Win,Ascendant
108464,2026-07-22,P017,Siddhant,Viper,Sunset,18,13,11,4,3082.0,23,Loss,Ascendant
105033,2026-06-21,P014,Varun,Raze,Ascent,15,13,5,12,3237.0,19,Loss,Platinum
102114,2026-08-11,P020,Harsh,Brimstone,Bind,23,9,11,13,3396.0,28,Win,Diamond
103352,2026-05-13,P018,Manish,Chamber,Lotus,25,9,4,13,4622.0,24,Loss,Diamond
109429,2026-01-20,P012,Yash,Omen,Haven,16,24,11,9,2239.0,22,Loss,Platinum
103101,2026-09-22,P014,Varun,Raze,Haven,22,11,7,7,2552.0,19,Loss,Gold
101877,2026-03-11,P011,Neeraj,Raze,Pearl,20,19,0,9,3294.0,18,Loss,Platinum
106073,2026-05-22,P019,Ritesh,Reyna,Ascent,9,15,2,2,1203.0,24,Win,
104797,2026-08-30,P006,Vivek,Sova,Pearl,8,13,8,5,1247.0,29,Loss,Platinum
107145,2026-05-03,P018,Manish,Gekko,Split,14,23,9,6,2361.0,18,Loss,Diamond
107313,2026-07-26,P003,Amit,Fade,Split,20,6,0,8,3505.0,23,Win,Platinum
102464,2026-02-26,P003,Amit,Cypher,Lotus,7,17,8,3,1015.0,29,Win,Gold
109401,2026-03-15,P001,Shubham,Raze,Bind,18,15,11,9,3527.0,26,Loss,Platinum
105196,2026-06-06,P003,Amit,Viper,Pearl,19,18,6,7,2720.0,20,Loss,Diamond
101886,2026-09-20,P006,Vivek,Jett,Lotus,12,14,4,4,1598.0,21,Loss,Ascendant
105428,2026-08-17,P009,Sahil,Cypher,Breeze,29,19,6,17,3527.0,24,Loss,Platinum
106025,2026-06-29,P007,Karan,Gekko,Pearl,12,16,10,4,1720.0,30,Win,Gold
106455,2026-08-23,P008,Aditya,Reyna,Sunset,24,15,10,11,3727.0,23,Win,Platinum
104604,2026-08-23,P001,Shubham,Raze,Ascent,18,13,9,6,2265.0,27,Win,Bronze
105263,2026-07-07,P014,Varun,Jett,Sunset,18,11,0,6,3093.0,24,Loss,Platinum
100014,2026-07-13,P003,Amit,Reyna,Bind,8,10,5,4,1134.0,23,Loss,Platinum
101741,2026-03-11,P013,Ankit,Fade,Sunset,19,7,8,5,3760.0,21,Loss,Platinum
107573,2026-07-04,P019,Ritesh,Omen,Bind,13,22,10,4,1642.0,21,Loss,Silver
105290,2026-02-20,P014,Varun,Cypher,Breeze,21,9,6,11,2485.0,23,Loss,Platinum
105617,2026-04-06,P020,Harsh,Sova,Icebox,11,10,7,4,1662.0,18,Loss,Ascendant
109765,2026-06-11,P007,Karan,Omen,Bind,8,9,3,6,1015.0,28,Win,Gold
106874,2026-05-21,P018,Manish,Omen,Bind,9,13,7,3,1374.0,19,Win,Ascendant
109115,2026-02-12,P007,Karan,Raze,Pearl,18,13,9,4,3370.0,25,Loss,Immortal
102249,2026-04-13,P007,Karan,Cypher,Ascent,17,16,15,8,2990.0,26,Win,Diamond
101558,2026-02-24,P018,Manish,Phoenix,Breeze,28,11,7,10,4178.0,29,Win,Ascendant
100333,2026-03-18,P002,Rahul,Brimstone,Bind,21,15,6,6,4053.0,22,Win,Ascendant
102149,2026-04-26,P008,Aditya,Sage,Icebox,9,10,1,5,1160.0,22,Loss,Diamond
103298,2026-09-18,P001,Shubham,Chamber,Split,18,21,4,5,3232.0,21,Loss,Immortal
106555,2026-02-02,P018,Manish,Cypher,Ascent,16,11,11,6,1994.0,24,Win,Iron
101183,2026-07-18,P012,Yash,Reyna,Sunset,18,12,8,10,2309.0,30,Loss,Silver
100568,2026-09-14,P020,Harsh,Phoenix,Icebox,14,9,3,5,2305.0,22,Win,Immortal
102287,2026-03-09,P006,Vivek,Chamber,Bind,8,20,4,1,1340.0,18,Win,Platinum
100263,2026-04-16,P010,Pratik,Killjoy,Bind,14,14,5,10,1694.0,25,Win,Gold
100621,2026-05-26,P012,Yash,Viper,Icebox,17,11,7,2,2365.0,18,Win,Platinum
104535,2026-08-13,P017,Siddhant,Sage,Haven,16,12,2,4,2761.0,27,Loss,Silver
102620,2026-05-18,P003,Amit,Phoenix,Haven,28,11,0,8,4095.0,30,Loss,Iron
108565,2026-02-23,P004,Rohan,Raze,Ascent,20,13,0,9,1497.0,21,Win,Diamond
100576,2026-09-17,P006,Vivek,Viper,Pearl,20,10,5,7,2619.0,25,Loss,Platinum
105389,2026-08-10,P012,Yash,Brimstone,Icebox,23,12,6,7,4151.0,22,Win,Diamond
106496,2026-06-17,P012,Yash,Jett,Sunset,21,10,4,7,3263.0,24,Loss,Gold
104003,2026-05-21,P019,Ritesh,Viper,Ascent,24,14,6,7,3755.0,20,Win,Platinum
100623,2026-04-28,P009,Sahil,Raze,Split,13,14,4,7,1340.0,19,Loss,Ascendant
106334,2026-06-11,P015,Nikhil,Gekko,Icebox,13,18,8,4,2080.0,22,Win,Platinum
104453,2026-07-02,P016,Arjun,Viper,Icebox,18,11,8,11,3118.0,26,Win,Platinum
109297,2026-04-06,P014,Varun,Fade,Ascent,9,16,2,6,1499.0,30,Win,Gold
104560,2026-07-20,P008,Aditya,Gekko,Haven,15,13,3,6,1503.0,22,Win,Silver
101595,2026-04-16,P020,Harsh,Chamber,Sunset,18,13,5,5,2646.0,22,Win,Gold
106312,2026-08-07,P013,Ankit,Fade,Split,28,9,6,10,3421.0,30,Win,Diamond
103666,2026-03-02,P012,Yash,Gekko,Pearl,10,10,6,5,1468.0,26,Win,Ascendant
103128,2026-03-17,P012,Yash,Gekko,Breeze,7,21,5,5,806.0,21,Win,Platinum
102957,2026-09-04,P005,Akash,Sova,Split,20,21,3,7,2737.0,19,Win,Gold
100367,2026-08-13,P006,Vivek,Chamber,Sunset,23,12,10,11,2890.0,26,Win,Silver
103007,2026-03-07,P012,Yash,Raze,Sunset,7,9,7,2,987.0,18,Win,Iron
107001,2026-06-17,P009,Sahil,Phoenix,Ascent,16,14,10,5,2216.0,22,Loss,Diamond
100952,2026-03-03,P005,Akash,Jett,Ascent,17,14,4,5,2523.0,21,Win,Ascendant
101076,2026-01-31,P009,Sahil,Phoenix,Lotus,17,18,8,7,2978.0,22,Win,Silver
107807,2026-03-10,P020,Harsh,Fade,Bind,9,19,7,3,1543.0,18,Win,Silver
109889,2026-06-07,P013,Ankit,Brimstone,Haven,31,18,7,12,4496.0,25,Win,Diamond
108222,2026-02-22,P001,Shubham,Omen,Ascent,13,10,5,4,1818.0,24,Win,Silver
105916,2026-09-20,P007,Karan,Cypher,Split,21,13,9,12,3841.0,24,Loss,Platinum
108441,2026-09-16,P020,Harsh,Chamber,Haven,22,12,0,5,4243.0,25,Loss,Diamond
108481,2026-09-15,P019,Ritesh,Cypher,Sunset,16,10,0,4,2307.0,26,Loss,Iron
104031,2026-05-06,P018,Manish,Sage,Haven,3,16,8,2,855.0,27,Win,Platinum
102039,2026-07-05,P011,Neeraj,Omen,Split,16,15,4,6,2798.0,21,Loss,Bronze
101156,2026-08-03,P016,Arjun,Raze,Bind,8,18,1,4,841.0,20,Loss,Silver
108261,2026-02-10,P001,Shubham,Fade,Pearl,25,11,11,12,1682.0,24,Loss,Iron
108193,2026-04-14,P020,Harsh,Omen,Pearl,9,11,8,5,1338.0,18,Win,Diamond
101494,2026-04-24,P005,Akash,Raze,Bind,7,13,7,5,1447.0,24,Win,Platinum
106128,2026-06-07,P010,Pratik,Killjoy,Lotus,12,10,7,3,1761.0,21,Loss,Diamond
103460,2026-08-04,P001,Shubham,Brimstone,Icebox,12,14,4,1,1684.0,23,Win,Silver
104525,2026-06-09,P002,Rahul,Jett,Pearl,22,12,5,10,3931.0,21,Win,Platinum
108559,2026-06-21,P015,Nikhil,Killjoy,Sunset,7,17,2,3,818.0,24,Loss,Gold
108296,2026-07-01,P015,Nikhil,Raze,Icebox,13,19,0,3,2018.0,27,Win,Ascendant
101155,2026-09-25,P013,Ankit,Jett,Icebox,11,7,6,5,1619.0,18,Loss,Silver
100655,2026-01-18,P002,Rahul,Killjoy,Ascent,19,16,5,5,2090.0,23,Win,Gold
107610,2026-09-04,P020,Harsh,Viper,Haven,10,14,8,0,1816.0,26,Loss,Bronze
100101,2026-04-18,P005,Akash,Jett,Haven,14,14,3,3,1631.0,19,Loss,Bronze
103039,2026-03-08,P008,Aditya,Raze,Split,21,12,8,7,2855.0,29,Loss,Silver
107829,2026-01-07,P016,Arjun,Raze,Icebox,10,11,10,5,2078.0,30,Win,Gold
100303,2026-09-04,P006,Vivek,Brimstone,Bind,18,16,7,7,2680.0,25,Win,Silver
100076,2026-03-15,P013,Ankit,Omen,Icebox,22,24,6,9,3040.0,26,Win,Diamond
108246,2026-01-23,P003,Amit,Phoenix,Lotus,10,15,4,7,1407.0,19,Win,Bronze
107713,2026-04-21,P005,Akash,Killjoy,Ascent,21,17,8,6,2457.0,29,Win,Ascendant
109751,2026-02-08,P018,Manish,Sage,Pearl,10,16,1,4,988.0,26,Loss,Diamond
103872,2026-04-12,P007,Karan,Viper,Haven,15,15,0,4,2353.0,24,Loss,Silver
105853,2026-09-01,P014,Varun,Sova,Lotus,8,20,6,5,1125.0,22,Loss,Silver
105508,2026-03-08,P007,Karan,Sova,Pearl,14,19,2,7,1477.0,26,Loss,Gold
109853,2026-04-15,P002,Rahul,Phoenix,Ascent,27,22,9,14,4997.0,23,Loss,Silver
108019,2026-08-10,P002,Rahul,Sage,Breeze,11,18,8,5,2322.0,25,Win,Platinum
108239,2026-04-10,P009,Sahil,Fade,Lotus,12,15,9,5,1502.0,28,Win,Iron
109430,2026-04-04,P009,Sahil,Cypher,Split,14,13,7,5,2540.0,21,Win,Diamond
106500,2026-04-09,P014,Varun,Phoenix,Breeze,23,7,0,4,2629.0,22,Loss,Ascendant
100346,2026-06-21,P006,Vivek,Gekko,Split,12,19,10,3,2206.0,30,Loss,Platinum
101224,2026-02-26,P001,Shubham,Reyna,Haven,31,18,3,11,5092.0,21,Loss,Bronze
100761,2026-08-02,P005,Akash,Raze,Sunset,14,11,6,8,1740.0,29,Win,Diamond
104802,2026-08-04,P014,Varun,Reyna,Icebox,3,20,7,2,532.0,25,Loss,Ascendant
101087,2026-06-12,P014,Varun,Viper,Pearl,11,23,9,2,1868.0,18,Loss,Diamond
105267,2026-03-21,P013,Ankit,Fade,Split,9,12,4,2,1470.0,21,Win,Gold
100003,2026-02-23,P004,Rohan,Sova,Icebox,16,15,9,9,2182.0,27,Loss,Platinum
109439,2026-07-18,P014,Varun,Chamber,Ascent,18,10,5,6,2666.0,29,Loss,Gold
105680,2026-04-10,P019,Ritesh,Fade,Ascent,9,15,4,1,1258.0,20,Loss,Platinum
100290,2026-04-13,P015,Nikhil,Jett,Sunset,16,12,0,5,2776.0,24,Win,Silver
101576,2026-06-28,P003,Amit,Chamber,Ascent,23,11,6,15,4166.0,19,Loss,Iron
103251,2026-02-14,P009,Sahil,Sage,Icebox,23,18,6,6,4003.0,29,Win,Gold
107021,2026-05-13,P019,Ritesh,Sage,Pearl,25,13,9,14,3929.0,20,Win,Ascendant
108279,2026-08-18,P011,Neeraj,Raze,Icebox,19,14,3,7,2638.0,27,Win,Silver
104598,2026-09-08,P017,Siddhant,Fade,Split,7,20,9,3,1331.0,29,Win,Silver
109943,2026-05-30,P009,Sahil,Phoenix,Pearl,27,20,5,10,3768.0,28,Loss,Gold
108728,2026-03-16,P018,Manish,Brimstone,Sunset,22,5,8,6,3826.0,27,Win,Diamond
109607,2026-04-11,P010,Pratik,Sage,Breeze,13,17,3,4,1660.0,25,Win,Diamond
100135,2026-06-13,P011,Neeraj,Cypher,Breeze,23,15,5,7,4116.0,22,Win,Ascendant
102688,2026-08-05,P017,Siddhant,Jett,Sunset,25,22,6,11,4816.0,23,Win,Gold
107929,2026-07-26,P003,Amit,Cypher,Ascent,15,18,0,8,2471.0,26,Loss,Diamond
106248,2026-08-13,P006,Vivek,Omen,Bind,26,14,11,8,4180.0,26,Win,Platinum
106601,2026-02-03,P006,Vivek,Reyna,Bind,23,14,4,13,3550.0,23,Win,Gold
108187,2026-09-17,P011,Neeraj,Chamber,Lotus,16,21,0,8,2217.0,22,Loss,Silver
108280,2026-02-24,P012,Yash,Brimstone,Bind,12,10,2,2,1619.0,26,Loss,Gold
103095,2026-03-30,P006,Vivek,Fade,Split,22,13,1,14,3259.0,23,Win,Platinum
102996,2026-07-20,P019,Ritesh,Phoenix,Breeze,5,19,9,1,965.0,25,Win,Platinum
101805,2026-03-09,P009,Sahil,Killjoy,Bind,14,12,2,9,1906.0,21,Win,Bronze
102498,2026-06-10,P005,Akash,Sage,Breeze,30,15,6,10,4246.0,26,Loss,Bronze
104420,2026-07-16,P006,Vivek,Omen,Haven,7,18,10,4,1003.0,22,Win,Platinum
105376,2026-07-17,P010,Pratik,Cypher,Breeze,12,11,1,4,1452.0,24,Win,Platinum
106707,2026-04-24,P015,Nikhil,Fade,Icebox,23,11,3,10,4452.0,19,Win,Gold
108649,2026-05-06,P015,Nikhil,Gekko,Icebox,29,15,3,8,3353.0,30,Win,Ascendant
104907,2026-06-25,P014,Varun,Gekko,Haven,13,14,11,8,2380.0,18,Win,Gold
104119,2026-07-03,P003,Amit,Killjoy,Ascent,26,12,6,4,3997.0,28,Win,Gold
108675,2026-02-22,P006,Vivek,Sage,Icebox,18,19,7,6,2402.0,29,Win,Silver
100330,2026-06-29,P010,Pratik,Brimstone,Pearl,26,7,5,8,3765.0,27,Loss,Platinum
106832,2026-06-01,P007,Karan,Fade,Breeze,14,19,1,7,2062.0,22,Win,Silver
101472,2026-06-26,P008,Aditya,Cypher,Icebox,24,17,4,13,3731.0,30,Loss,Ascendant
101662,2026-02-24,P007,Karan,Viper,Split,26,16,1,7,4653.0,22,Win,Diamond
105470,2026-09-05,P002,Rahul,Fade,Breeze,26,20,13,13,3582.0,19,Loss,Iron
102492,2026-02-21,P006,Vivek,Phoenix,Ascent,22,13,6,10,3384.0,26,Loss,Platinum
104894,2026-01-25,P020,Harsh,Killjoy,Haven,15,19,5,7,2411.0,26,Loss,Gold
109763,2026-03-28,P004,Rohan,Brimstone,Ascent,15,14,3,9,1944.0,25,Win,Ascendant
107856,2026-09-01,P010,Pratik,Sova,Sunset,17,10,6,13,2522.0,28,Loss,Platinum
106175,2026-02-03,P009,Sahil,Omen,Lotus,23,14,3,9,2609.0,23,Win,Ascendant
101833,2026-08-04,P016,Arjun,Fade,Breeze,22,20,4,14,2901.0,27,Win,Silver
109465,2026-06-10,P012,Yash,Cypher,Split,22,14,4,10,3055.0,21,Win,Diamond
100965,2026-06-09,P015,Nikhil,Phoenix,Split,9,16,6,2,1375.0,29,Win,Silver
108391,2026-01-11,P011,Neeraj,Viper,Split,20,15,3,8,3222.0,25,Win,Diamond
108617,2026-06-05,P008,Aditya,Sage,Icebox,30,19,3,14,3818.0,19,Win,Gold
105682,2026-02-08,P015,Nikhil,Sova,Haven,18,15,9,10,3550.0,18,Loss,Iron
109425,2026-05-05,P015,Nikhil,Sova,Breeze,3,11,1,2,485.0,24,Loss,Silver
102406,2026-07-01,P011,Neeraj,Reyna,Sunset,21,18,5,6,3961.0,24,Loss,Gold
107743,2026-01-12,P020,Harsh,Cypher,Haven,12,14,8,4,1688.0,22,Win,Ascendant
108853,2026-07-15,P006,Vivek,Sova,Pearl,20,16,5,5,2774.0,25,Win,Gold
106177,2026-08-02,P001,Shubham,Viper,Split,15,7,6,3,1886.0,23,Win,Gold
108851,2026-09-18,P015,Nikhil,Sova,Bind,21,16,5,14,4043.0,18,Loss,Gold
102611,2026-08-07,P013,Ankit,Chamber,Haven,24,18,2,14,3710.0,21,Loss,Gold
107258,2026-09-06,P020,Harsh,Raze,Haven,11,9,3,8,1887.0,18,Win,Diamond
102335,2026-02-27,P003,Amit,Brimstone,Haven,21,16,7,12,4049.0,24,Win,Diamond
102540,2026-07-06,P019,Ritesh,Fade,Icebox,21,12,6,19,3514.0,22,Loss,Gold
109560,2026-03-05,P011,Neeraj,Phoenix,Bind,15,18,2,9,1802.0,18,Loss,Diamond
102458,2026-07-22,P002,Rahul,Cypher,Icebox,16,14,4,7,3281.0,28,Win,Platinum
108248,2026-09-22,P004,Rohan,Jett,Sunset,7,17,3,5,1207.0,22,Loss,Platinum
104004,2026-01-10,P016,Arjun,Sova,Icebox,11,12,9,4,1436.0,20,Loss,Platinum
105205,2026-02-07,P017,Siddhant,Sova,Lotus,9,13,8,3,1189.0,22,Loss,Gold
101372,2026-03-17,P009,Sahil,Raze,Split,16,16,3,4,2283.0,20,Loss,Ascendant
100704,2026-04-30,P012,Yash,Omen,Haven,12,11,4,7,2601.0,21,Win,Gold
101671,2026-08-12,P009,Sahil,Omen,Bind,15,12,9,7,2348.0,22,Win,Diamond
105937,2026-03-01,P015,Nikhil,Gekko,Pearl,23,18,6,13,4131.0,27,Loss,Diamond
104011,2026-04-10,P006,Vivek,Killjoy,Lotus,9,16,2,3,1461.0,25,Win,Iron
104459,2026-03-07,P016,Arjun,Phoenix,Ascent,19,16,9,6,2647.0,30,Win,Diamond
109131,2026-03-19,P011,Neeraj,Cypher,Lotus,14,8,2,9,1494.0,26,Loss,Bronze
108091,2026-08-08,P006,Vivek,Gekko,Pearl,17,17,10,5,2559.0,18,Win,Ascendant
107015,2026-03-27,P002,Rahul,Sova,Pearl,19,11,4,11,2728.0,28,Loss,Gold
107707,2026-06-17,P014,Varun,Omen,Split,20,18,6,4,2281.0,19,Loss,Ascendant
105572,2026-09-19,P008,Aditya,Chamber,Haven,18,11,6,5,2621.0,26,Win,Gold
100144,2026-05-05,P008,Aditya,Sova,Pearl,17,19,5,5,2692.0,23,Win,Diamond
103045,2026-06-02,P020,Harsh,Killjoy,Icebox,24,12,8,8,3379.0,25,Win,Platinum
108071,2026-09-23,P020,Harsh,Brimstone,Breeze,22,12,11,7,4278.0,28,Win,Gold
100590,2026-04-09,P002,Rahul,Cypher,Icebox,12,16,4,5,1888.0,24,Loss,Platinum
105246,2026-02-22,P007,Karan,Killjoy,Lotus,17,11,5,6,2888.0,30,Loss,Gold
105357,2026-07-11,P010,Pratik,Raze,Icebox,25,16,7,7,4649.0,23,Loss,Diamond
100799,2026-04-15,P009,Sahil,Cypher,Bind,17,11,4,5,2660.0,26,Win,Diamond
104518,2026-02-19,P006,Vivek,Jett,Lotus,3,12,8,1,719.0,30,Loss,Silver
103661,2026-08-02,P004,Rohan,Omen,Pearl,24,15,7,2,4679.0,28,Win,Platinum
105356,2026-07-21,P015,Nikhil,Reyna,Pearl,15,8,9,9,2379.0,18,Loss,Gold
101783,2026-07-27,P002,Rahul,Fade,Icebox,12,12,9,2,1705.0,25,Win,Diamond
109454,2026-03-19,P015,Nikhil,Phoenix,Ascent,13,14,1,5,2371.0,22,Loss,Gold
103370,2026-09-18,P018,Manish,Reyna,Haven,13,20,0,5,1939.0,26,Loss,Platinum
109705,2026-05-18,P010,Pratik,Brimstone,Ascent,13,14,3,6,2673.0,29,Win,Silver
105666,2026-08-27,P016,Arjun,Sage,Split,16,8,5,9,2176.0,27,Win,Silver
101373,2026-08-28,P008,Aditya,Killjoy,Breeze,20,18,3,8,2801.0,30,Loss,Ascendant
101731,2026-02-14,P010,Pratik,Brimstone,Lotus,17,20,3,5,2049.0,25,Win,Diamond
109120,2026-05-16,P014,Varun,Cypher,Haven,9,14,8,5,1622.0,28,Loss,Silver
106836,2026-09-05,P002,Rahul,Phoenix,Split,24,18,3,8,3925.0,28,Win,Silver
107411,2026-09-19,P005,Akash,Chamber,Sunset,6,17,8,1,972.0,20,Loss,Platinum
103686,2026-09-09,P012,Yash,Jett,Pearl,20,14,1,9,3461.0,21,Win,Gold
107292,2026-02-20,P020,Harsh,Reyna,Lotus,24,15,3,7,3884.0,20,Loss,Immortal
101851,2026-08-27,P020,Harsh,Raze,Bind,10,16,6,5,1560.0,28,Loss,Platinum
108297,2026-05-31,P016,Arjun,Sage,Split,16,19,9,6,1867.0,24,Win,Silver
101071,2026-01-18,P010,Pratik,Chamber,Split,7,13,4,5,974.0,20,Loss,Platinum
104575,2026-09-14,P001,Shubham,Gekko,Pearl,16,13,6,8,2051.0,28,Win,Diamond
107609,2026-04-22,P016,Arjun,Brimstone,Icebox,31,23,7,11,4963.0,29,Win,Silver
106377,2026-02-15,P014,Varun,Reyna,Icebox,4,15,4,0,550.0,26,Win,Ascendant
100000,2026-07-08,P007,Karan,Raze,Breeze,29,9,8,12,4016.0,22,Win,Silver
107480,2026-03-09,P020,Harsh,Gekko,Sunset,11,17,4,6,1318.0,22,Win,Iron
100543,2026-02-28,P009,Sahil,Sage,Icebox,28,12,8,17,4181.0,26,Win,Gold
100349,2026-09-28,P017,Siddhant,Jett,Pearl,5,14,8,2,733.0,29,Win,Iron
107749,2026-07-07,P016,Arjun,Viper,Icebox,20,14,6,9,3159.0,20,Win,Diamond
104372,2026-06-13,P011,Neeraj,Chamber,Ascent,19,14,6,6,3582.0,23,Win,Platinum
105515,2026-05-21,P019,Ritesh,Reyna,Haven,19,8,6,8,3858.0,19,Win,Silver
103685,2026-04-02,P002,Rahul,Chamber,Lotus,22,18,5,8,3129.0,21,Loss,Silver
100457,2026-04-19,P019,Ritesh,Reyna,Breeze,13,17,8,6,1935.0,28,Loss,Platinum
108593,2026-02-04,P019,Ritesh,Viper,Haven,18,11,6,6,3574.0,28,Win,Gold
104448,2026-08-13,P006,Vivek,Viper,Sunset,15,15,11,9,1285.0,24,Loss,Silver
103595,2026-08-17,P012,Yash,Phoenix,Breeze,19,9,6,2,3072.0,20,Loss,Gold
101432,2026-08-15,P001,Shubham,Raze,Sunset,10,5,7,2,1180.0,29,Win,Ascendant
108052,2026-07-10,P012,Yash,Viper,Ascent,23,15,4,13,3867.0,29,Win,Diamond
102684,2026-08-03,P018,Manish,Fade,Split,12,13,8,1,2037.0,22,Win,Ascendant
100131,2026-06-14,P012,Yash,Cypher,Pearl,9,17,2,2,1334.0,27,Win,Platinum
107049,2026-06-25,P007,Karan,Chamber,Haven,22,11,6,5,3696.0,29,Win,Silver
104104,2026-04-08,P007,Karan,Reyna,Sunset,30,16,7,13,4427.0,29,Loss,Bronze
103382,2026-02-25,P017,Siddhant,Fade,Lotus,7,16,0,3,1055.0,18,Loss,Diamond
101199,2026-07-10,P009,Sahil,Killjoy,Ascent,26,14,0,13,4745.0,21,Win,Silver
109495,2026-09-08,P014,Varun,Fade,Breeze,14,14,5,7,2008.0,24,Loss,Ascendant
102358,2026-05-29,P012,Yash,Viper,Sunset,3,14,10,2,648.0,21,Loss,Iron
108454,2026-09-25,P014,Varun,Jett,Lotus,25,16,4,13,3887.0,25,Loss,Diamond
106249,2026-02-18,P011,Neeraj,Brimstone,Pearl,16,11,6,9,2253.0,18,Win,Silver
106755,2026-06-17,P003,Amit,Brimstone,Split,19,9,6,13,2400.0,27,Win,Gold
103154,2026-09-07,P019,Ritesh,Reyna,Ascent,6,12,10,2,1427.0,25,Loss,Gold
106438,2026-01-12,P012,Yash,Jett,Sunset,25,11,6,7,3432.0,22,Win,Platinum
100592,2026-05-18,P005,Akash,Fade,Split,16,15,0,6,3107.0,29,Win,Gold
105552,2026-01-12,P005,Akash,Brimstone,Ascent,22,15,3,10,4149.0,22,Loss,Platinum
101965,2026-09-15,P019,Ritesh,Jett,Icebox,24,9,8,5,4093.0,20,Loss,Gold
105465,2026-06-25,P013,Ankit,Sova,Ascent,11,12,1,2,1988.0,29,Win,Bronze
102183,2026-01-29,P002,Rahul,Gekko,Pearl,10,17,4,2,1413.0,29,Loss,Gold
100971,2026-03-17,P011,Neeraj,Raze,Ascent,14,21,1,7,1683.0,26,Win,Diamond
102199,2026-02-22,P002,Rahul,Sage,Haven,14,8,5,8,2212.0,26,Loss,Ascendant
105841,2026-04-17,P006,Vivek,Killjoy,Lotus,20,17,3,4,2504.0,28,Win,Diamond
108585,2026-07-14,P018,Manish,Chamber,Icebox,18,20,0,4,3162.0,30,Win,Gold
103123,2026-06-08,P002,Rahul,Gekko,Lotus,31,11,6,12,4191.0,28,Win,Platinum
105545,2026-08-01,P010,Pratik,Chamber,Sunset,19,17,8,11,2012.0,28,Win,Silver
104336,2026-06-26,P006,Vivek,Sage,Bind,21,13,5,11,2719.0,18,Loss,Gold
101479,2026-05-14,P010,Pratik,Brimstone,Sunset,13,11,4,5,1707.0,23,Win,Platinum
103578,2026-08-09,P014,Varun,Cypher,Ascent,31,19,5,17,6500.0,27,Win,Gold
104715,2026-08-23,P001,Shubham,Raze,Bind,3,16,11,1,545.0,30,Loss,Platinum
108843,2026-07-24,P016,Arjun,Omen,Bind,28,9,4,15,4477.0,24,Loss,Bronze
100265,2026-08-14,P009,Sahil,Phoenix,Pearl,26,14,8,11,3721.0,21,Loss,Platinum
102870,2026-02-18,P002,Rahul,Brimstone,Haven,8,11,5,2,1256.0,25,Win,Diamond
103991,2026-04-08,P010,Pratik,Chamber,Lotus,16,19,0,9,2338.0,20,Loss,Platinum
108059,2026-05-09,P006,Vivek,Phoenix,Icebox,18,13,8,12,2902.0,26,Win,Ascendant
104394,2026-03-27,P020,Harsh,Cypher,Breeze,24,18,5,4,3072.0,27,Win,Platinum
101413,2026-05-14,P012,Yash,Sova,Pearl,20,9,2,9,2812.0,25,Win,Platinum
102098,2026-07-12,P011,Neeraj,Jett,Haven,8,19,4,5,1302.0,18,Loss,Silver
105168,2026-08-19,P009,Sahil,Brimstone,Lotus,20,19,8,6,2542.0,22,Loss,Diamond
102968,2026-03-11,P018,Manish,Cypher,Split,32,13,0,15,5098.0,20,Loss,Immortal
108538,2026-02-24,P002,Rahul,Sage,Ascent,20,12,5,11,2850.0,30,Loss,Ascendant
100316,2026-07-06,P016,Arjun,Reyna,Ascent,3,14,7,1,505.0,19,Loss,Diamond
106554,2026-05-23,P004,Rohan,Reyna,Haven,28,7,0,7,4395.0,20,Win,Bronze
104890,2026-01-08,P005,Akash,Sova,Icebox,21,13,7,11,3976.0,28,Win,Iron
108343,2026-08-10,P016,Arjun,Jett,Bind,27,19,6,10,4476.0,27,Loss,Platinum
106778,2026-06-03,P015,Nikhil,Killjoy,Icebox,11,10,10,6,1475.0,24,Win,Platinum
108574,2026-09-17,P019,Ritesh,Cypher,Breeze,20,11,9,11,2739.0,26,Win,Ascendant
101090,2026-07-20,P006,Vivek,Raze,Pearl,21,15,8,10,3618.0,20,Win,Gold
108940,2026-05-29,P011,Neeraj,Omen,Bind,17,22,6,8,2607.0,30,Loss,Ascendant
102855,2026-06-30,P003,Amit,Viper,Pearl,15,12,2,3,2467.0,29,Win,Diamond
106523,2026-06-29,P010,Pratik,Killjoy,Sunset,25,14,4,14,4956.0,26,Win,Ascendant
100103,2026-08-17,P014,Varun,Raze,Breeze,7,15,2,3,1234.0,18,Win,Platinum
107328,2026-02-18,P016,Arjun,Jett,Ascent,16,15,7,6,2694.0,27,Loss,Platinum
103469,2026-03-13,P007,Karan,Gekko,Bind,12,13,9,5,1733.0,23,Loss,Iron
105226,2026-01-28,P002,Rahul,Raze,Lotus,12,13,9,4,2068.0,29,Win,Gold
104617,2026-09-24,P011,Neeraj,Phoenix,Pearl,3,14,3,2,434.0,25,Win,Gold
103680,2026-02-24,P005,Akash,Cypher,Bind,15,13,5,6,2927.0,22,Loss,Silver
106483,2026-09-24,P012,Yash,Sova,Icebox,21,13,5,11,2732.0,19,Loss,Ascendant
101190,2026-08-27,P017,Siddhant,Raze,Lotus,26,18,10,5,4030.0,29,Win,Diamond
103187,2026-02-06,P007,Karan,Cypher,Lotus,28,20,1,10,3163.0,23,Loss,Gold
109696,2026-03-11,P016,Arjun,Raze,Bind,13,16,5,10,1183.0,26,Win,Gold
104153,2026-03-02,P014,Varun,Viper,Sunset,9,10,3,6,1382.0,19,Loss,Platinum
102145,2026-01-25,P004,Rohan,Viper,Icebox,18,22,3,15,2829.0,30,Loss,Diamond
108591,2026-03-12,P012,Yash,Jett,Ascent,13,7,13,4,2225.0,23,Win,Silver
102474,2026-06-03,P004,Rohan,Jett,Ascent,13,14,1,3,2021.0,30,Win,Silver
102392,2026-07-21,P019,Ritesh,Cypher,Pearl,18,15,6,4,3085.0,20,Win,Diamond
108054,2026-06-01,P016,Arjun,Viper,Pearl,25,21,7,10,4527.0,20,Win,Silver
101713,2026-09-29,P011,Neeraj,Reyna,Sunset,24,10,6,11,3431.0,28,Win,Diamond
104791,2026-06-17,P015,Nikhil,Phoenix,Lotus,16,10,6,10,2558.0,27,Loss,Gold
103485,2026-02-05,P016,Arjun,Fade,Sunset,19,13,4,6,3333.0,25,Win,Immortal
105419,2026-03-10,P004,Rohan,Jett,Pearl,12,17,5,4,1562.0,29,Win,Ascendant
104768,2026-01-27,P014,Varun,Omen,Breeze,9,17,6,4,1934.0,30,Win,Bronze
100008,2026-05-01,P007,Karan,Chamber,Ascent,18,12,2,8,2115.0,21,Win,Silver
103739,2026-01-03,P005,Akash,Brimstone,Bind,12,11,6,4,1877.0,25,Win,Ascendant
108597,2026-08-05,P011,Neeraj,Killjoy,Sunset,8,20,11,2,2008.0,26,Loss,Diamond
106927,2026-03-16,P003,Amit,Omen,Haven,17,24,10,5,1849.0,18,Win,Gold
104827,2026-04-03,P004,Rohan,Gekko,Haven,14,11,3,4,1976.0,26,Loss,Platinum
102769,2026-05-09,P004,Rohan,Cypher,Icebox,16,16,4,6,2548.0,23,Loss,Silver
100567,2026-06-21,P015,Nikhil,Omen,Bind,14,10,9,4,2122.0,22,Loss,Bronze
108903,2026-07-09,P017,Siddhant,Viper,Sunset,10,17,0,5,1586.0,28,Win,Gold
109328,2026-02-11,P002,Rahul,Raze,Sunset,19,10,3,10,1307.0,21,Win,Bronze
108964,2026-03-24,P006,Vivek,Brimstone,Icebox,15,13,9,7,2438.0,21,Loss,Platinum
105500,2026-08-22,P001,Shubham,Sova,Breeze,16,17,7,8,3362.0,25,Loss,Gold
101617,2026-04-21,P019,Ritesh,Raze,Haven,25,12,6,8,3893.0,19,Win,Diamond
104419,2026-03-17,P001,Shubham,Killjoy,Haven,25,15,5,8,3241.0,18,Win,Immortal
101078,2026-08-07,P015,Nikhil,Gekko,Breeze,17,19,6,2,2326.0,22,Loss,Platinum
105400,2026-06-23,P013,Ankit,Chamber,Bind,16,15,11,9,2348.0,30,Win,Gold
105229,2026-02-05,P012,Yash,Jett,Haven,30,11,4,13,4265.0,27,Win,Gold
109206,2026-04-12,P006,Vivek,Gekko,Split,22,8,3,11,3706.0,29,Win,Platinum
102067,2026-01-10,P020,Harsh,Cypher,Bind,20,6,5,8,2722.0,29,Win,Platinum
102823,2026-01-31,P004,Rohan,Brimstone,Bind,23,17,7,8,3274.0,25,Win,Iron
106480,2026-01-20,P003,Amit,Killjoy,Sunset,15,19,6,4,1842.0,19,Win,Silver
107265,2026-02-16,P007,Karan,Omen,Pearl,21,8,0,10,3129.0,23,Win,Gold
102210,2026-04-01,P013,Ankit,Omen,Sunset,7,14,2,5,1117.0,19,Win,Diamond
107702,2026-09-30,P014,Varun,Sova,Sunset,10,12,6,7,1492.0,23,Win,Gold
106572,2026-06-18,P005,Akash,Sova,Split,19,15,2,8,3659.0,24,Loss,Ascendant
104281,2026-08-10,P010,Pratik,Raze,Haven,9,16,8,3,1478.0,18,Win,Platinum
108257,2026-05-28,P004,Rohan,Chamber,Lotus,20,15,9,9,2180.0,24,Loss,Silver
104065,2026-04-22,P007,Karan,Fade,Split,33,19,5,14,5001.0,26,Loss,Platinum
105544,2026-04-23,P011,Neeraj,Chamber,Breeze,10,17,1,1,1092.0,26,Loss,Platinum
109782,2026-04-15,P016,Arjun,Jett,Icebox,19,21,7,9,2970.0,30,Win,Bronze
101318,2026-08-22,P014,Varun,Gekko,Breeze,7,13,4,5,1113.0,26,Loss,Platinum
109567,2026-03-26,P010,Pratik,Fade,Bind,19,18,3,9,3490.0,21,Win,Platinum
105687,2026-09-08,P020,Harsh,Gekko,Lotus,14,13,1,2,2105.0,25,Loss,Bronze
101315,2026-05-26,P017,Siddhant,Fade,Lotus,15,14,3,6,1755.0,30,Loss,Gold
100036,2026-04-13,P014,Varun,Sova,Haven,11,15,6,5,1960.0,23,Win,Platinum
108667,2026-06-05,P017,Siddhant,Omen,Lotus,25,21,6,12,2547.0,21,Loss,Diamond
108933,2026-05-02,P003,Amit,Fade,Breeze,13,13,6,3,2210.0,18,Loss,Ascendant
103206,2026-07-27,P013,Ankit,Raze,Icebox,20,11,11,7,3575.0,20,Win,Bronze
106864,2026-05-15,P014,Varun,Sage,Bind,17,16,10,8,2708.0,27,Win,Platinum
108984,2026-05-29,P012,Yash,Viper,Bind,15,13,6,6,1646.0,26,Loss,Platinum
108124,2026-09-17,P014,Varun,Killjoy,Ascent,16,11,3,7,2733.0,27,Win,Ascendant
106962,2026-06-12,P017,Siddhant,Reyna,Split,27,8,6,18,4179.0,19,Loss,Gold
109794,2026-05-27,P009,Sahil,Raze,Pearl,20,16,7,10,2968.0,18,Win,Platinum
102906,2026-08-22,P018,Manish,Phoenix,Lotus,10,28,5,7,1565.0,24,Win,Platinum
100577,2026-05-21,P012,Yash,Reyna,Bind,13,14,7,3,1941.0,28,Loss,Platinum
103131,2026-07-09,P018,Manish,Chamber,Haven,11,14,2,2,1336.0,22,Loss,Gold
103928,2026-05-29,P015,Nikhil,Phoenix,Icebox,10,13,5,5,2218.0,26,Loss,Gold
101441,2026-05-20,P011,Neeraj,Phoenix,Haven,14,16,8,7,2014.0,20,Win,Diamond
101254,2026-08-24,P017,Siddhant,Omen,Breeze,24,17,3,5,3686.0,19,Loss,Ascendant
105980,2026-07-05,P020,Harsh,Raze,Pearl,4,9,3,0,658.0,23,Win,Gold
102701,2026-05-09,P008,Aditya,Jett,Breeze,32,10,11,10,5888.0,20,Win,Ascendant
102487,2026-05-09,P013,Ankit,Sova,Breeze,15,17,5,5,2039.0,30,Loss,Gold
107156,2026-09-21,P005,Akash,Killjoy,Ascent,25,20,4,12,3378.0,21,Win,Silver
109451,2026-05-09,P014,Varun,Chamber,Pearl,18,16,11,10,2856.0,25,Loss,Diamond
106622,2026-01-20,P003,Amit,Killjoy,Pearl,9,21,3,3,1650.0,19,Loss,Gold
100210,2026-05-08,P013,Ankit,Jett,Sunset,24,16,5,7,3364.0,25,Loss,Bronze
109891,2026-06-02,P020,Harsh,Omen,Sunset,23,16,10,13,3014.0,20,Win,Silver
102362,2026-04-08,P013,Ankit,Jett,Haven,23,10,9,8,3963.0,29,Win,Bronze
100794,2026-07-21,P014,Varun,Omen,Ascent,17,15,11,10,2264.0,27,Win,Gold
107826,2026-07-09,P005,Akash,Killjoy,Bind,22,12,6,10,3377.0,26,Loss,Bronze
108449,2026-07-08,P007,Karan,Chamber,Pearl,15,19,7,9,2614.0,27,Loss,Ascendant
106818,2026-08-04,P003,Amit,Viper,Bind,14,10,6,3,2196.0,25,Win,Bronze
107111,2026-04-22,P016,Arjun,Sova,Haven,13,17,3,1,1828.0,18,Loss,Iron
100637,2026-09-03,P004,Rohan,Gekko,Sunset,23,15,3,13,3120.0,20,Win,Immortal
100047,2026-03-17,P011,Neeraj,Reyna,Bind,26,7,6,9,3484.0,20,Win,Diamond
102627,2026-03-28,P019,Ritesh,Sova,Split,28,15,4,14,5005.0,19,Loss,Silver
105802,2026-07-29,P005,Akash,Phoenix,Haven,16,16,6,7,2407.0,22,Loss,Bronze
103881,2026-03-07,P020,Harsh,Viper,Haven,18,9,6,11,3378.0,26,Win,Platinum
104783,2026-07-29,P018,Manish,Chamber,Lotus,24,12,4,9,3658.0,22,Loss,Bronze
102405,2026-03-01,P001,Shubham,Fade,Bind,13,13,3,1,1683.0,24,Loss,Diamond
104071,2026-01-29,P009,Sahil,Omen,Icebox,9,8,10,3,1445.0,22,Win,Gold
103795,2026-03-30,P013,Ankit,Raze,Split,12,7,5,5,1697.0,27,Loss,Diamond
108395,2026-03-06,P003,Amit,Jett,Icebox,20,12,2,6,3170.0,21,Win,Immortal
103992,2026-06-12,P013,Ankit,Sova,Sunset,11,12,3,9,1158.0,27,Win,Diamond
105825,2026-03-31,P019,Ritesh,Sage,Ascent,15,9,5,5,1650.0,24,Win,Platinum
109072,2026-03-08,P010,Pratik,Gekko,Icebox,16,14,8,7,2187.0,19,Loss,Ascendant
108142,2026-03-09,P002,Rahul,Killjoy,Bind,10,15,7,3,1515.0,19,Win,Ascendant
105199,2026-01-03,P016,Arjun,Sova,Split,23,16,1,7,3507.0,23,Win,Gold
108294,2026-04-02,P010,Pratik,Cypher,Haven,17,12,6,1,2869.0,18,Win,Gold
101247,2026-03-12,P009,Sahil,Raze,Pearl,13,10,4,8,2134.0,21,Win,Gold
101188,2026-02-14,P007,Karan,Sova,Haven,18,14,10,8,2248.0,25,Loss,Diamond
101897,2026-03-23,P001,Shubham,Reyna,Icebox,20,12,10,7,3647.0,20,Loss,Silver
103047,2026-07-02,P003,Amit,Raze,Haven,20,18,10,7,3136.0,28,Loss,Gold
103094,2026-05-31,P018,Manish,Brimstone,Lotus,20,15,6,3,2950.0,30,Loss,Ascendant
108298,2026-09-02,P011,Neeraj,Killjoy,Pearl,26,15,8,14,3753.0,22,Win,Silver
109374,2026-07-24,P007,Karan,Sova,Pearl,13,10,7,4,2229.0,28,Win,Gold
108373,2026-07-05,P015,Nikhil,Sova,Sunset,14,12,10,5,2018.0,25,Loss,Silver
103037,2026-04-10,P009,Sahil,Phoenix,Split,20,10,7,10,3279.0,24,Win,Bronze
100742,2026-02-25,P015,Nikhil,Chamber,Sunset,27,13,4,15,3323.0,21,Loss,Platinum
103931,2026-06-08,P020,Harsh,Chamber,Lotus,22,17,0,6,3368.0,27,Loss,Diamond
103350,2026-08-03,P005,Akash,Brimstone,Icebox,21,18,6,9,2671.0,27,Loss,Diamond
105727,2026-08-29,P018,Manish,Killjoy,Pearl,21,11,3,6,3254.0,24,Loss,Diamond
107242,2026-02-05,P006,Vivek,Killjoy,Icebox,23,14,6,9,3662.0,28,Win,Bronze
101180,2026-08-21,P010,Pratik,Sova,Breeze,11,12,10,7,1719.0,20,Win,Diamond
104224,2026-09-03,P017,Siddhant,Raze,Split,18,16,9,8,2190.0,27,Loss,Bronze
102691,2026-03-25,P005,Akash,Sova,Lotus,30,9,3,13,4869.0,27,Loss,Silver
104100,2026-02-02,P004,Rohan,Raze,Ascent,30,13,4,12,5412.0,18,Win,Gold
103014,2026-06-20,P007,Karan,Raze,Breeze,4,9,8,3,933.0,20,Loss,Platinum
102045,2026-01-30,P008,Aditya,Raze,Bind,21,11,4,6,3565.0,21,Win,Gold
107444,2026-04-02,P020,Harsh,Raze,Icebox,21,10,4,12,2715.0,27,Win,Platinum
103543,2026-05-12,P003,Amit,Brimstone,Pearl,21,15,3,11,2698.0,26,Win,Platinum
103043,2026-01-27,P003,Amit,Killjoy,Bind,15,14,2,8,1843.0,30,Loss,Ascendant
101883,2026-03-12,P002,Rahul,Chamber,Icebox,11,9,0,5,1298.0,24,Loss,Platinum
108381,2026-05-15,P019,Ritesh,Raze,Breeze,25,6,4,10,4587.0,30,Loss,Silver
104395,2026-08-21,P001,Shubham,Gekko,Lotus,25,18,9,16,5035.0,30,Win,Platinum
106932,2026-03-03,P017,Siddhant,Jett,Ascent,26,18,10,11,4540.0,19,Win,Immortal
109181,2026-06-16,P014,Varun,Brimstone,Breeze,20,9,2,6,3252.0,24,Loss,Platinum
108878,2026-08-31,P010,Pratik,Raze,Haven,11,9,7,3,1473.0,27,Loss,Gold
104573,2026-02-16,P013,Ankit,Killjoy,Ascent,19,13,5,12,2975.0,27,Win,Silver
103889,2026-07-29,P008,Aditya,Gekko,Icebox,19,11,9,6,3470.0,29,Loss,Platinum
108049,2026-01-19,P010,Pratik,Phoenix,Ascent,20,6,7,3,3136.0,25,Loss,Immortal
103753,2026-01-07,P004,Rohan,Raze,Breeze,14,16,1,7,2427.0,30,Loss,Platinum
107670,2026-06-21,P004,Rohan,Reyna,Breeze,29,16,7,15,3458.0,30,Win,Diamond
102213,2026-08-28,P018,Manish,Raze,Split,16,12,2,2,2742.0,18,Win,Diamond
101568,2026-09-11,P018,Manish,Viper,Pearl,21,18,8,8,4173.0,27,Loss,Platinum
107108,2026-01-11,P017,Siddhant,Reyna,Haven,35,13,11,15,5813.0,29,Win,Gold
102412,2026-09-03,P014,Varun,Cypher,Breeze,22,20,4,7,2841.0,19,Win,Gold
100586,2026-08-12,P017,Siddhant,Viper,Ascent,30,13,3,12,4544.0,25,Loss,Gold
105384,2026-01-08,P011,Neeraj,Killjoy,Lotus,16,15,1,10,3088.0,20,Loss,Gold
102030,2026-09-05,P006,Vivek,Jett,Lotus,4,13,6,1,635.0,22,Win,Ascendant
106321,2026-06-18,P009,Sahil,Jett,Haven,22,9,5,5,2679.0,24,Win,Gold
109058,2026-09-16,P020,Harsh,Cypher,Icebox,27,15,3,8,4753.0,20,Loss,Silver
100335,2026-05-31,P012,Yash,Phoenix,Sunset,26,13,5,12,4189.0,30,Win,Iron
105583,2026-02-20,P005,Akash,Sage,Icebox,13,7,5,7,1735.0,28,Win,Silver
103509,2026-09-29,P007,Karan,Killjoy,Split,9,11,4,3,1147.0,22,Loss,Platinum
108517,2026-08-01,P015,Nikhil,Raze,Lotus,13,15,9,6,1985.0,30,Win,Silver
107223,2026-08-24,P016,Arjun,Sage,Lotus,14,16,4,7,2285.0,20,Win,Gold
103834,2026-03-17,P012,Yash,Raze,Ascent,11,10,4,4,1486.0,18,Loss,Gold
102848,2026-03-03,P006,Vivek,Sova,Breeze,25,18,6,7,3065.0,21,Loss,Platinum
105737,2026-05-04,P005,Akash,Sage,Lotus,21,14,8,7,3543.0,27,Loss,Platinum
109563,2026-03-31,P009,Sahil,Killjoy,Ascent,30,12,1,22,2805.0,27,Win,Ascendant
108715,2026-06-08,P016,Arjun,Killjoy,Split,7,19,5,5,845.0,18,Win,Ascendant
100023,2026-09-15,P016,Arjun,Cypher,Split,22,19,9,7,3690.0,18,Loss,Diamond
109880,2026-02-20,P001,Shubham,Cypher,Lotus,24,11,2,10,3861.0,22,Win,Gold
103698,2026-04-11,P010,Pratik,Omen,Haven,35,16,3,14,6404.0,18,Loss,Bronze
102615,2026-02-26,P018,Manish,Sage,Icebox,23,18,7,8,4862.0,23,Win,Platinum
109233,2026-07-20,P018,Manish,Killjoy,Pearl,16,18,3,6,2521.0,28,Win,Silver
104625,2026-09-22,P018,Manish,Viper,Bind,18,18,4,8,4231.0,22,Win,Gold
100381,2026-04-25,P002,Rahul,Reyna,Pearl,20,16,6,8,2224.0,21,Loss,Diamond
101516,2026-07-15,P004,Rohan,Jett,Icebox,27,10,6,13,4154.0,30,Loss,Bronze
102619,2026-07-09,P018,Manish,Raze,Pearl,20,19,8,8,2392.0,28,Loss,Platinum
102417,2026-02-06,P007,Karan,Chamber,Pearl,20,16,7,11,3269.0,22,Loss,Platinum
105212,2026-06-11,P004,Rohan,Sova,Bind,12,15,7,6,2270.0,23,Loss,Ascendant
100789,2026-05-17,P017,Siddhant,Killjoy,Split,20,17,12,10,3590.0,19,Win,Silver
108253,2026-03-17,P014,Varun,Raze,Icebox,5,14,10,2,945.0,18,Win,Gold
109611,2026-09-23,P013,Ankit,Phoenix,Ascent,15,20,10,8,1419.0,25,Loss,Diamond
104291,2026-01-08,P004,Rohan,Sova,Pearl,25,12,10,10,4910.0,21,Loss,Platinum
108260,2026-01-07,P019,Ritesh,Viper,Haven,19,17,3,8,2629.0,30,Loss,Diamond
103441,2026-09-16,P011,Neeraj,Phoenix,Icebox,18,15,3,6,2811.0,25,Loss,Gold
101149,2026-03-01,P002,Rahul,Fade,Pearl,19,13,0,9,2534.0,27,Win,Bronze
103208,2026-04-25,P020,Harsh,Sage,Breeze,17,13,5,6,1429.0,23,Loss,Gold
101383,2026-04-27,P007,Karan,Phoenix,Haven,3,12,4,2,497.0,19,Loss,Diamond
101698,2026-04-27,P012,Yash,Reyna,Ascent,16,10,10,8,2621.0,23,Win,Platinum
102554,2026-03-10,P008,Aditya,Fade,Icebox,15,11,9,8,2966.0,22,Loss,Gold
101901,2026-09-04,P004,Rohan,Sova,Lotus,21,14,8,8,2670.0,23,Loss,Platinum
109581,2026-09-23,P014,Varun,Chamber,Lotus,14,11,2,8,1999.0,24,Win,Platinum
101785,2026-06-04,P013,Ankit,Reyna,Pearl,10,16,9,5,1724.0,28,Win,Gold
102516,2026-05-12,P008,Aditya,Fade,Split,21,27,5,6,3752.0,19,Win,Ascendant
102119,2026-09-26,P001,Shubham,Jett,Lotus,14,10,7,2,3073.0,27,Loss,Diamond
104672,2026-07-24,P007,Karan,Sova,Sunset,6,15,5,2,1024.0,23,Loss,Platinum
100970,2026-07-12,P005,Akash,Jett,Sunset,29,14,12,10,3789.0,24,Win,Immortal
104685,2026-04-03,P002,Rahul,Chamber,Lotus,19,18,6,10,2833.0,22,Loss,Diamond
108832,2026-04-13,P001,Shubham,Brimstone,Breeze,15,19,6,5,2899.0,27,Win,Gold
105899,2026-03-08,P008,Aditya,Chamber,Sunset,3,9,7,1,522.0,19,Loss,Bronze
104949,2026-04-15,P004,Rohan,Viper,Icebox,16,10,10,10,2582.0,22,Win,Bronze
101026,2026-05-05,P013,Ankit,Fade,Breeze,35,12,10,13,4544.0,24,Win,Bronze
108599,2026-04-27,P002,Rahul,Jett,Sunset,19,20,3,8,2632.0,28,Win,Platinum
104999,2026-03-25,P009,Sahil,Gekko,Bind,9,16,8,3,1216.0,19,Win,Platinum
105436,2026-05-21,P018,Manish,Sage,Icebox,10,11,7,6,1292.0,19,Win,Silver
101112,2026-05-20,P008,Aditya,Gekko,Icebox,10,7,7,3,1861.0,24,Loss,Gold
102846,2026-03-16,P009,Sahil,Jett,Breeze,9,19,3,2,893.0,22,Loss,Silver
107251,2026-08-25,P018,Manish,Sova,Sunset,18,10,0,4,2554.0,19,Win,Diamond
109238,2026-06-15,P020,Harsh,Sage,Split,5,16,2,3,556.0,28,Win,Silver
101732,2026-01-05,P019,Ritesh,Viper,Sunset,30,14,7,7,3936.0,26,Loss,Diamond
101217,2026-05-24,P012,Yash,Omen,Bind,19,15,3,11,3496.0,21,Win,Gold
107811,2026-06-07,P002,Rahul,Sage,Sunset,23,13,3,12,3395.0,25,Win,Platinum
108750,2026-01-06,P014,Varun,Omen,Pearl,22,14,6,7,3035.0,21,Win,Immortal
104092,2026-03-17,P008,Aditya,Phoenix,Split,11,19,6,4,1782.0,21,Win,Immortal
106203,2026-07-24,P011,Neeraj,Reyna,Split,27,17,5,13,3592.0,21,Win,Bronze
100782,2026-08-22,P006,Vivek,Viper,Haven,12,12,5,1,2375.0,24,Win,Diamond
102956,2026-05-06,P012,Yash,Reyna,Sunset,14,17,6,5,1922.0,25,Loss,Platinum
102275,2026-09-13,P008,Aditya,Reyna,Ascent,7,14,4,5,917.0,23,Loss,Platinum
106054,2026-09-29,P016,Arjun,Raze,Haven,19,14,2,12,1804.0,27,Loss,Gold
109668,2026-07-23,P011,Neeraj,Raze,Icebox,20,14,6,12,3053.0,22,Loss,Gold
106681,2026-03-24,P013,Ankit,Sova,Ascent,23,17,9,12,3580.0,21,Win,Silver
108930,2026-09-11,P015,Nikhil,Sova,Lotus,16,8,7,5,2798.0,30,Win,Bronze
108831,2026-02-28,P002,Rahul,Jett,Lotus,17,19,7,7,2514.0,29,Loss,Gold
103995,2026-05-20,P006,Vivek,Reyna,Pearl,15,17,5,9,2827.0,26,Loss,Gold
104740,2026-06-14,P006,Vivek,Viper,Pearl,22,14,7,11,3075.0,18,Win,Gold
101692,2026-06-12,P020,Harsh,Viper,Icebox,16,11,7,4,2397.0,19,Win,Gold
102108,2026-07-03,P007,Karan,Phoenix,Sunset,25,8,11,7,3850.0,27,Loss,Ascendant
102036,2026-09-01,P007,Karan,Brimstone,Breeze,9,9,10,4,1439.0,25,Win,Silver
109852,2026-07-12,P018,Manish,Killjoy,Icebox,16,21,7,7,1897.0,28,Win,Diamond
102614,2026-04-21,P003,Amit,Fade,Breeze,16,11,1,11,2250.0,28,Loss,Platinum
108556,2026-09-22,P003,Amit,Chamber,Ascent,15,16,7,5,2404.0,20,Loss,Bronze
100286,2026-03-09,P020,Harsh,Fade,Ascent,11,15,1,2,1717.0,26,Loss,Platinum
107947,2026-02-12,P016,Arjun,Gekko,Haven,14,10,8,6,2601.0,29,Win,Silver
109703,2026-06-30,P016,Arjun,Omen,Sunset,28,13,10,10,4258.0,26,Win,Bronze
105763,2026-03-21,P004,Rohan,Viper,Sunset,18,16,4,7,2089.0,25,Loss,Iron
105688,2026-02-09,P011,Neeraj,Chamber,Bind,21,15,9,7,3455.0,25,Loss,Gold
102270,2026-04-28,P014,Varun,Viper,Split,19,20,7,6,2967.0,24,Loss,Silver
109375,2026-03-19,P002,Rahul,Chamber,Split,32,10,0,12,6033.0,27,Win,Silver
109059,2026-06-15,P012,Yash,Omen,Haven,5,15,8,2,811.0,23,Win,Diamond
103319,2026-08-24,P018,Manish,Fade,Split,31,18,2,13,5365.0,20,Loss,Platinum
108655,2026-04-30,P008,Aditya,Viper,Split,22,8,5,12,3723.0,24,Win,Immortal
109225,2026-03-15,P001,Shubham,Sage,Split,18,10,11,9,2551.0,29,Win,Gold
100563,2026-06-19,P005,Akash,Killjoy,Bind,13,18,5,7,1164.0,25,Loss,Diamond
100291,2026-05-28,P008,Aditya,Gekko,Ascent,11,20,7,3,1687.0,22,Win,Gold
106706,2026-04-21,P008,Aditya,Cypher,Split,15,10,5,10,2166.0,20,Win,Platinum
107523,2026-02-10,P004,Rohan,Sova,Split,15,16,4,4,1743.0,29,Win,Platinum
105254,2026-07-06,P018,Manish,Viper,Bind,26,12,6,9,4996.0,23,Win,Platinum
100169,2026-05-21,P004,Rohan,Sova,Haven,17,20,11,7,2838.0,20,Loss,Immortal
100267,2026-05-28,P001,Shubham,Gekko,Lotus,16,15,6,9,2260.0,19,Win,Platinum
105152,2026-05-09,P016,Arjun,Viper,Icebox,8,9,6,4,1429.0,26,Loss,Platinum
107739,2026-08-17,P018,Manish,Jett,Split,14,10,1,7,1458.0,20,Loss,Platinum
109139,2026-08-13,P015,Nikhil,Raze,Pearl,6,14,9,2,860.0,24,Win,Gold
108282,2026-05-10,P019,Ritesh,Chamber,Lotus,25,9,6,7,4891.0,19,Win,Ascendant
100315,2026-08-12,P001,Shubham,Gekko,Lotus,26,12,7,7,3384.0,23,Win,Platinum
104633,2026-02-02,P005,Akash,Reyna,Split,21,20,6,7,2705.0,18,Win,Silver
105277,2026-03-09,P011,Neeraj,Killjoy,Pearl,12,16,7,5,1931.0,21,Win,Immortal
105247,2026-01-21,P012,Yash,Gekko,Sunset,10,9,10,5,1382.0,28,Win,Immortal
100245,2026-07-07,P016,Arjun,Sova,Ascent,5,16,7,2,882.0,20,Win,Bronze
100252,2026-05-02,P013,Ankit,Killjoy,Sunset,16,13,6,8,1566.0,30,Loss,Gold
101123,2026-04-08,P010,Pratik,Gekko,Sunset,17,16,0,4,2091.0,25,Win,Diamond
107578,2026-05-31,P002,Rahul,Viper,Split,17,11,3,4,2394.0,27,Win,Silver
109804,2026-07-27,P017,Siddhant,Fade,Lotus,23,16,3,8,3768.0,19,Loss,Silver
100050,2026-04-07,P004,Rohan,Gekko,Icebox,18,11,4,11,3159.0,30,Win,Diamond
106866,2026-01-20,P006,Vivek,Brimstone,Icebox,21,16,6,9,3292.0,20,Loss,Diamond
107925,2026-07-09,P003,Amit,Gekko,Breeze,18,14,10,7,2000.0,25,Loss,Gold
103651,2026-06-24,P003,Amit,Phoenix,Haven,14,13,12,6,1956.0,18,Win,Immortal
104377,2026-06-26,P014,Varun,Killjoy,Breeze,8,19,7,3,1467.0,20,Win,Gold
104333,2026-08-07,P014,Varun,Sage,Sunset,9,14,6,4,2047.0,19,Loss,Bronze
100872,2026-04-13,P011,Neeraj,Gekko,Bind,24,12,11,12,3317.0,23,Win,Platinum
109985,2026-06-25,P014,Varun,Jett,Lotus,11,15,5,4,1288.0,21,Loss,Gold
109712,2026-03-25,P019,Ritesh,Fade,Haven,11,19,7,6,1453.0,24,Loss,Gold
109582,2026-09-16,P009,Sahil,Viper,Lotus,25,9,7,9,4808.0,22,Win,Silver
101470,2026-09-18,P003,Amit,Killjoy,Lotus,27,16,8,11,3901.0,24,Win,Platinum
108138,2026-08-08,P015,Nikhil,Chamber,Breeze,18,7,8,4,2859.0,27,Win,Silver
105960,2026-06-26,P017,Siddhant,Killjoy,Sunset,16,17,7,2,2256.0,18,Win,Diamond
109568,2026-03-05,P015,Nikhil,Omen,Haven,16,6,2,7,2546.0,28,Win,Gold
100248,2026-02-27,P006,Vivek,Sage,Icebox,16,13,7,6,1856.0,18,Loss,Diamond
104934,2026-04-04,P016,Arjun,Killjoy,Haven,22,21,4,10,3130.0,30,Win,Platinum
101864,2026-02-21,P018,Manish,Chamber,Split,18,10,5,6,3832.0,24,Loss,Diamond
102609,2026-02-21,P017,Siddhant,Fade,Pearl,32,16,9,15,5749.0,19,Win,Ascendant
102124,2026-03-31,P003,Amit,Jett,Split,21,12,8,16,3793.0,25,Win,Iron
108015,2026-06-24,P017,Siddhant,Viper,Bind,7,17,3,5,1299.0,21,Loss,Ascendant
101747,2026-08-31,P013,Ankit,Cypher,Lotus,19,21,2,10,2410.0,27,Win,Silver
106771,2026-04-23,P011,Neeraj,Reyna,Icebox,24,14,6,7,3530.0,21,Loss,Gold
102167,2026-07-04,P010,Pratik,Omen,Ascent,18,9,1,3,1951.0,24,Win,Gold
103445,2026-05-20,P012,Yash,Fade,Sunset,20,9,1,13,3388.0,25,Loss,Silver
104704,2026-07-26,P011,Neeraj,Fade,Haven,15,10,4,8,3081.0,26,Win,Diamond
103078,2026-06-26,P018,Manish,Killjoy,Pearl,15,10,6,6,2312.0,29,Win,Gold
109327,2026-09-02,P002,Rahul,Sage,Breeze,10,11,6,5,1437.0,21,Loss,Silver
107762,2026-07-02,P003,Amit,Cypher,Sunset,16,10,4,10,1840.0,21,Loss,Silver
108209,2026-01-20,P003,Amit,Cypher,Pearl,21,22,10,4,3720.0,24,Loss,Gold
105250,2026-03-13,P003,Amit,Phoenix,Pearl,22,17,4,4,2578.0,22,Win,Ascendant
109828,2026-05-06,P011,Neeraj,Killjoy,Bind,19,15,5,9,2505.0,24,Loss,Gold
100447,2026-04-22,P013,Ankit,Sage,Icebox,26,10,6,10,5401.0,19,Loss,Gold
109276,2026-02-13,P014,Varun,Sova,Sunset,21,17,5,13,2994.0,27,Win,Immortal
104404,2026-03-09,P002,Rahul,Chamber,Split,8,15,5,3,1206.0,20,Win,Bronze
103194,2026-02-15,P004,Rohan,Brimstone,Haven,18,10,14,9,4016.0,30,Win,Gold
102344,2026-09-16,P009,Sahil,Sage,Ascent,12,11,7,2,1802.0,21,Loss,Immortal
102586,2026-05-18,P003,Amit,Killjoy,Haven,28,18,11,13,4277.0,22,Win,Platinum
104725,2026-02-25,P020,Harsh,Omen,Bind,14,13,6,4,1607.0,25,Loss,Bronze
105114,2026-06-02,P006,Vivek,Omen,Bind,11,20,7,2,1860.0,27,Loss,Ascendant
107868,2026-09-19,P018,Manish,Phoenix,Bind,18,11,4,9,1706.0,18,Loss,Silver
102991,2026-03-20,P007,Karan,Sage,Bind,15,14,2,4,2392.0,19,Loss,Bronze
100683,2026-05-22,P013,Ankit,Viper,Bind,19,12,5,12,4099.0,28,Loss,Gold
106343,2026-01-06,P017,Siddhant,Jett,Breeze,13,15,8,3,1902.0,24,Loss,Gold
105780,2026-01-01,P010,Pratik,Reyna,Haven,11,20,4,4,1878.0,21,Loss,Gold
100461,2026-01-11,P019,Ritesh,Cypher,Breeze,17,11,6,8,2519.0,28,Win,Diamond
104787,2026-07-19,P004,Rohan,Raze,Pearl,21,22,3,8,3060.0,18,Win,Diamond
109845,2026-04-18,P011,Neeraj,Raze,Lotus,12,12,4,4,1386.0,18,Loss,Iron
101915,2026-02-23,P006,Vivek,Chamber,Icebox,19,14,8,10,3044.0,30,Loss,Gold
105950,2026-03-18,P010,Pratik,Phoenix,Lotus,24,19,6,7,2543.0,18,Loss,Diamond
100318,2026-07-22,P018,Manish,Chamber,Breeze,28,14,13,6,4154.0,22,Win,Diamond
109108,2026-09-08,P017,Siddhant,Phoenix,Pearl,15,11,4,5,1715.0,18,Win,Ascendant
105942,2026-04-09,P003,Amit,Gekko,Sunset,21,13,5,11,2584.0,25,Win,Gold
104326,2026-09-24,P001,Shubham,Chamber,Haven,28,16,3,12,4200.0,26,Loss,Platinum
103519,2026-04-08,P003,Amit,Viper,Split,20,13,11,5,2735.0,29,Loss,Gold
107966,2026-07-25,P019,Ritesh,Cypher,Breeze,12,13,2,3,2493.0,20,Loss,Gold
108615,2026-01-26,P009,Sahil,Reyna,Sunset,28,13,9,5,4362.0,27,Loss,Silver
100376,2026-03-23,P015,Nikhil,Gekko,Lotus,29,11,1,3,4063.0,19,Loss,Immortal
100410,2026-08-09,P017,Siddhant,Jett,Lotus,5,12,7,2,845.0,26,Win,Gold
108005,2026-01-14,P011,Neeraj,Chamber,Haven,26,10,8,13,4282.0,25,Win,Diamond
103464,2026-04-01,P019,Ritesh,Phoenix,Ascent,25,11,7,9,3370.0,25,Loss,Bronze
109150,2026-03-10,P019,Ritesh,Fade,Icebox,11,8,7,6,1439.0,28,Win,Platinum
109882,2026-06-19,P014,Varun,Brimstone,Lotus,25,15,7,8,3778.0,25,Win,Silver
101780,2026-01-15,P018,Manish,Raze,Pearl,27,20,4,11,4471.0,24,Win,Gold
104844,2026-02-18,P010,Pratik,Sova,Icebox,25,17,0,10,3389.0,18,Win,Silver
101145,2026-09-17,P014,Varun,Viper,Icebox,16,5,6,8,2869.0,29,Loss,Diamond
104845,2026-03-11,P013,Ankit,Fade,Lotus,21,11,7,6,2922.0,25,Loss,Ascendant
103044,2026-06-15,P020,Harsh,Cypher,Haven,19,15,0,9,2721.0,21,Win,Gold
106491,2026-01-22,P013,Ankit,Sage,Split,12,11,10,2,2027.0,27,Loss,Ascendant
105809,2026-09-02,P007,Karan,Brimstone,Haven,25,17,8,11,3447.0,28,Loss,Silver
109635,2026-03-08,P017,Siddhant,Raze,Lotus,12,14,4,5,2117.0,21,Win,Silver
102864,2026-07-13,P013,Ankit,Jett,Pearl,14,13,8,8,2272.0,20,Win,Diamond
102245,2026-05-20,P003,Amit,Raze,Bind,22,13,2,7,4023.0,23,Win,Diamond
102377,2026-09-02,P020,Harsh,Brimstone,Lotus,24,7,9,5,4116.0,29,Loss,Ascendant
108485,2026-05-30,P012,Yash,Jett,Lotus,14,10,8,8,2107.0,27,Win,Diamond
100274,2026-04-27,P014,Varun,Fade,Haven,11,16,10,5,1971.0,22,Win,Silver
108171,2026-03-19,P007,Karan,Jett,Bind,20,15,1,7,2974.0,19,Win,Platinum
104992,2026-07-06,P019,Ritesh,Reyna,Bind,33,16,7,20,2996.0,19,Win,Silver
104053,2026-08-01,P013,Ankit,Chamber,Bind,17,21,5,6,2009.0,28,Loss,Gold
103316,2026-06-22,P016,Arjun,Jett,Pearl,3,8,8,2,569.0,19,Win,Platinum
109809,2026-08-12,P016,Arjun,Chamber,Bind,15,12,4,5,1905.0,20,Loss,Diamond
104121,2026-08-06,P020,Harsh,Chamber,Breeze,23,16,2,10,2687.0,26,Loss,Iron
108499,2026-08-30,P007,Karan,Reyna,Split,4,13,5,2,978.0,19,Win,Silver
101963,2026-07-22,P003,Amit,Jett,Sunset,12,12,4,5,1881.0,20,Loss,Bronze
109536,2026-03-06,P009,Sahil,Gekko,Lotus,23,10,6,9,2871.0,28,Win,Platinum
109913,2026-08-29,P020,Harsh,Chamber,Bind,22,16,6,6,3049.0,26,Win,Bronze
106727,2026-08-26,P011,Neeraj,Omen,Split,22,10,0,9,3425.0,24,Win,Gold
106615,2026-04-10,P008,Aditya,Sova,Split,14,11,5,5,2311.0,18,Win,Gold
102930,2026-05-09,P019,Ritesh,Fade,Haven,9,13,8,2,1438.0,22,Win,Bronze
101509,2026-05-30,P010,Pratik,Fade,Ascent,12,14,8,7,1727.0,30,Win,Gold
105629,2026-03-30,P019,Ritesh,Cypher,Breeze,26,14,9,12,3522.0,23,Win,Silver
104975,2026-03-08,P011,Neeraj,Fade,Split,12,11,6,6,1604.0,28,Loss,Silver
102943,2026-01-12,P007,Karan,Jett,Lotus,19,11,4,9,3377.0,26,Win,Platinum
102732,2026-05-17,P013,Ankit,Killjoy,Icebox,34,12,9,17,4290.0,20,Loss,Bronze
107720,2026-05-17,P016,Arjun,Raze,Haven,7,11,5,1,1333.0,25,Loss,Platinum
106292,2026-03-10,P003,Amit,Chamber,Pearl,31,16,6,11,4060.0,29,Loss,Gold
104245,2026-07-05,P016,Arjun,Viper,Split,16,15,5,5,2917.0,30,Win,Diamond
108949,2026-01-27,P014,Varun,Chamber,Split,21,17,6,9,3724.0,19,Win,Platinum
105412,2026-03-14,P003,Amit,Fade,Ascent,11,13,5,1,1455.0,29,Win,Silver
103110,2026-06-22,P016,Arjun,Phoenix,Bind,12,12,10,5,2133.0,18,Loss,Diamond
105551,2026-05-15,P005,Akash,Raze,Ascent,12,14,7,7,2038.0,22,Loss,Platinum
102802,2026-06-30,P013,Ankit,Killjoy,Ascent,16,20,7,5,2206.0,29,Loss,Gold
104985,2026-01-03,P003,Amit,Jett,Haven,27,16,7,14,3959.0,30,Win,Silver
102252,2026-06-27,P001,Shubham,Omen,Ascent,15,13,9,2,1893.0,24,Loss,Immortal
100513,2026-01-31,P017,Siddhant,Cypher,Haven,6,18,3,1,1164.0,30,Win,Gold
105193,2026-03-29,P017,Siddhant,Jett,Ascent,19,23,7,6,2850.0,18,Win,Ascendant
104347,2026-03-16,P002,Rahul,Cypher,Sunset,19,14,6,11,3000.0,19,Loss,Silver
105648,2026-02-12,P014,Varun,Cypher,Ascent,19,17,7,6,2169.0,25,Loss,Diamond
100921,2026-08-21,P013,Ankit,Reyna,Split,19,20,2,11,1740.0,29,Loss,Immortal
102926,2026-08-25,P011,Neeraj,Fade,Lotus,14,15,12,9,2739.0,22,Loss,Platinum
107726,2026-04-14,P007,Karan,Gekko,Breeze,21,12,0,4,2877.0,19,Win,Platinum
108846,2026-01-15,P015,Nikhil,Killjoy,Lotus,31,15,11,11,5030.0,18,Loss,Platinum
101691,2026-03-19,P012,Yash,Cypher,Split,8,16,2,4,1578.0,19,Win,Ascendant
100474,2026-09-25,P017,Siddhant,Cypher,Ascent,24,7,6,10,2707.0,22,Win,Platinum
104708,2026-07-12,P013,Ankit,Phoenix,Icebox,21,19,3,8,3743.0,22,Loss,Immortal
107371,2026-09-04,P012,Yash,Sova,Split,34,17,0,17,6500.0,23,Loss,Diamond
101453,2026-03-12,P019,Ritesh,Reyna,Sunset,26,18,10,12,3170.0,22,Loss,Diamond
107846,2026-02-13,P019,Ritesh,Jett,Pearl,9,19,3,3,1509.0,20,Win,Gold
104665,2026-08-29,P005,Akash,Sova,Sunset,16,10,8,9,2400.0,27,Win,Immortal
105518,2026-09-13,P009,Sahil,Phoenix,Breeze,17,7,2,10,3152.0,26,Loss,Silver
104345,2026-01-20,P010,Pratik,Phoenix,Ascent,3,17,9,0,535.0,19,Win,Bronze
102069,2026-04-03,P011,Neeraj,Sage,Split,25,10,6,5,5101.0,29,Win,Bronze
103540,2026-07-07,P004,Rohan,Omen,Pearl,17,10,2,6,2622.0,27,Win,Silver
103422,2026-08-14,P009,Sahil,Brimstone,Haven,5,12,1,0,694.0,28,Win,Ascendant
106984,2026-06-14,P003,Amit,Sage,Pearl,27,22,8,8,5235.0,30,Win,Gold
104067,2026-09-12,P006,Vivek,Chamber,Breeze,16,13,5,5,2279.0,20,Win,Ascendant
103524,2026-03-04,P001,Shubham,Sova,Pearl,10,15,12,4,1658.0,27,Loss,Iron
101408,2026-04-11,P018,Manish,Fade,Ascent,25,17,13,11,3337.0,27,Win,Diamond
101277,2026-05-05,P013,Ankit,Raze,Lotus,31,14,4,10,4298.0,24,Loss,Silver
103317,2026-06-24,P001,Shubham,Sage,Pearl,19,14,10,6,2646.0,23,Loss,Platinum
103315,2026-08-18,P017,Siddhant,Sova,Ascent,23,16,2,12,3055.0,24,Win,Gold
106719,2026-01-24,P004,Rohan,Sova,Pearl,36,18,0,24,6500.0,21,Loss,Bronze
108700,2026-03-30,P003,Amit,Sage,Pearl,17,14,7,6,3248.0,23,Loss,Gold
105505,2026-03-11,P010,Pratik,Brimstone,Pearl,12,6,7,5,1810.0,26,Win,Gold
101923,2026-04-29,P020,Harsh,Phoenix,Ascent,8,12,4,3,1437.0,28,Win,Gold
109153,2026-09-22,P006,Vivek,Omen,Sunset,11,10,9,4,1630.0,29,Win,Gold
103668,2026-09-02,P010,Pratik,Sage,Split,9,15,5,2,1412.0,23,Loss,Platinum
107921,2026-01-09,P019,Ritesh,Jett,Breeze,19,9,7,5,3181.0,24,Loss,Diamond
104771,2026-05-05,P017,Siddhant,Jett,Ascent,16,16,7,7,2940.0,23,Loss,Diamond
104742,2026-09-23,P019,Ritesh,Gekko,Lotus,35,15,6,11,4002.0,27,Win,Silver
101084,2026-02-16,P002,Rahul,Killjoy,Lotus,14,10,7,7,1983.0,23,Loss,Platinum
107592,2026-06-13,P018,Manish,Viper,Lotus,10,15,9,6,1989.0,18,Loss,Immortal
102794,2026-04-18,P011,Neeraj,Phoenix,Lotus,16,15,6,4,1766.0,19,Loss,Ascendant
109773,2026-04-04,P016,Arjun,Reyna,Lotus,26,26,8,8,6483.0,19,Win,Ascendant
101020,2026-07-07,P019,Ritesh,Chamber,Pearl,10,13,9,4,1813.0,21,Win,Platinum
100705,2026-08-04,P018,Manish,Omen,Split,4,14,5,1,525.0,26,Loss,Gold
102157,2026-08-30,P006,Vivek,Gekko,Icebox,14,15,3,9,2663.0,18,Loss,Gold
105601,2026-03-23,P003,Amit,Chamber,Icebox,27,23,10,15,4632.0,27,Loss,Platinum
105129,2026-09-08,P005,Akash,Brimstone,Breeze,6,13,5,2,847.0,23,Loss,Platinum
104464,2026-06-02,P012,Yash,Viper,Breeze,29,19,3,10,3865.0,20,Win,Ascendant
100908,2026-05-17,P010,Pratik,Jett,Icebox,13,22,8,3,1468.0,24,Loss,Iron
102592,2026-08-09,P009,Sahil,Chamber,Bind,22,25,5,15,3181.0,18,Loss,Bronze
101660,2026-01-16,P017,Siddhant,Sova,Ascent,21,15,8,6,4804.0,22,Win,Diamond
108889,2026-07-31,P008,Aditya,Sage,Haven,32,16,5,17,3500.0,26,Loss,Platinum
100594,2026-09-30,P019,Ritesh,Chamber,Breeze,3,14,7,0,516.0,29,Loss,Platinum
101954,2026-07-20,P004,Rohan,Jett,Icebox,18,10,8,5,2581.0,21,Loss,Iron
100440,2026-07-07,P017,Siddhant,Jett,Haven,34,14,7,10,6389.0,23,Win,Platinum
106192,2026-05-13,P017,Siddhant,Gekko,Breeze,16,16,7,11,2312.0,20,Loss,Bronze
104192,2026-09-14,P011,Neeraj,Phoenix,Lotus,25,18,7,9,3275.0,21,Loss,Ascendant
102239,2026-03-20,P005,Akash,Brimstone,Icebox,4,11,5,3,725.0,26,Win,Silver
100010,2026-02-22,P019,Ritesh,Chamber,Bind,12,13,6,3,1927.0,29,Loss,Gold
109046,2026-01-31,P007,Karan,Raze,Pearl,19,10,12,9,2400.0,24,Win,Gold
101147,2026-08-08,P007,Karan,Jett,Breeze,16,11,8,5,2551.0,30,Loss,Ascendant
101369,2026-09-04,P008,Aditya,Fade,Pearl,10,21,8,4,1614.0,24,Win,Platinum
107429,2026-01-09,P009,Sahil,Viper,Lotus,7,10,2,2,1002.0,27,Loss,Silver
100093,2026-03-17,P015,Nikhil,Cypher,Ascent,10,21,8,4,1404.0,28,Loss,Immortal
106784,2026-03-29,P016,Arjun,Killjoy,Bind,24,13,11,14,4191.0,30,Win,Immortal
104254,2026-03-05,P005,Akash,Omen,Breeze,16,21,8,7,2172.0,29,Win,Gold
103399,2026-04-17,P009,Sahil,Phoenix,Sunset,14,10,0,5,1454.0,30,Loss,Diamond
109735,2026-06-09,P011,Neeraj,Brimstone,Sunset,19,11,5,9,2128.0,30,Loss,Immortal
104824,2026-06-11,P018,Manish,Raze,Split,23,15,9,10,3418.0,27,Win,Platinum
102574,2026-07-04,P015,Nikhil,Viper,Haven,28,21,2,10,4980.0,21,Win,Silver
100292,2026-08-13,P002,Rahul,Cypher,Haven,23,12,2,8,3429.0,25,Win,Platinum
107923,2026-08-01,P007,Karan,Raze,Breeze,9,13,5,5,1812.0,30,Win,Silver
104972,2026-08-03,P002,Rahul,Reyna,Split,13,17,4,4,1874.0,26,Loss,Ascendant
105620,2026-04-28,P018,Manish,Chamber,Sunset,14,7,11,5,1828.0,20,Win,Gold
103204,2026-08-19,P010,Pratik,Sova,Breeze,25,13,5,9,4433.0,27,Loss,Gold
108305,2026-02-27,P015,Nikhil,Viper,Haven,6,17,8,3,1104.0,29,Win,Gold
104879,2026-05-08,P008,Aditya,Omen,Breeze,24,14,10,5,3063.0,20,Win,Ascendant
102515,2026-03-27,P011,Neeraj,Fade,Breeze,9,18,4,3,940.0,21,Loss,Platinum
102760,2026-02-25,P019,Ritesh,Jett,Haven,24,16,8,13,3916.0,27,Loss,Platinum
109603,2026-08-04,P014,Varun,Fade,Ascent,11,19,1,5,2024.0,23,Win,Diamond
107220,2026-07-12,P010,Pratik,Raze,Haven,21,16,7,13,2359.0,19,Win,Gold
102191,2026-05-14,P008,Aditya,Chamber,Haven,25,18,2,13,3600.0,19,Win,Ascendant
104568,2026-04-27,P012,Yash,Gekko,Pearl,10,15,5,6,1432.0,20,Win,Platinum
107890,2026-03-12,P009,Sahil,Raze,Haven,20,10,7,11,3150.0,18,Win,Silver
108374,2026-08-07,P017,Siddhant,Viper,Icebox,17,10,10,4,2005.0,20,Loss,Platinum
104170,2026-04-05,P012,Yash,Viper,Split,32,15,5,12,5097.0,22,Loss,Gold
107990,2026-01-23,P009,Sahil,Omen,Lotus,13,10,9,8,2375.0,18,Win,Bronze
109377,2026-05-30,P014,Varun,Chamber,Haven,17,11,4,6,2255.0,20,Win,Bronze
105446,2026-09-02,P005,Akash,Gekko,Lotus,24,13,5,10,4092.0,22,Loss,Diamond
105391,2026-07-07,P014,Varun,Jett,Icebox,26,18,8,8,3331.0,23,Win,Immortal
109994,2026-05-13,P016,Arjun,Cypher,Haven,31,14,10,4,4306.0,22,Win,Platinum
102638,2026-01-29,P019,Ritesh,Reyna,Pearl,21,15,6,11,2598.0,24,Win,Silver
109734,2026-04-02,P008,Aditya,Omen,Haven,20,11,9,5,3107.0,22,Win,Immortal
107226,2026-03-17,P001,Shubham,Killjoy,Haven,13,15,6,5,1527.0,21,Win,Platinum
103355,2026-03-29,P002,Rahul,Omen,Bind,20,8,11,8,2611.0,20,Loss,Diamond
104415,2026-07-24,P001,Shubham,Viper,Icebox,15,10,2,5,2419.0,30,Loss,Silver
104801,2026-07-25,P006,Vivek,Chamber,Ascent,11,19,4,4,1793.0,29,Loss,Iron
108284,2026-07-07,P018,Manish,Fade,Bind,15,17,5,7,2555.0,29,Loss,Silver
107922,2026-02-02,P020,Harsh,Fade,Breeze,4,15,5,1,503.0,29,Win,Ascendant
105664,2026-03-24,P015,Nikhil,Gekko,Bind,30,20,7,17,2997.0,27,Win,Gold
105155,2026-08-02,P005,Akash,Sage,Pearl,12,7,6,2,2458.0,24,Win,Platinum
104597,2026-09-22,P019,Ritesh,Killjoy,Lotus,22,11,7,12,3568.0,27,Loss,Ascendant
109848,2026-09-05,P001,Shubham,Sage,Ascent,18,11,3,8,3581.0,22,Win,Bronze
103860,2026-07-04,P005,Akash,Jett,Haven,24,11,7,9,3975.0,21,Win,Gold
103130,2026-09-04,P014,Varun,Sova,Icebox,11,11,9,6,1871.0,26,Win,Bronze
102886,2026-06-14,P009,Sahil,Reyna,Bind,19,11,3,10,3477.0,30,Win,Platinum
108101,2026-03-08,P016,Arjun,Sova,Pearl,16,14,6,7,2328.0,29,Win,Diamond
102885,2026-02-11,P011,Neeraj,Chamber,Split,26,21,9,12,3448.0,21,Loss,Gold
105502,2026-06-01,P011,Neeraj,Fade,Ascent,19,17,0,9,3360.0,22,Win,Bronze
103749,2026-05-19,P003,Amit,Raze,Haven,7,12,8,3,1146.0,20,Loss,Gold
101683,2026-06-01,P014,Varun,Phoenix,Breeze,14,15,7,6,2545.0,27,Win,Iron
101418,2026-06-06,P005,Akash,Viper,Bind,22,7,5,5,4299.0,21,Loss,Silver
105817,2026-08-03,P006,Vivek,Jett,Sunset,8,16,8,2,1220.0,21,Win,Diamond
103396,2026-01-07,P013,Ankit,Sage,Breeze,16,17,0,2,2606.0,20,Loss,Gold
109892,2026-08-14,P006,Vivek,Raze,Breeze,27,13,3,17,4008.0,22,Loss,Diamond
107443,2026-06-15,P002,Rahul,Sova,Haven,28,14,4,5,3569.0,29,Win,Silver
100700,2026-03-21,P004,Rohan,Raze,Pearl,7,14,6,2,979.0,27,Loss,Platinum
109577,2026-04-24,P017,Siddhant,Brimstone,Ascent,18,20,9,6,3020.0,25,Win,Diamond
107733,2026-04-21,P020,Harsh,Raze,Icebox,25,22,2,13,4453.0,23,Win,Diamond
108952,2026-07-30,P006,Vivek,Reyna,Ascent,20,11,1,10,2823.0,23,Win,Diamond
102484,2026-05-29,P003,Amit,Fade,Sunset,15,16,12,8,2236.0,30,Loss,Gold
107978,2026-06-13,P002,Rahul,Fade,Bind,17,16,2,9,1949.0,27,Loss,Diamond
105859,2026-03-07,P008,Aditya,Fade,Sunset,17,10,7,11,1648.0,23,Loss,Diamond
108080,2026-01-12,P014,Varun,Phoenix,Sunset,28,10,7,8,2381.0,30,Win,Immortal
103027,2026-03-08,P019,Ritesh,Omen,Haven,17,12,10,7,2891.0,27,Win,Silver
107704,2026-03-03,P016,Arjun,Killjoy,Pearl,14,11,5,4,2057.0,24,Loss,Diamond
103448,2026-08-17,P011,Neeraj,Omen,Ascent,25,18,4,14,2890.0,27,Win,Iron
105327,2026-05-26,P003,Amit,Reyna,Sunset,11,14,11,7,1737.0,19,Win,Platinum
102478,2026-07-06,P001,Shubham,Viper,Breeze,11,14,7,7,1738.0,18,Win,Silver
106382,2026-01-24,P007,Karan,Phoenix,Pearl,19,19,5,7,2923.0,18,Win,Gold
107257,2026-06-05,P004,Rohan,Sova,Haven,15,11,8,9,1916.0,27,Win,Diamond
107785,2026-06-23,P010,Pratik,Viper,Haven,17,9,7,3,2960.0,29,Loss,Immortal
107537,2026-08-15,P018,Manish,Sova,Bind,14,12,8,3,2171.0,21,Loss,Diamond
101684,2026-03-08,P007,Karan,Fade,Bind,23,11,0,6,3382.0,22,Loss,Gold
103784,2026-09-26,P018,Manish,Reyna,Ascent,14,7,10,7,2437.0,18,Win,Silver
102513,2026-02-01,P002,Rahul,Reyna,Breeze,19,20,7,10,2394.0,22,Win,Diamond
106134,2026-07-23,P020,Harsh,Sage,Icebox,20,14,2,5,2949.0,19,Win,Diamond
101730,2026-04-25,P008,Aditya,Raze,Bind,10,15,4,5,1392.0,25,Win,Ascendant
103017,2026-09-06,P002,Rahul,Jett,Haven,29,11,5,18,4934.0,26,Loss,Immortal
108861,2026-01-08,P006,Vivek,Killjoy,Bind,16,11,5,10,2069.0,28,Loss,Diamond
107499,2026-04-17,P009,Sahil,Omen,Haven,22,14,4,8,2293.0,22,Loss,Immortal
100603,2026-06-08,P001,Shubham,Raze,Ascent,13,18,7,5,1755.0,22,Win,Gold
103771,2026-08-01,P001,Shubham,Sage,Split,22,12,6,9,3542.0,27,Win,Gold
106596,2026-07-07,P003,Amit,Raze,Lotus,16,19,12,7,2369.0,28,Loss,Silver
100393,2026-01-29,P003,Amit,Phoenix,Bind,3,19,4,1,653.0,24,Win,Diamond
109752,2026-02-08,P006,Vivek,Phoenix,Split,22,25,8,12,3503.0,27,Win,Bronze
109984,2026-06-03,P018,Manish,Fade,Split,13,19,9,8,2048.0,27,Loss,Diamond
103012,2026-04-09,P018,Manish,Raze,Lotus,17,10,8,13,1815.0,22,Win,Ascendant
109633,2026-03-27,P005,Akash,Fade,Lotus,16,19,11,5,2585.0,23,Win,Bronze
100095,2026-03-30,P011,Neeraj,Jett,Breeze,29,12,3,10,3621.0,22,Win,Bronze
107195,2026-08-06,P017,Siddhant,Killjoy,Pearl,16,19,9,6,2593.0,21,Win,Gold
107677,2026-08-05,P012,Yash,Jett,Sunset,21,17,1,12,2296.0,24,Loss,Silver
102360,2026-08-31,P014,Varun,Omen,Lotus,15,10,6,6,2768.0,18,Win,Diamond
101543,2026-02-23,P015,Nikhil,Fade,Breeze,7,10,6,4,1086.0,22,Loss,Platinum
101458,2026-01-25,P015,Nikhil,Sova,Breeze,5,19,7,4,952.0,23,Loss,Gold
109528,2026-07-10,P001,Shubham,Omen,Haven,30,13,7,10,3440.0,29,Win,Platinum
108129,2026-07-19,P005,Akash,Raze,Bind,19,9,5,5,3113.0,29,Loss,Platinum
103780,2026-08-07,P003,Amit,Brimstone,Pearl,12,16,7,3,1822.0,22,Win,Platinum
108683,2026-05-10,P010,Pratik,Fade,Icebox,17,13,0,5,2246.0,26,Loss,Bronze
105294,2026-07-24,P013,Ankit,Jett,Bind,18,15,7,7,2656.0,23,Win,Diamond
109709,2026-05-13,P010,Pratik,Cypher,Haven,26,13,3,15,2524.0,27,Win,Silver
106708,2026-01-27,P014,Varun,Chamber,Pearl,12,12,9,2,1369.0,28,Win,Platinum
101261,2026-02-06,P019,Ritesh,Phoenix,Pearl,17,24,4,9,2291.0,24,Loss,Platinum
106108,2026-09-15,P009,Sahil,Sova,Split,24,15,7,8,3305.0,25,Win,Diamond
104819,2026-08-11,P012,Yash,Reyna,Ascent,17,19,8,9,3048.0,22,Loss,Iron
101981,2026-06-16,P020,Harsh,Jett,Haven,19,17,2,8,2188.0,30,Loss,Diamond
105360,2026-09-25,P014,Varun,Fade,Sunset,18,17,7,11,3090.0,18,Loss,Diamond
102534,2026-08-01,P011,Neeraj,Viper,Split,26,14,5,8,5136.0,18,Win,Gold
101501,2026-05-22,P013,Ankit,Brimstone,Lotus,21,9,3,4,3115.0,26,Loss,Platinum
106972,2026-01-17,P007,Karan,Viper,Split,16,13,0,8,2726.0,24,Loss,Silver
109278,2026-09-13,P006,Vivek,Chamber,Lotus,32,18,4,15,5405.0,26,Loss,Gold
103955,2026-05-21,P014,Varun,Sage,Sunset,30,8,5,12,4415.0,25,Win,Ascendant
107528,2026-07-03,P001,Shubham,Jett,Icebox,17,16,9,4,2044.0,25,Loss,Gold
102724,2026-06-19,P002,Rahul,Sova,Ascent,13,16,3,7,1702.0,25,Loss,Platinum
101702,2026-01-12,P009,Sahil,Gekko,Icebox,13,17,2,6,1564.0,26,Win,Gold
100019,2026-02-27,P019,Ritesh,Reyna,Icebox,20,11,0,9,3564.0,23,Win,Gold
107905,2026-08-20,P019,Ritesh,Sage,Icebox,17,9,11,3,2133.0,26,Loss,Diamond
108917,2026-02-03,P007,Karan,Reyna,Sunset,19,13,5,11,2438.0,24,Win,Iron
107803,2026-02-09,P009,Sahil,Jett,Lotus,11,25,3,7,1299.0,20,Win,Gold
108727,2026-02-24,P013,Ankit,Killjoy,Breeze,15,12,3,6,2091.0,27,Win,Gold
104043,2026-08-02,P005,Akash,Viper,Pearl,30,16,7,7,4742.0,23,Loss,Ascendant
107952,2026-01-04,P017,Siddhant,Brimstone,Breeze,7,10,5,1,1186.0,26,Loss,Platinum
100809,2026-06-07,P006,Vivek,Gekko,Haven,15,10,10,10,3028.0,22,Win,Diamond
105022,2026-01-02,P015,Nikhil,Brimstone,Icebox,14,11,5,5,2076.0,24,Loss,Silver
102291,2026-05-15,P018,Manish,Sage,Bind,36,16,0,20,4218.0,28,Loss,Silver
102109,2026-06-28,P019,Ritesh,Fade,Sunset,21,20,6,2,2072.0,24,Loss,Diamond
101488,2026-08-20,P007,Karan,Killjoy,Split,25,15,5,16,3157.0,28,Win,Diamond
105852,2026-01-09,P003,Amit,Brimstone,Bind,9,14,1,6,1626.0,30,Win,Silver
107441,2026-07-11,P009,Sahil,Gekko,Lotus,24,11,7,13,3320.0,30,Win,Ascendant
106594,2026-05-11,P017,Siddhant,Sage,Sunset,12,12,4,6,2223.0,29,Win,Immortal
101142,2026-08-05,P012,Yash,Brimstone,Haven,18,17,5,7,2842.0,25,Loss,Silver
109234,2026-08-11,P006,Vivek,Sova,Haven,25,16,11,6,3355.0,28,Win,Platinum
102107,2026-04-27,P013,Ankit,Jett,Ascent,13,20,7,4,1426.0,29,Loss,Silver
105972,2026-04-06,P020,Harsh,Fade,Pearl,15,12,1,7,2263.0,27,Win,Diamond
102303,2026-05-01,P015,Nikhil,Omen,Haven,25,18,1,11,3126.0,27,Loss,Gold
105735,2026-06-26,P002,Rahul,Chamber,Split,20,13,5,7,3449.0,22,Loss,Ascendant
109296,2026-07-18,P009,Sahil,Brimstone,Breeze,12,12,7,4,2251.0,27,Win,Silver
108991,2026-08-10,P006,Vivek,Killjoy,Split,8,12,7,4,971.0,18,Loss,Silver
102340,2026-09-17,P009,Sahil,Omen,Bind,22,15,5,9,3671.0,21,Loss,Platinum
109099,2026-08-11,P003,Amit,Omen,Bind,24,14,3,7,3110.0,27,Loss,Silver
101253,2026-06-11,P012,Yash,Sage,Split,6,11,4,2,904.0,24,Win,Silver
108301,2026-09-22,P006,Vivek,Reyna,Haven,21,22,3,11,2379.0,20,Win,Ascendant
100620,2026-03-20,P010,Pratik,Raze,Sunset,26,14,1,13,3633.0,21,Win,Bronze
107308,2026-06-04,P003,Amit,Omen,Sunset,8,16,8,3,1830.0,23,Win,Platinum
102948,2026-03-27,P016,Arjun,Phoenix,Bind,21,16,6,5,2470.0,19,Loss,Platinum
108868,2026-09-10,P019,Ritesh,Cypher,Pearl,14,11,9,3,2646.0,27,Loss,Platinum
101658,2026-09-01,P003,Amit,Raze,Haven,26,9,1,8,4314.0,20,Win,Diamond
101046,2026-09-18,P011,Neeraj,Brimstone,Haven,32,13,8,8,3710.0,23,Win,Diamond
104938,2026-01-31,P005,Akash,Killjoy,Sunset,10,17,3,2,1748.0,21,Loss,Silver
109530,2026-09-10,P006,Vivek,Fade,Icebox,8,17,5,6,1171.0,21,Win,Gold
101569,2026-08-06,P001,Shubham,Sova,Pearl,22,11,4,10,2615.0,19,Win,Platinum
100743,2026-06-10,P012,Yash,Chamber,Haven,9,12,9,5,1038.0,19,Win,Platinum
100222,2026-07-02,P011,Neeraj,Chamber,Bind,25,14,7,12,3645.0,29,Loss,Platinum
107430,2026-05-02,P018,Manish,Omen,Sunset,8,14,10,5,1274.0,24,Loss,Gold
100625,2026-03-05,P013,Ankit,Cypher,Haven,16,16,7,11,3051.0,22,Loss,Silver
108637,2026-02-05,P002,Rahul,Sova,Ascent,15,19,6,8,1884.0,22,Loss,Gold
106580,2026-03-29,P006,Vivek,Sova,Ascent,17,13,8,3,2437.0,20,Win,Bronze
105281,2026-04-06,P002,Rahul,Cypher,Sunset,8,16,3,2,1763.0,28,Loss,Ascendant
106947,2026-05-02,P019,Ritesh,Viper,Breeze,19,19,2,8,2617.0,24,Win,Immortal
102517,2026-08-10,P008,Aditya,Sova,Haven,26,16,10,10,4600.0,24,Win,Iron
107619,2026-04-10,P018,Manish,Fade,Ascent,8,19,3,2,1146.0,20,Loss,Platinum
103949,2026-08-22,P015,Nikhil,Reyna,Breeze,15,12,7,4,1492.0,24,Win,Platinum
102465,2026-04-16,P018,Manish,Cypher,Breeze,23,10,5,11,4879.0,20,Win,Ascendant
106252,2026-01-03,P018,Manish,Chamber,Icebox,20,12,0,7,3078.0,19,Loss,
100353,2026-04-29,P019,Ritesh,Fade,Split,12,7,8,9,1945.0,19,Win,Silver
106804,2026-01-20,P018,Manish,Sova,Lotus,13,9,11,2,2044.0,25,Win,Ascendant
108048,2026-04-05,P018,Manish,Cypher,Haven,8,15,5,1,1225.0,22,Loss,Gold
104610,2026-05-01,P018,Manish,Killjoy,Lotus,5,13,0,1,766.0,18,Loss,Platinum
103244,2026-08-08,P010,Pratik,Omen,Pearl,26,11,3,7,2702.0,25,Win,Silver
100239,2026-01-28,P019,Ritesh,Cypher,Icebox,3,15,6,2,662.0,19,Loss,Gold
102650,2026-08-05,P019,Ritesh,Phoenix,Bind,23,18,7,9,3642.0,27,Win,Gold
106630,2026-06-17,P010,Pratik,Brimstone,Split,12,14,7,4,1417.0,28,Win,Platinum
107249,2026-04-24,P013,Ankit,Cypher,Haven,10,14,2,3,1846.0,19,Win,Immortal
103231,2026-03-05,P007,Karan,Reyna,Haven,24,11,2,6,3449.0,19,Win,Diamond
103548,2026-07-07,P017,Siddhant,Chamber,Split,15,15,1,7,1929.0,30,Loss,Gold
105118,2026-09-03,P001,Shubham,Phoenix,Lotus,23,12,11,4,2894.0,20,Loss,Silver
106810,2026-05-15,P017,Siddhant,Raze,Bind,27,17,3,10,4132.0,22,Loss,Bronze
107986,2026-09-18,P019,Ritesh,Phoenix,Icebox,15,15,6,3,2493.0,27,Loss,Gold
108334,2026-08-29,P016,Arjun,Reyna,Split,19,14,0,7,1667.0,20,Win,Gold
101018,2026-03-12,P014,Varun,Brimstone,Pearl,22,17,3,14,3105.0,21,Win,Silver
103127,2026-04-22,P012,Yash,Sova,Bind,24,9,3,13,4162.0,22,Win,Bronze
106211,2026-08-12,P016,Arjun,Sova,Ascent,12,14,7,4,1782.0,26,Win,Diamond
101794,2026-03-10,P013,Ankit,Omen,Bind,15,10,0,10,2410.0,23,Loss,Platinum
108510,2026-09-13,P016,Arjun,Cypher,Haven,3,14,7,2,516.0,24,Win,Ascendant
101103,2026-04-29,P004,Rohan,Raze,Breeze,12,13,7,2,2333.0,21,Loss,Silver
107018,2026-06-25,P007,Karan,Sage,Bind,19,13,1,10,2409.0,19,Win,Gold
107197,2026-06-27,P005,Akash,Fade,Lotus,30,22,9,14,4456.0,22,Win,Ascendant
105767,2026-05-10,P006,Vivek,Cypher,Icebox,9,17,5,4,1091.0,27,Win,Gold
104896,2026-09-09,P007,Karan,Omen,Bind,14,17,3,6,3200.0,19,Win,Immortal
109901,2026-09-13,P004,Rohan,Phoenix,Split,12,16,8,7,2178.0,22,Win,Gold
107433,2026-06-03,P016,Arjun,Viper,Lotus,20,15,7,7,2676.0,27,Win,Platinum
105882,2026-05-12,P008,Aditya,Omen,Haven,22,9,2,9,3095.0,25,Win,Gold
103375,2026-06-03,P016,Arjun,Brimstone,Icebox,12,8,5,4,1879.0,23,Loss,Ascendant
106182,2026-02-05,P016,Arjun,Chamber,Bind,13,16,3,5,1205.0,26,Win,Silver
109257,2026-07-25,P005,Akash,Brimstone,Lotus,11,12,5,5,1521.0,22,Loss,Diamond
104747,2026-08-04,P001,Shubham,Fade,Icebox,18,24,8,6,2752.0,30,Win,Platinum
109341,2026-03-31,P004,Rohan,Omen,Breeze,26,15,4,12,3583.0,19,Loss,Ascendant
103338,2026-07-19,P005,Akash,Brimstone,Ascent,21,13,3,9,3089.0,18,Win,Iron
109365,2026-02-20,P012,Yash,Raze,Sunset,13,16,6,7,984.0,23,Win,Immortal
109438,2026-06-05,P012,Yash,Omen,Sunset,25,16,8,12,4165.0,30,Loss,Immortal
108818,2026-09-21,P018,Manish,Viper,Sunset,18,10,5,7,3123.0,24,Win,Platinum
100217,2026-06-27,P011,Neeraj,Jett,Bind,17,13,7,7,3284.0,29,Win,Platinum
102221,2026-07-04,P007,Karan,Killjoy,Icebox,3,16,6,1,376.0,20,Win,Diamond
108183,2026-05-19,P007,Karan,Omen,Icebox,20,15,8,7,3048.0,19,Win,Platinum
108439,2026-07-24,P009,Sahil,Killjoy,Ascent,14,13,1,2,1714.0,26,Win,Ascendant
101034,2026-04-08,P002,Rahul,Brimstone,Icebox,23,13,5,7,3476.0,21,Loss,Gold
103815,2026-06-02,P011,Neeraj,Fade,Split,19,11,6,8,2458.0,20,Loss,Silver
107438,2026-05-31,P019,Ritesh,Omen,Lotus,14,17,4,3,2374.0,18,Loss,Bronze
104779,2026-04-06,P005,Akash,Omen,Ascent,14,9,4,5,1936.0,20,Win,Gold
104194,2026-05-26,P003,Amit,Cypher,Lotus,23,13,3,6,3809.0,21,Win,Diamond
103646,2026-03-17,P005,Akash,Brimstone,Lotus,28,15,4,12,3250.0,30,Win,Platinum
100906,2026-08-04,P001,Shubham,Gekko,Haven,17,11,7,3,2602.0,22,Win,Gold
108733,2026-07-08,P002,Rahul,Sage,Breeze,10,10,6,3,1504.0,20,Win,Bronze
103745,2026-05-26,P020,Harsh,Gekko,Split,12,9,6,6,1894.0,19,Win,Gold
105702,2026-07-04,P004,Rohan,Jett,Breeze,14,7,3,9,2521.0,29,Loss,Silver
109242,2026-07-08,P020,Harsh,Raze,Split,19,22,7,9,2106.0,22,Win,Diamond
108144,2026-09-03,P014,Varun,Sage,Pearl,26,14,10,12,4391.0,21,Win,Platinum
109585,2026-07-05,P015,Nikhil,Reyna,Lotus,10,13,5,4,1577.0,20,Win,Diamond
101766,2026-04-13,P012,Yash,Gekko,Sunset,15,7,4,5,2446.0,19,Loss,Ascendant
106098,2026-02-26,P009,Sahil,Viper,Split,20,14,8,6,3625.0,23,Loss,Silver
103443,2026-07-28,P014,Varun,Jett,Breeze,19,14,5,12,3366.0,30,Win,Gold
101618,2026-05-24,P009,Sahil,Chamber,Pearl,18,16,7,11,2794.0,24,Win,Gold
101807,2026-03-20,P020,Harsh,Raze,Haven,16,11,11,5,2214.0,18,Loss,Ascendant
103550,2026-08-20,P005,Akash,Raze,Split,17,20,0,3,3093.0,23,Win,Platinum
108570,2026-01-03,P009,Sahil,Sova,Ascent,25,13,8,17,3927.0,18,Win,Silver
100852,2026-09-02,P019,Ritesh,Phoenix,Ascent,18,14,4,8,3014.0,30,Loss,Gold
106151,2026-02-03,P011,Neeraj,Killjoy,Bind,11,16,6,1,1290.0,27,Win,Gold
101760,2026-05-11,P008,Aditya,Killjoy,Pearl,15,19,0,4,1740.0,27,Loss,Immortal
107599,2026-04-02,P017,Siddhant,Killjoy,Haven,27,16,5,13,2348.0,28,Win,Gold
103284,2026-06-07,P008,Aditya,Sage,Pearl,12,11,7,3,1438.0,24,Loss,Iron
105309,2026-02-23,P012,Yash,Sage,Split,10,15,8,5,2195.0,27,Win,Platinum
106101,2026-01-03,P010,Pratik,Cypher,Haven,17,15,7,4,2053.0,18,Win,Gold
105183,2026-09-11,P016,Arjun,Phoenix,Icebox,24,14,0,11,3665.0,24,Loss,Immortal
109004,2026-01-11,P001,Shubham,Raze,Sunset,30,13,6,12,5039.0,26,Loss,Platinum
106769,2026-05-24,P001,Shubham,Sova,Icebox,8,14,5,2,1360.0,19,Win,Gold
101608,2026-01-30,P014,Varun,Chamber,Breeze,20,13,8,10,2633.0,27,Win,Ascendant
100747,2026-04-15,P015,Nikhil,Sage,Pearl,25,9,0,10,3814.0,20,Loss,Gold
109636,2026-08-04,P012,Yash,Sage,Pearl,6,13,11,3,1349.0,26,Loss,Silver
100347,2026-01-17,P010,Pratik,Phoenix,Lotus,25,11,8,15,5366.0,28,Win,Silver
103387,2026-06-29,P004,Rohan,Jett,Pearl,19,15,1,6,2771.0,20,Loss,Silver
107008,2026-04-27,P009,Sahil,Omen,Haven,8,13,3,3,1146.0,20,Loss,Bronze
104539,2026-03-01,P015,Nikhil,Brimstone,Pearl,23,11,4,7,2284.0,28,Loss,Silver
106987,2026-03-25,P011,Neeraj,Cypher,Bind,31,21,4,16,4116.0,25,Loss,
108602,2026-07-15,P014,Varun,Jett,Bind,26,14,4,6,4607.0,28,Win,Iron
107472,2026-02-20,P013,Ankit,Killjoy,Haven,11,13,7,6,1407.0,30,Win,Gold
109592,2026-07-11,P020,Harsh,Cypher,Sunset,20,16,8,8,4192.0,30,Loss,Gold
109075,2026-09-17,P007,Karan,Killjoy,Bind,21,9,6,8,4377.0,18,Win,Gold
101355,2026-02-01,P010,Pratik,Killjoy,Ascent,17,12,7,5,1954.0,25,Win,Gold
108735,2026-06-10,P001,Shubham,Raze,Split,27,13,3,9,3154.0,18,Win,Platinum
103060,2026-09-14,P010,Pratik,Sova,Ascent,14,17,7,6,2105.0,30,Loss,Ascendant
102286,2026-05-12,P011,Neeraj,Phoenix,Pearl,7,13,7,2,1630.0,21,Win,Diamond
105547,2026-07-16,P020,Harsh,Fade,Breeze,10,18,3,3,2243.0,30,Win,Gold
103305,2026-06-09,P006,Vivek,Jett,Bind,22,8,5,6,4133.0,30,Win,Silver
101737,2026-04-09,P016,Arjun,Chamber,Bind,23,8,7,12,3069.0,25,Win,Diamond
104414,2026-06-04,P006,Vivek,Gekko,Ascent,26,12,0,11,2730.0,28,Loss,Bronze
100763,2026-03-11,P004,Rohan,Viper,Haven,30,12,0,13,5278.0,28,Loss,Bronze
107859,2026-09-12,P003,Amit,Fade,Lotus,14,12,7,9,2302.0,21,Win,Immortal
108866,2026-08-23,P009,Sahil,Omen,Breeze,21,14,8,7,3127.0,20,Loss,Iron
103883,2026-09-29,P006,Vivek,Fade,Lotus,17,14,8,4,2002.0,23,Win,Gold
101222,2026-01-16,P013,Ankit,Reyna,Haven,7,12,9,3,1355.0,19,Loss,Bronze
106137,2026-01-26,P008,Aditya,Viper,Bind,18,22,1,5,2897.0,28,Win,Immortal
104877,2026-05-20,P016,Arjun,Gekko,Breeze,24,13,3,11,2810.0,22,Win,Platinum
107278,2026-09-30,P011,Neeraj,Omen,Ascent,18,11,5,7,2408.0,18,Win,Gold
104489,2026-08-09,P010,Pratik,Brimstone,Pearl,20,13,8,7,2040.0,27,Win,Diamond
107769,2026-04-04,P018,Manish,Sova,Bind,21,20,5,12,3242.0,29,Win,Gold
107181,2026-02-15,P008,Aditya,Brimstone,Sunset,14,17,9,3,2796.0,23,Loss,Iron
109410,2026-03-05,P015,Nikhil,Cypher,Ascent,12,8,2,2,2067.0,25,Win,Diamond
100708,2026-05-02,P002,Rahul,Omen,Bind,16,17,9,8,2359.0,28,Loss,Gold
100509,2026-08-13,P007,Karan,Jett,Haven,19,11,8,6,3684.0,26,Win,Ascendant
104064,2026-04-19,P009,Sahil,Killjoy,Lotus,27,18,8,12,4724.0,26,Win,Gold
107571,2026-04-19,P015,Nikhil,Phoenix,Split,21,12,9,17,2632.0,23,Loss,Silver
106367,2026-03-30,P016,Arjun,Viper,Pearl,17,18,3,12,2697.0,19,Win,Iron
104262,2026-04-29,P013,Ankit,Phoenix,Ascent,20,19,5,4,1335.0,22,Win,Gold
106338,2026-09-11,P015,Nikhil,Omen,Split,17,19,4,6,2908.0,20,Win,Silver
108589,2026-06-08,P020,Harsh,Phoenix,Lotus,29,17,6,14,4847.0,28,Win,Silver
107143,2026-03-30,P011,Neeraj,Jett,Ascent,22,17,13,11,3114.0,30,Loss,Gold
106860,2026-05-22,P009,Sahil,Jett,Ascent,22,10,6,5,2854.0,21,Loss,Diamond
108897,2026-05-25,P011,Neeraj,Reyna,Split,20,11,10,7,2589.0,18,Loss,Gold
105922,2026-03-19,P002,Rahul,Chamber,Ascent,20,13,3,5,4052.0,29,Win,Gold
104794,2026-01-29,P010,Pratik,Chamber,Bind,18,16,2,6,3029.0,23,Win,Platinum
107800,2026-03-20,P003,Amit,Raze,Sunset,17,11,7,5,2460.0,20,Loss,Silver
100711,2026-05-14,P019,Ritesh,Sage,Haven,6,14,8,3,1189.0,28,Loss,Gold
106508,2026-05-14,P020,Harsh,Raze,Icebox,22,14,5,10,2919.0,26,Win,Iron
109148,2026-06-19,P004,Rohan,Reyna,Bind,20,19,7,8,2517.0,28,Win,Platinum
109011,2026-05-31,P012,Yash,Reyna,Sunset,24,14,5,9,3692.0,23,Win,Gold
106358,2026-02-20,P016,Arjun,Fade,Bind,24,20,10,12,3113.0,25,Loss,Ascendant
100712,2026-06-27,P020,Harsh,Phoenix,Icebox,19,11,7,11,2932.0,26,Win,
106786,2026-06-11,P018,Manish,Jett,Sunset,11,13,4,5,1929.0,19,Loss,Silver
101245,2026-03-24,P004,Rohan,Sage,Bind,12,14,10,3,2524.0,18,Win,Platinum
106112,2026-09-25,P007,Karan,Omen,Split,17,12,6,8,2712.0,30,Loss,Platinum
102685,2026-04-19,P017,Siddhant,Gekko,Split,14,16,10,5,2182.0,18,Loss,Platinum
105157,2026-09-29,P009,Sahil,Killjoy,Sunset,10,12,7,4,1472.0,20,Win,Platinum
100715,2026-01-05,P010,Pratik,Chamber,Lotus,18,16,0,6,2558.0,19,Win,Gold
101498,2026-02-17,P018,Manish,Brimstone,Breeze,15,9,4,5,2244.0,26,Win,Diamond
102254,2026-03-08,P020,Harsh,Sage,Pearl,25,12,9,14,3007.0,18,Win,Gold
106952,2026-02-27,P017,Siddhant,Raze,Sunset,23,13,6,13,3566.0,18,Win,Silver
108822,2026-06-20,P008,Aditya,Cypher,Sunset,7,15,5,3,1239.0,23,Loss,Platinum
103053,2026-02-01,P016,Arjun,Jett,Lotus,19,15,4,7,3069.0,26,Win,Diamond
109471,2026-01-22,P004,Rohan,Reyna,Pearl,7,17,10,4,1479.0,22,Loss,Silver
100212,2026-09-28,P019,Ritesh,Sova,Pearl,11,16,3,3,1757.0,20,Loss,Platinum
102862,2026-01-23,P017,Siddhant,Reyna,Icebox,11,16,6,6,1737.0,24,Loss,Gold
104823,2026-05-21,P012,Yash,Brimstone,Bind,15,15,11,5,1961.0,29,Loss,Gold
101010,2026-04-05,P016,Arjun,Gekko,Bind,29,16,7,9,4084.0,30,Loss,Diamond
100323,2026-03-07,P016,Arjun,Raze,Breeze,22,15,10,12,3441.0,27,Win,Platinum
107896,2026-07-30,P007,Karan,Sage,Ascent,35,18,2,12,5341.0,26,Loss,Platinum
108217,2026-01-03,P002,Rahul,Viper,Sunset,30,14,7,8,5177.0,26,Win,Gold
103207,2026-04-09,P012,Yash,Chamber,Icebox,14,8,2,6,2301.0,22,Win,Bronze
100334,2026-06-18,P005,Akash,Brimstone,Lotus,32,12,5,10,3828.0,22,Win,Silver
103520,2026-08-23,P011,Neeraj,Phoenix,Pearl,20,11,5,8,3301.0,18,Win,Ascendant
102388,2026-05-18,P016,Arjun,Brimstone,Lotus,23,13,6,8,3013.0,30,Loss,Diamond
103647,2026-09-11,P002,Rahul,Omen,Haven,23,12,5,5,3976.0,22,Loss,Gold
101862,2026-03-07,P018,Manish,Phoenix,Icebox,11,15,8,6,1580.0,22,Loss,Platinum
100233,2026-08-10,P006,Vivek,Cypher,Sunset,14,10,8,4,1760.0,20,Win,Diamond
106911,2026-03-09,P001,Shubham,Brimstone,Icebox,12,18,1,6,1612.0,22,Loss,Gold
102564,2026-03-14,P016,Arjun,Phoenix,Lotus,21,13,4,10,3683.0,29,Win,Diamond
105709,2026-07-26,P019,Ritesh,Chamber,Haven,8,10,7,1,1111.0,28,Win,Immortal
106604,2026-04-10,P011,Neeraj,Chamber,Sunset,16,13,2,9,2359.0,18,Win,Gold
107173,2026-08-11,P011,Neeraj,Sova,Lotus,24,13,6,8,3229.0,25,Loss,Platinum
109317,2026-01-13,P010,Pratik,Gekko,Pearl,8,13,0,5,1071.0,25,Loss,Bronze
107808,2026-03-20,P005,Akash,Jett,Lotus,23,13,2,6,2725.0,18,Loss,Diamond
102088,2026-06-16,P009,Sahil,Cypher,Pearl,14,12,4,4,2322.0,27,Win,Platinum
101575,2026-01-17,P016,Arjun,Brimstone,Bind,12,17,4,5,1869.0,18,Win,Silver
106700,2026-02-25,P015,Nikhil,Killjoy,Breeze,18,21,4,9,2618.0,22,Loss,Platinum
105421,2026-01-22,P004,Rohan,Cypher,Pearl,3,11,1,0,360.0,28,Loss,Bronze
102692,2026-04-13,P017,Siddhant,Jett,Sunset,10,19,3,7,1356.0,21,Loss,Ascendant
109067,2026-04-19,P009,Sahil,Cypher,Ascent,5,17,0,1,525.0,20,Win,Silver
100774,2026-07-17,P017,Siddhant,Fade,Bind,13,20,4,3,1791.0,26,Loss,Silver
105957,2026-04-26,P019,Ritesh,Viper,Breeze,16,12,5,5,2498.0,27,Win,Gold
100871,2026-05-13,P013,Ankit,Omen,Bind,22,13,10,11,3818.0,28,Win,
104191,2026-07-20,P011,Neeraj,Brimstone,Lotus,15,14,3,6,1872.0,27,Win,Platinum
101263,2026-01-11,P003,Amit,Killjoy,Lotus,19,15,6,9,1992.0,28,Loss,Platinum
104856,2026-09-16,P007,Karan,Brimstone,Bind,19,10,1,2,2707.0,23,Loss,Silver
103937,2026-03-19,P013,Ankit,Raze,Sunset,17,12,5,4,2631.0,21,Loss,Silver
102029,2026-07-12,P009,Sahil,Gekko,Ascent,17,9,8,3,1976.0,20,Loss,Silver
104132,2026-09-14,P018,Manish,Raze,Breeze,14,17,5,9,2958.0,30,Win,Gold
106209,2026-08-02,P001,Shubham,Killjoy,Ascent,22,17,1,16,3054.0,29,Loss,Platinum
101220,2026-09-13,P014,Varun,Killjoy,Breeze,20,15,7,13,1728.0,28,Loss,Silver
102138,2026-07-31,P016,Arjun,Reyna,Pearl,28,26,5,12,4832.0,29,Loss,Platinum
103708,2026-06-11,P016,Arjun,Jett,Bind,19,14,6,9,2922.0,22,Win,Gold
100408,2026-06-04,P008,Aditya,Gekko,Haven,25,16,6,14,2925.0,18,Win,Immortal
109436,2026-03-09,P008,Aditya,Gekko,Breeze,4,18,6,1,825.0,30,Loss,Platinum
108268,2026-09-12,P016,Arjun,Chamber,Lotus,28,16,6,19,4079.0,23,Win,Bronze
106347,2026-04-21,P013,Ankit,Cypher,Ascent,19,17,11,8,2502.0,24,Win,Platinum
109933,2026-05-10,P017,Siddhant,Reyna,Lotus,15,15,3,7,1357.0,18,Loss,Platinum
107698,2026-02-19,P010,Pratik,Omen,Pearl,29,11,1,7,2129.0,30,Win,Platinum
106672,2026-03-18,P018,Manish,Jett,Bind,8,15,6,5,1465.0,22,Win,Gold
109168,2026-06-13,P007,Karan,Raze,Lotus,18,15,9,4,3361.0,26,Loss,Diamond
104656,2026-03-09,P009,Sahil,Gekko,Pearl,15,12,11,4,2366.0,27,Win,Gold
107261,2026-07-25,P005,Akash,Omen,Haven,5,12,6,1,1064.0,18,Loss,Ascendant
105316,2026-06-01,P009,Sahil,Chamber,Bind,5,17,6,2,870.0,27,Win,Diamond
107600,2026-01-21,P013,Ankit,Jett,Split,14,14,6,4,1564.0,30,Loss,Silver
102997,2026-05-18,P019,Ritesh,Sage,Lotus,15,19,3,3,1573.0,27,Win,Gold
109107,2026-06-16,P017,Siddhant,Reyna,Haven,9,24,10,6,1489.0,28,Win,Platinum
106687,2026-07-10,P019,Ritesh,Gekko,Breeze,11,14,1,9,1327.0,20,Loss,Immortal
101758,2026-03-11,P010,Pratik,Gekko,Lotus,18,20,4,6,2805.0,22,Loss,Gold
105632,2026-02-02,P005,Akash,Phoenix,Icebox,3,12,5,1,622.0,19,Win,Diamond
106651,2026-08-20,P004,Rohan,Sage,Icebox,22,14,2,12,2050.0,25,Win,Gold
109785,2026-08-12,P018,Manish,Raze,Lotus,31,14,12,15,4307.0,21,Loss,Gold
108432,2026-06-27,P006,Vivek,Omen,Haven,20,12,7,14,4012.0,27,Win,Gold
102519,2026-07-16,P005,Akash,Sage,Ascent,11,15,3,4,1685.0,18,Win,Platinum
108531,2026-03-04,P010,Pratik,Cypher,Breeze,14,14,6,5,1801.0,25,Win,Immortal
107105,2026-02-26,P018,Manish,Fade,Sunset,8,16,7,2,1104.0,24,Loss,Gold
108089,2026-05-28,P012,Yash,Fade,Sunset,11,12,2,4,1823.0,19,Loss,Gold
101578,2026-01-24,P010,Pratik,Reyna,Icebox,21,16,0,9,3600.0,19,Win,Bronze
102970,2026-02-24,P003,Amit,Reyna,Ascent,24,13,4,6,2436.0,26,Win,Gold
104376,2026-04-25,P007,Karan,Sova,Icebox,22,17,4,5,2537.0,29,Loss,Ascendant
103160,2026-02-23,P014,Varun,Sova,Icebox,27,19,5,13,4802.0,19,Loss,Silver
103006,2026-08-28,P013,Ankit,Phoenix,Breeze,29,20,6,8,3977.0,23,Loss,Platinum
107329,2026-09-27,P019,Ritesh,Cypher,Haven,20,11,6,13,3500.0,20,Win,Gold
108205,2026-08-19,P001,Shubham,Cypher,Lotus,18,17,4,9,3140.0,19,Loss,Silver
103429,2026-03-15,P007,Karan,Fade,Bind,16,11,8,4,2367.0,28,Win,Immortal
107915,2026-03-14,P019,Ritesh,Viper,Icebox,10,16,7,2,1255.0,25,Win,Diamond
106261,2026-03-12,P018,Manish,Omen,Ascent,19,17,9,7,3345.0,27,Loss,Ascendant
102967,2026-01-14,P011,Neeraj,Killjoy,Breeze,21,12,7,5,2959.0,21,Loss,Diamond
109583,2026-01-04,P018,Manish,Jett,Lotus,24,15,4,13,2679.0,24,Win,Platinum
106350,2026-07-11,P017,Siddhant,Raze,Lotus,16,17,7,6,2988.0,23,Win,Gold
100745,2026-06-21,P015,Nikhil,Jett,Ascent,16,8,3,5,3544.0,27,Loss,Diamond
100710,2026-07-03,P009,Sahil,Sage,Breeze,23,9,4,7,3527.0,21,Loss,Diamond
100379,2026-06-20,P014,Varun,Sage,Breeze,19,17,2,3,3336.0,26,Win,Gold
104700,2026-09-04,P003,Amit,Reyna,Sunset,28,13,7,12,2744.0,22,Loss,Silver
102932,2026-04-10,P001,Shubham,Killjoy,Lotus,8,13,7,4,1176.0,24,Loss,Platinum
108877,2026-03-21,P002,Rahul,Omen,Breeze,7,9,2,3,1091.0,22,Loss,Gold
107185,2026-06-10,P005,Akash,Fade,Bind,10,20,1,5,1668.0,28,Win,Gold
104241,2026-07-13,P018,Manish,Viper,Bind,18,18,6,9,1985.0,18,Win,Platinum
104128,2026-01-19,P019,Ritesh,Jett,Pearl,5,8,9,3,607.0,18,Loss,Silver
105829,2026-03-09,P005,Akash,Omen,Icebox,12,20,5,1,2156.0,24,Win,Gold
104505,2026-03-29,P009,Sahil,Cypher,Sunset,18,11,7,10,2649.0,30,Loss,Diamond
105364,2026-02-20,P007,Karan,Omen,Breeze,19,7,12,13,3008.0,29,Loss,Immortal
107931,2026-07-21,P015,Nikhil,Cypher,Split,17,17,3,7,2897.0,29,Loss,Platinum
109545,2026-06-30,P007,Karan,Cypher,Split,26,11,4,8,3921.0,20,Loss,Silver
102012,2026-04-16,P012,Yash,Phoenix,Pearl,23,13,7,11,2826.0,26,Win,Bronze
105834,2026-02-28,P001,Shubham,Viper,Bind,10,18,6,2,1882.0,19,Loss,Bronze
101313,2026-04-30,P015,Nikhil,Sage,Haven,13,20,3,4,1614.0,20,Loss,Diamond
104461,2026-09-18,P013,Ankit,Sova,Breeze,15,13,0,5,2060.0,25,Loss,Bronze
102072,2026-07-20,P004,Rohan,Fade,Sunset,19,9,2,9,2673.0,23,Loss,Platinum
104983,2026-06-02,P006,Vivek,Reyna,Haven,11,15,8,3,1590.0,22,Win,Gold
105121,2026-02-13,P002,Rahul,Viper,Split,20,16,6,7,2679.0,25,Win,Platinum
108385,2026-07-21,P015,Nikhil,Chamber,Lotus,24,12,0,11,3896.0,29,Win,Platinum
101285,2026-04-02,P003,Amit,Sova,Ascent,8,16,4,2,1365.0,21,Win,Diamond
104401,2026-01-02,P007,Karan,Phoenix,Ascent,11,10,5,4,1172.0,21,Win,Silver
104469,2026-02-17,P015,Nikhil,Cypher,Split,23,7,9,8,4044.0,21,Win,Silver
101349,2026-06-20,P018,Manish,Jett,Icebox,7,10,3,3,1077.0,23,Loss,Gold
103898,2026-01-12,P012,Yash,Sage,Pearl,23,12,4,2,2608.0,18,Loss,Gold
107007,2026-03-24,P010,Pratik,Gekko,Icebox,8,11,7,3,1113.0,24,Loss,Gold
103542,2026-02-26,P018,Manish,Killjoy,Icebox,14,14,4,7,2241.0,30,Loss,Platinum
107367,2026-05-24,P016,Arjun,Fade,Haven,8,11,6,4,1358.0,24,Loss,Platinum
100427,2026-08-16,P001,Shubham,Chamber,Breeze,25,20,0,9,3385.0,18,Loss,Gold
100653,2026-07-27,P006,Vivek,Chamber,Ascent,20,12,5,11,2389.0,25,Win,Platinum
108894,2026-09-06,P002,Rahul,Gekko,Sunset,16,18,8,6,2080.0,22,Loss,Iron
104210,2026-06-08,P003,Amit,Cypher,Lotus,6,19,5,1,1418.0,27,Win,Gold
107771,2026-07-12,P005,Akash,Raze,Ascent,19,14,3,9,2759.0,30,Loss,Ascendant
103281,2026-04-10,P018,Manish,Jett,Split,4,13,10,2,827.0,21,Win,Platinum
108008,2026-03-12,P008,Aditya,Cypher,Bind,30,16,9,13,3545.0,19,Loss,Silver
108328,2026-01-01,P008,Aditya,Brimstone,Breeze,16,17,13,7,3013.0,27,Win,Gold
109491,2026-05-29,P014,Varun,Sage,Ascent,12,15,4,2,1295.0,19,Win,Silver
102889,2026-01-03,P007,Karan,Chamber,Haven,9,21,3,2,1259.0,29,Win,Iron
104374,2026-01-23,P004,Rohan,Chamber,Haven,15,13,2,2,2090.0,22,Loss,Gold
100611,2026-09-15,P007,Karan,Gekko,Haven,21,18,2,12,3840.0,23,Win,Silver
107942,2026-09-30,P014,Varun,Sova,Pearl,11,13,6,5,1619.0,23,Loss,Immortal
102273,2026-09-07,P009,Sahil,Sova,Ascent,16,11,12,7,2319.0,18,Loss,Platinum
103684,2026-08-02,P020,Harsh,Chamber,Pearl,16,13,6,7,3048.0,22,Loss,Gold
108896,2026-04-04,P016,Arjun,Chamber,Lotus,13,21,7,7,1920.0,23,Win,Iron
101623,2026-08-15,P007,Karan,Phoenix,Breeze,22,13,3,17,2702.0,28,Win,Silver
109236,2026-09-04,P017,Siddhant,Gekko,Ascent,15,16,6,3,2276.0,28,Win,Immortal
100554,2026-02-03,P004,Rohan,Sage,Lotus,6,16,8,4,901.0,29,Win,Immortal
102664,2026-05-02,P014,Varun,Fade,Split,21,13,7,13,2752.0,29,Loss,Diamond
100511,2026-05-24,P002,Rahul,Cypher,Haven,25,9,2,11,1748.0,19,Win,Silver
109811,2026-06-07,P014,Varun,Sage,Sunset,16,13,7,5,2626.0,28,Loss,Platinum
104381,2026-09-28,P007,Karan,Omen,Pearl,14,12,8,7,2243.0,20,Win,Platinum
100967,2026-07-24,P020,Harsh,Gekko,Pearl,5,20,6,3,713.0,29,Win,Platinum
106071,2026-04-10,P002,Rahul,Raze,Sunset,28,15,8,7,6064.0,29,Win,Bronze
101795,2026-09-16,P006,Vivek,Raze,Sunset,16,14,2,3,2119.0,28,Loss,Platinum
109533,2026-09-30,P015,Nikhil,Sova,Lotus,22,14,5,7,3937.0,29,Win,Diamond
101765,2026-09-19,P014,Varun,Fade,Icebox,15,7,9,8,1669.0,21,Loss,Bronze
103887,2026-04-03,P017,Siddhant,Omen,Pearl,17,13,4,9,2959.0,26,Loss,Gold
103320,2026-07-26,P020,Harsh,Sage,Split,24,17,8,5,3936.0,19,Win,Silver
107524,2026-03-17,P019,Ritesh,Cypher,Pearl,12,18,8,6,1737.0,22,Win,Ascendant
105728,2026-01-10,P009,Sahil,Viper,Pearl,15,17,0,6,2414.0,20,Win,Gold
104016,2026-03-02,P016,Arjun,Viper,Pearl,30,23,0,17,6038.0,24,Loss,Bronze
104407,2026-06-04,P005,Akash,Chamber,Ascent,19,19,5,7,3044.0,27,Loss,Platinum
104693,2026-02-27,P016,Arjun,Fade,Icebox,15,19,5,2,2944.0,30,Loss,Ascendant
106968,2026-08-10,P001,Shubham,Gekko,Ascent,7,11,7,1,1146.0,30,Loss,Platinum
103703,2026-04-10,P008,Aditya,Raze,Split,12,13,3,6,1457.0,19,Win,Silver
109431,2026-09-20,P013,Ankit,Killjoy,Haven,16,17,6,5,2324.0,24,Loss,Platinum
101109,2026-04-08,P003,Amit,Omen,Lotus,24,17,5,10,3367.0,27,Loss,Silver
105952,2026-04-09,P007,Karan,Chamber,Breeze,23,11,4,13,3289.0,19,Loss,Silver
105081,2026-05-16,P004,Rohan,Cypher,Sunset,9,16,8,3,1460.0,29,Loss,Silver
101038,2026-08-16,P015,Nikhil,Killjoy,Breeze,19,12,2,7,2299.0,29,Loss,Immortal
101194,2026-06-30,P011,Neeraj,Killjoy,Lotus,17,8,3,10,2249.0,19,Loss,Ascendant
108028,2026-03-14,P003,Amit,Viper,Sunset,28,11,8,17,4510.0,19,Loss,Gold
105009,2026-02-09,P004,Rohan,Phoenix,Pearl,18,12,12,10,2191.0,30,Win,Silver
103855,2026-07-25,P006,Vivek,Gekko,Breeze,15,6,5,3,2746.0,26,Loss,Ascendant
106442,2026-03-08,P008,Aditya,Chamber,Sunset,11,18,6,5,1772.0,19,Win,Silver
108992,2026-03-15,P017,Siddhant,Gekko,Icebox,12,16,8,5,1241.0,22,Loss,Platinum
106613,2026-09-29,P005,Akash,Gekko,Sunset,19,13,0,5,2511.0,20,Loss,Platinum
100934,2026-04-22,P016,Arjun,Sage,Haven,24,8,12,6,5227.0,26,Win,Iron
104463,2026-02-20,P011,Neeraj,Raze,Haven,6,9,3,1,1068.0,21,Loss,Iron
104710,2026-03-15,P003,Amit,Reyna,Pearl,14,8,5,6,1937.0,18,Win,Silver
100394,2026-01-18,P014,Varun,Jett,Split,7,12,7,3,969.0,26,Win,Ascendant
104807,2026-01-03,P001,Shubham,Raze,Icebox,9,9,2,5,1900.0,29,Win,Silver
102110,2026-09-17,P013,Ankit,Gekko,Split,27,12,9,16,4309.0,29,Loss,Diamond
109184,2026-09-09,P020,Harsh,Sage,Breeze,22,14,6,11,2921.0,21,Win,Bronze
103677,2026-03-30,P001,Shubham,Chamber,Icebox,18,12,5,3,2414.0,23,Win,Bronze
109962,2026-07-18,P010,Pratik,Omen,Bind,20,13,6,6,2889.0,27,Loss,Diamond
104716,2026-06-05,P019,Ritesh,Reyna,Ascent,7,15,0,4,1228.0,21,Loss,Platinum
101297,2026-05-22,P019,Ritesh,Chamber,Icebox,10,10,9,4,1279.0,21,Loss,Ascendant
107566,2026-08-29,P017,Siddhant,Fade,Haven,8,12,0,4,1322.0,30,Win,Diamond
101162,2026-03-28,P017,Siddhant,Killjoy,Bind,22,14,9,13,3629.0,18,Win,Platinum
107415,2026-04-10,P009,Sahil,Jett,Haven,19,8,9,6,2834.0,22,Win,Bronze
107323,2026-08-11,P008,Aditya,Cypher,Pearl,23,13,6,11,3342.0,27,Win,Platinum
101527,2026-04-01,P013,Ankit,Brimstone,Icebox,22,16,9,12,2259.0,27,Win,Ascendant
104362,2026-05-17,P006,Vivek,Brimstone,Split,15,7,4,7,2218.0,28,Win,Platinum
104162,2026-06-23,P016,Arjun,Jett,Ascent,18,13,3,10,2877.0,19,Loss,Ascendant
105863,2026-01-21,P019,Ritesh,Omen,Breeze,29,16,2,11,3639.0,18,Loss,Gold
100058,2026-09-04,P018,Manish,Killjoy,Breeze,14,11,7,5,2028.0,20,Loss,Ascendant
103033,2026-08-25,P012,Yash,Jett,Haven,24,18,7,9,3526.0,30,Win,Iron
107413,2026-08-23,P011,Neeraj,Fade,Lotus,18,13,6,8,2414.0,18,Loss,Bronze
107234,2026-08-15,P013,Ankit,Raze,Split,20,17,0,12,1867.0,29,Loss,Ascendant
106945,2026-09-04,P019,Ritesh,Killjoy,Split,11,8,9,4,1730.0,20,Win,Ascendant
104302,2026-04-25,P020,Harsh,Phoenix,Bind,22,9,15,3,3437.0,29,Loss,Diamond
108848,2026-08-19,P004,Rohan,Killjoy,Split,26,10,6,11,3419.0,20,Loss,Gold
106057,2026-04-27,P013,Ankit,Sova,Breeze,3,7,9,2,793.0,25,Loss,Gold
106424,2026-08-03,P012,Yash,Jett,Haven,22,13,4,10,2621.0,20,Win,Diamond
108236,2026-01-08,P005,Akash,Raze,Pearl,23,13,6,12,2281.0,20,Loss,Platinum
103325,2026-08-27,P015,Nikhil,Killjoy,Sunset,26,16,6,6,4178.0,19,Loss,Gold
108900,2026-01-14,P004,Rohan,Cypher,Split,11,20,4,6,2472.0,30,Win,Silver
100676,2026-05-22,P009,Sahil,Gekko,Sunset,4,10,2,2,762.0,22,Loss,Silver
103621,2026-02-02,P007,Karan,Fade,Pearl,13,7,9,7,1333.0,21,Win,Silver
103693,2026-06-10,P018,Manish,Sage,Icebox,22,12,5,9,3128.0,23,Win,Bronze
105268,2026-01-04,P009,Sahil,Reyna,Haven,22,22,8,10,2712.0,18,Loss,Ascendant
109519,2026-04-07,P001,Shubham,Omen,Lotus,19,9,4,3,2960.0,30,Win,Silver
102758,2026-08-31,P014,Varun,Reyna,Pearl,24,14,6,16,4428.0,22,Loss,Diamond
108581,2026-07-08,P001,Shubham,Jett,Lotus,13,16,3,3,2327.0,24,Loss,Immortal
107784,2026-01-04,P009,Sahil,Reyna,Icebox,11,21,4,5,1491.0,28,Win,Gold
102147,2026-06-22,P001,Shubham,Sova,Icebox,20,14,0,4,2537.0,29,Win,Gold
103608,2026-01-05,P002,Rahul,Cypher,Bind,16,17,11,3,2274.0,30,Win,Diamond
106410,2026-02-15,P003,Amit,Cypher,Haven,26,18,8,12,4928.0,20,Win,Ascendant
107652,2026-06-26,P017,Siddhant,Brimstone,Bind,13,19,6,6,2100.0,25,Loss,Platinum
105271,2026-01-08,P002,Rahul,Raze,Split,11,15,4,7,1612.0,21,Loss,Gold
100866,2026-08-09,P016,Arjun,Gekko,Split,12,11,12,7,2009.0,27,Loss,Bronze
106678,2026-09-04,P015,Nikhil,Killjoy,Haven,15,22,4,3,1789.0,23,Loss,Ascendant
107881,2026-02-05,P002,Rahul,Chamber,Split,16,15,2,8,2183.0,22,Win,Ascendant
104588,2026-08-13,P008,Aditya,Sage,Haven,21,18,7,4,2689.0,21,Win,Silver
108034,2026-02-15,P003,Amit,Omen,Split,28,9,7,11,4396.0,19,Win,Silver
103034,2026-06-27,P016,Arjun,Raze,Lotus,21,19,6,12,2127.0,19,Win,Bronze
101616,2026-09-05,P010,Pratik,Fade,Sunset,18,13,9,4,2627.0,26,Loss,Gold
105561,2026-05-10,P017,Siddhant,Jett,Lotus,19,12,10,10,3481.0,24,Loss,Silver
102470,2026-04-17,P005,Akash,Chamber,Pearl,14,15,9,7,2649.0,19,Win,Diamond
109195,2026-08-25,P005,Akash,Jett,Lotus,11,9,0,2,1738.0,22,Win,Ascendant
102128,2026-07-17,P001,Shubham,Fade,Breeze,22,14,6,10,2516.0,25,Win,Diamond
107033,2026-06-22,P007,Karan,Sova,Breeze,34,10,2,12,6004.0,27,Loss,Silver
109720,2026-08-29,P016,Arjun,Sage,Sunset,11,11,3,2,1734.0,30,Win,Gold
102375,2026-09-27,P006,Vivek,Fade,Bind,11,22,1,2,1778.0,18,Win,Platinum
104528,2026-09-15,P007,Karan,Killjoy,Split,12,10,3,5,2039.0,20,Loss,Diamond
101210,2026-03-16,P013,Ankit,Killjoy,Icebox,23,18,10,4,3670.0,24,Win,Gold
102697,2026-07-26,P010,Pratik,Raze,Bind,15,11,1,9,2504.0,25,Win,Silver
104230,2026-09-27,P005,Akash,Sova,Breeze,15,16,8,9,2412.0,27,Loss,Bronze
106105,2026-03-22,P010,Pratik,Gekko,Bind,21,11,1,12,2967.0,25,Loss,Bronze
103433,2026-07-02,P004,Rohan,Reyna,Bind,18,14,9,5,2533.0,22,Loss,Ascendant
104190,2026-03-10,P002,Rahul,Jett,Breeze,32,22,0,7,5164.0,19,Win,Silver
103653,2026-01-22,P016,Arjun,Raze,Haven,21,7,7,10,2918.0,26,Win,Diamond
107653,2026-01-20,P009,Sahil,Cypher,Haven,10,18,11,5,1366.0,25,Win,Silver
105030,2026-02-10,P019,Ritesh,Raze,Split,9,9,0,1,1692.0,29,Win,Silver
105013,2026-04-12,P017,Siddhant,Cypher,Ascent,18,7,9,5,2072.0,22,Loss,Diamond
106950,2026-06-15,P005,Akash,Chamber,Sunset,26,13,7,11,3966.0,25,Loss,Platinum
100617,2026-03-25,P018,Manish,Jett,Ascent,13,16,3,8,1820.0,27,Win,Gold
105198,2026-04-13,P001,Shubham,Brimstone,Split,9,11,4,3,1742.0,24,Win,Ascendant
109103,2026-04-15,P012,Yash,Killjoy,Icebox,8,7,11,4,1767.0,29,Loss,Gold
103434,2026-05-03,P020,Harsh,Brimstone,Bind,3,17,6,1,638.0,30,Loss,Diamond
109517,2026-07-03,P011,Neeraj,Killjoy,Split,17,9,2,11,2362.0,18,Win,Silver
100766,2026-03-23,P016,Arjun,Gekko,Lotus,13,13,8,7,2129.0,30,Loss,Immortal
103605,2026-02-08,P020,Harsh,Jett,Pearl,11,10,1,3,2004.0,30,Loss,Gold
105304,2026-04-18,P003,Amit,Gekko,Pearl,7,14,5,1,1143.0,22,Win,Immortal
109256,2026-04-03,P017,Siddhant,Phoenix,Sunset,31,19,8,14,5199.0,27,Loss,Platinum
101144,2026-05-18,P016,Arjun,Sova,Haven,10,19,6,3,1746.0,29,Win,Silver
107676,2026-02-26,P020,Harsh,Cypher,Sunset,26,15,1,12,3203.0,29,Win,Bronze
102678,2026-02-03,P002,Rahul,Sova,Bind,14,15,8,8,1983.0,25,Win,Diamond
100462,2026-08-29,P015,Nikhil,Viper,Split,16,23,5,3,2401.0,23,Loss,Ascendant
104762,2026-03-27,P002,Rahul,Jett,Pearl,4,10,0,0,538.0,19,Loss,Platinum
101941,2026-08-03,P015,Nikhil,Raze,Bind,26,19,6,13,3672.0,29,Win,Gold
106329,2026-07-05,P012,Yash,Sage,Lotus,19,10,10,8,2063.0,30,Win,Silver
104574,2026-06-08,P017,Siddhant,Killjoy,Sunset,15,13,3,6,2179.0,23,Loss,Silver
104252,2026-09-10,P003,Amit,Fade,Haven,18,9,6,8,2925.0,19,Loss,Gold
105325,2026-01-27,P011,Neeraj,Viper,Bind,28,14,7,6,3629.0,23,Win,Platinum
103383,2026-01-25,P019,Ritesh,Sage,Pearl,26,18,0,12,3789.0,20,Win,Gold
108001,2026-07-03,P008,Aditya,Chamber,Breeze,21,17,8,2,3354.0,22,Loss,Bronze
108913,2026-07-11,P006,Vivek,Chamber,Haven,28,18,2,12,4156.0,28,Win,Iron
102227,2026-02-16,P016,Arjun,Sova,Lotus,20,11,7,8,3390.0,19,Loss,Silver
108710,2026-02-25,P014,Varun,Phoenix,Sunset,3,10,2,2,313.0,24,Loss,Silver
100828,2026-09-19,P019,Ritesh,Sova,Bind,17,10,7,7,3540.0,30,Win,Platinum
106516,2026-05-04,P004,Rohan,Raze,Haven,8,15,4,2,1094.0,20,Loss,Diamond
103467,2026-07-27,P020,Harsh,Gekko,Lotus,26,16,2,14,2562.0,21,Loss,Gold
102447,2026-02-14,P007,Karan,Gekko,Ascent,18,13,4,5,2491.0,24,Loss,Ascendant
108883,2026-02-17,P017,Siddhant,Sova,Sunset,18,16,5,5,3195.0,30,Loss,Gold
108097,2026-05-23,P019,Ritesh,Omen,Ascent,30,12,5,14,3939.0,20,Win,Immortal
103151,2026-08-20,P002,Rahul,Reyna,Bind,17,13,1,11,2215.0,30,Loss,Diamond
109290,2026-05-04,P004,Rohan,Killjoy,Breeze,23,15,10,9,3898.0,25,Win,Gold
104755,2026-08-03,P020,Harsh,Chamber,Icebox,15,10,6,7,2149.0,20,Win,Ascendant
102867,2026-06-29,P018,Manish,Viper,Pearl,29,15,6,7,4424.0,29,Win,Silver
104902,2026-08-05,P019,Ritesh,Gekko,Bind,10,14,0,2,1464.0,18,Loss,Platinum
100020,2026-05-24,P003,Amit,Killjoy,Breeze,12,13,4,3,1702.0,30,Loss,Gold
101937,2026-01-27,P002,Rahul,Reyna,Pearl,25,13,8,8,3366.0,26,Win,Platinum
108713,2026-09-14,P006,Vivek,Reyna,Split,11,14,1,2,1588.0,26,Win,Platinum
107405,2026-03-20,P004,Rohan,Phoenix,Haven,23,7,10,14,3964.0,28,Loss,Silver
109788,2026-09-26,P020,Harsh,Viper,Icebox,10,7,6,2,1503.0,25,Win,Bronze
102389,2026-01-28,P011,Neeraj,Cypher,Sunset,27,19,5,12,5205.0,27,Win,Gold
101295,2026-07-27,P017,Siddhant,Viper,Haven,10,11,2,4,1541.0,25,Win,Gold
103785,2026-08-22,P001,Shubham,Phoenix,Bind,19,15,5,4,3014.0,28,Loss,Diamond
100591,2026-03-03,P003,Amit,Jett,Breeze,16,14,8,9,3237.0,29,Loss,Silver
101406,2026-04-12,P009,Sahil,Omen,Sunset,17,10,6,6,2677.0,19,Win,Platinum
100221,2026-01-03,P011,Neeraj,Phoenix,Haven,19,19,6,9,2565.0,22,Win,Platinum
105642,2026-01-16,P003,Amit,Reyna,Sunset,8,23,4,6,1237.0,20,Win,Platinum
106277,2026-02-27,P014,Varun,Raze,Haven,17,15,9,7,3037.0,19,Loss,Gold
104439,2026-08-23,P016,Arjun,Sage,Sunset,3,9,7,1,537.0,28,Loss,Gold
100858,2026-08-03,P016,Arjun,Jett,Icebox,14,12,5,2,2283.0,28,Win,Platinum
108899,2026-05-26,P003,Amit,Cypher,Bind,12,8,0,5,2396.0,25,Loss,Gold
104267,2026-05-07,P019,Ritesh,Cypher,Split,22,17,2,12,3840.0,24,Loss,Ascendant
106946,2026-01-30,P013,Ankit,Brimstone,Icebox,26,14,4,8,3871.0,21,Win,Silver
102168,2026-02-11,P020,Harsh,Gekko,Bind,23,19,0,4,4250.0,18,Win,Silver
104532,2026-04-18,P005,Akash,Fade,Bind,16,11,3,7,2711.0,25,Loss,Bronze
105589,2026-09-12,P004,Rohan,Killjoy,Sunset,5,16,5,2,939.0,30,Win,Platinum
102935,2026-08-18,P012,Yash,Cypher,Ascent,3,9,7,2,561.0,22,Loss,Immortal
107305,2026-09-21,P008,Aditya,Phoenix,Split,14,22,7,7,2008.0,28,Loss,Platinum
101655,2026-07-20,P005,Akash,Omen,Sunset,10,9,4,3,1320.0,28,Loss,Platinum
100994,2026-07-12,P019,Ritesh,Omen,Bind,16,14,8,8,2452.0,27,Win,Ascendant
105785,2026-06-26,P015,Nikhil,Brimstone,Sunset,20,27,2,8,2513.0,30,Loss,Gold
100730,2026-05-15,P009,Sahil,Reyna,Ascent,24,13,9,7,4576.0,26,Loss,Gold
103989,2026-03-27,P002,Rahul,Chamber,Pearl,13,10,0,6,2088.0,26,Win,Ascendant
107042,2026-06-13,P019,Ritesh,Fade,Pearl,8,23,2,0,759.0,22,Loss,Silver
108402,2026-07-19,P018,Manish,Chamber,Breeze,26,12,4,9,4186.0,19,Win,Silver
107541,2026-09-07,P008,Aditya,Brimstone,Pearl,21,19,6,8,3378.0,20,Loss,Bronze
109083,2026-07-28,P018,Manish,Chamber,Breeze,15,15,7,2,2746.0,27,Loss,Bronze
109018,2026-07-07,P005,Akash,Jett,Sunset,12,9,8,8,2310.0,26,Win,Bronze
103016,2026-05-20,P006,Vivek,Sage,Split,12,14,11,3,2282.0,21,Loss,Gold
109655,2026-05-12,P009,Sahil,Fade,Ascent,23,8,9,11,3789.0,19,Win,Gold
100465,2026-03-24,P013,Ankit,Sage,Ascent,20,11,9,7,2634.0,18,Loss,Bronze
105221,2026-01-12,P014,Varun,Raze,Ascent,7,7,4,2,718.0,30,Win,Diamond
106790,2026-02-23,P007,Karan,Raze,Sunset,19,17,0,7,3587.0,19,Loss,Immortal
108026,2026-03-12,P019,Ritesh,Cypher,Split,15,13,6,9,2796.0,21,Loss,Gold
100157,2026-04-19,P013,Ankit,Brimstone,Lotus,30,14,12,17,3004.0,23,Win,Silver
107084,2026-04-22,P017,Siddhant,Sova,Icebox,16,8,5,4,2730.0,24,Loss,Bronze
102310,2026-02-01,P013,Ankit,Cypher,Haven,10,19,6,4,1793.0,24,Win,Platinum
106888,2026-04-15,P008,Aditya,Sova,Haven,5,14,7,3,483.0,28,Win,Gold
100185,2026-03-25,P014,Varun,Raze,Split,14,10,2,9,2134.0,19,Win,Diamond
101002,2026-01-12,P020,Harsh,Viper,Pearl,21,8,0,11,2611.0,19,Loss,Platinum
107055,2026-08-05,P014,Varun,Brimstone,Icebox,11,14,13,4,1735.0,24,Win,Gold
105426,2026-02-06,P015,Nikhil,Sage,Bind,9,11,10,3,1135.0,22,Loss,Bronze
100400,2026-06-30,P009,Sahil,Omen,Haven,13,7,7,8,1555.0,24,Win,Silver
102680,2026-05-31,P016,Arjun,Brimstone,Ascent,22,15,1,4,4322.0,30,Win,Platinum
104359,2026-08-07,P012,Yash,Sova,Icebox,15,16,4,8,2716.0,23,Win,Ascendant
108113,2026-04-27,P018,Manish,Fade,Haven,19,18,6,13,4054.0,26,Win,Gold
107376,2026-09-01,P001,Shubham,Gekko,Breeze,9,20,7,3,1583.0,22,Win,Diamond
104081,2026-04-02,P010,Pratik,Killjoy,Haven,22,11,8,8,3324.0,19,Loss,Gold
104634,2026-02-13,P012,Yash,Killjoy,Haven,21,19,0,6,2221.0,23,Loss,Gold
109941,2026-09-01,P010,Pratik,Killjoy,Haven,9,13,3,2,1712.0,27,Win,Platinum
107224,2026-02-02,P006,Vivek,Raze,Bind,13,16,11,5,1911.0,26,Win,Platinum
109803,2026-04-14,P012,Yash,Cypher,Split,24,13,10,10,3827.0,21,Win,Platinum
101250,2026-06-20,P007,Karan,Raze,Bind,7,15,6,2,1136.0,26,Loss,Gold
104786,2026-06-28,P002,Rahul,Viper,Pearl,30,12,8,19,4690.0,29,Loss,Gold
102770,2026-08-16,P019,Ritesh,Sage,Icebox,19,12,8,5,2518.0,29,Win,Diamond
100059,2026-06-14,P011,Neeraj,Raze,Lotus,6,10,11,2,785.0,23,Win,Platinum
102737,2026-05-07,P007,Karan,Phoenix,Haven,17,10,4,4,1625.0,28,Win,Platinum
101113,2026-05-14,P011,Neeraj,Killjoy,Split,22,13,7,11,2120.0,23,Win,Silver
109456,2026-06-02,P007,Karan,Sova,Lotus,9,13,4,5,1198.0,20,Loss,Diamond
103529,2026-09-04,P012,Yash,Jett,Breeze,16,16,5,9,3209.0,28,Win,Diamond
101328,2026-01-09,P012,Yash,Gekko,Ascent,12,11,5,4,2260.0,23,Win,Silver
104738,2026-06-19,P006,Vivek,Reyna,Bind,18,14,2,7,2611.0,28,Loss,Ascendant
106713,2026-08-02,P010,Pratik,Cypher,Bind,20,16,8,6,2285.0,21,Win,Gold
102184,2026-05-16,P004,Rohan,Fade,Lotus,26,28,0,9,4746.0,27,Win,Diamond
106104,2026-04-24,P015,Nikhil,Gekko,Sunset,20,19,4,10,3404.0,18,Win,Diamond
105603,2026-07-21,P006,Vivek,Sova,Sunset,16,12,4,5,1563.0,18,Loss,Gold
108720,2026-07-29,P020,Harsh,Sova,Ascent,9,10,3,5,1490.0,25,Loss,Silver
105933,2026-03-13,P003,Amit,Gekko,Bind,18,14,14,4,2993.0,26,Win,Platinum
107601,2026-08-13,P001,Shubham,Reyna,Breeze,25,13,4,5,3234.0,30,Loss,Platinum
104789,2026-05-02,P003,Amit,Chamber,Ascent,22,19,8,9,2714.0,18,Win,Platinum
101550,2026-04-02,P006,Vivek,Cypher,Haven,10,10,5,2,1298.0,26,Loss,Diamond
101009,2026-04-10,P001,Shubham,Sage,Bind,10,7,5,4,1586.0,18,Loss,Bronze
107590,2026-01-16,P010,Pratik,Jett,Sunset,11,17,9,2,2195.0,25,Loss,Gold
104303,2026-02-23,P003,Amit,Sage,Haven,23,7,4,13,4193.0,26,Win,Platinum
109162,2026-05-10,P003,Amit,Sova,Pearl,12,13,9,2,2255.0,21,Win,Bronze
104022,2026-03-10,P004,Rohan,Sage,Icebox,24,18,6,8,4714.0,26,Loss,Ascendant
107613,2026-01-17,P017,Siddhant,Fade,Sunset,33,13,7,22,6384.0,24,Loss,Silver
105501,2026-05-23,P013,Ankit,Gekko,Split,25,14,0,7,3525.0,29,Win,Ascendant
106360,2026-04-16,P014,Varun,Sage,Breeze,32,16,4,21,3613.0,30,Win,Silver
108299,2026-01-06,P018,Manish,Killjoy,Breeze,12,15,12,6,2023.0,26,Loss,Gold
108908,2026-09-03,P004,Rohan,Brimstone,Split,21,19,5,9,2453.0,25,Win,Gold
104032,2026-06-20,P006,Vivek,Omen,Bind,19,19,0,5,3155.0,24,Win,Ascendant
101195,2026-01-23,P020,Harsh,Brimstone,Haven,27,12,7,9,4127.0,22,Loss,Gold
109069,2026-03-24,P014,Varun,Reyna,Sunset,13,13,6,7,2561.0,27,Win,Platinum
100879,2026-09-20,P011,Neeraj,Killjoy,Split,7,13,8,4,1007.0,25,Loss,Gold
104169,2026-03-16,P008,Aditya,Phoenix,Pearl,12,11,8,4,1459.0,30,Loss,Bronze
102545,2026-05-26,P003,Amit,Fade,Ascent,10,16,10,2,1341.0,22,Win,Silver
105894,2026-01-15,P006,Vivek,Sova,Haven,26,13,1,8,2951.0,29,Win,Bronze
105965,2026-05-20,P007,Karan,Reyna,Sunset,27,17,8,9,5044.0,21,Win,Platinum
102960,2026-02-17,P014,Varun,Viper,Bind,21,12,8,11,3387.0,24,Win,Silver
106954,2026-01-05,P020,Harsh,Gekko,Pearl,25,14,6,5,3601.0,21,Loss,Immortal
106107,2026-07-16,P003,Amit,Gekko,Pearl,8,13,4,3,1347.0,18,Win,Platinum
108400,2026-09-25,P004,Rohan,Raze,Haven,31,10,1,15,3650.0,29,Win,Gold
100883,2026-01-21,P009,Sahil,Omen,Icebox,10,14,8,4,1477.0,25,Win,Gold
104148,2026-08-01,P009,Sahil,Brimstone,Pearl,29,14,9,11,4254.0,25,Loss,Platinum
104521,2026-05-20,P010,Pratik,Raze,Bind,17,17,4,9,2455.0,27,Win,Gold
107548,2026-07-21,P003,Amit,Killjoy,Split,12,18,4,4,1792.0,26,Loss,Diamond
100211,2026-05-24,P003,Amit,Gekko,Sunset,16,17,10,10,2265.0,26,Loss,Platinum
107398,2026-07-08,P016,Arjun,Phoenix,Haven,21,13,5,11,3346.0,19,Win,Gold
103859,2026-05-25,P020,Harsh,Killjoy,Sunset,5,16,6,2,580.0,20,Loss,Silver
102963,2026-03-05,P016,Arjun,Reyna,Ascent,14,9,7,3,2501.0,20,Win,Silver
101957,2026-07-10,P007,Karan,Cypher,Icebox,24,13,5,13,2320.0,26,Win,Platinum
109854,2026-05-07,P010,Pratik,Brimstone,Icebox,9,20,5,7,,27,Loss,Silver
108804,2026-06-07,P012,Yash,Raze,Icebox,11,13,0,5,1620.0,22,Win,Diamond
101438,2026-03-02,P020,Harsh,Raze,Ascent,13,15,6,4,2151.0,18,Loss,Bronze
100467,2026-03-23,P013,Ankit,Fade,Breeze,16,13,0,6,2165.0,29,Win,Ascendant
105491,2026-03-01,P009,Sahil,Raze,Haven,21,12,12,9,4166.0,20,Loss,Silver
103625,2026-09-29,P008,Aditya,Chamber,Breeze,12,17,9,2,1636.0,27,Loss,Platinum
108506,2026-02-26,P010,Pratik,Fade,Bind,21,8,6,7,3540.0,28,Win,Platinum
108626,2026-04-07,P002,Rahul,Viper,Pearl,6,19,4,1,1293.0,25,Win,Iron
100696,2026-05-27,P009,Sahil,Cypher,Ascent,16,15,0,7,2214.0,29,Win,Silver
106495,2026-08-30,P019,Ritesh,Gekko,Bind,4,6,6,2,513.0,27,Loss,Diamond
109667,2026-01-13,P016,Arjun,Sage,Ascent,8,9,6,5,1295.0,25,Loss,Gold
104564,2026-05-31,P019,Ritesh,Viper,Haven,32,17,3,12,4346.0,19,Win,Silver
106906,2026-09-07,P011,Neeraj,Fade,Bind,21,14,7,12,2358.0,21,Win,Ascendant
101314,2026-01-24,P011,Neeraj,Cypher,Bind,20,13,6,13,3017.0,24,Loss,Gold
107646,2026-07-28,P015,Nikhil,Cypher,Sunset,18,11,8,9,3038.0,20,Win,Bronze
106453,2026-09-07,P011,Neeraj,Brimstone,Ascent,18,12,8,9,1573.0,29,Win,Bronze
105111,2026-03-24,P014,Varun,Viper,Icebox,22,10,6,13,3304.0,19,Loss,Gold
103706,2026-09-23,P007,Karan,Reyna,Icebox,26,9,5,10,3518.0,27,Win,Diamond
100914,2026-09-18,P002,Rahul,Raze,Haven,9,11,7,3,1024.0,19,Win,Immortal
100012,2026-05-09,P007,Karan,Sova,Breeze,23,12,2,12,2352.0,28,Win,Ascendant
103704,2026-06-06,P013,Ankit,Reyna,Breeze,25,9,4,11,3569.0,30,Loss,Iron
109030,2026-02-22,P005,Akash,Brimstone,Haven,14,19,6,7,2794.0,23,Loss,Immortal
101536,2026-04-29,P010,Pratik,Chamber,Pearl,13,17,10,2,2382.0,20,Win,Platinum
100736,2026-09-11,P001,Shubham,Cypher,Lotus,13,16,8,7,2035.0,19,Win,Gold
103532,2026-06-15,P016,Arjun,Sage,Bind,19,19,7,7,2094.0,28,Loss,Gold
108671,2026-09-20,P015,Nikhil,Killjoy,Ascent,28,17,0,9,2617.0,27,Loss,Gold
100453,2026-07-25,P012,Yash,Sova,Split,31,19,9,17,4208.0,18,Win,Silver
107146,2026-05-26,P012,Yash,Sage,Breeze,29,11,9,8,4198.0,18,Loss,Platinum
100927,2026-01-18,P019,Ritesh,Viper,Pearl,15,14,4,3,1904.0,19,Loss,Gold
102820,2026-07-22,P003,Amit,Brimstone,Haven,26,11,3,12,3004.0,30,Win,Gold
104466,2026-08-01,P011,Neeraj,Jett,Haven,21,13,5,6,3003.0,19,Loss,Gold
106690,2026-07-22,P012,Yash,Reyna,Split,8,15,2,6,1328.0,22,Loss,Silver
106503,2026-03-15,P018,Manish,Jett,Split,10,14,9,3,1425.0,28,Loss,Ascendant
100037,2026-05-18,P017,Siddhant,Sage,Lotus,7,18,9,2,1086.0,25,Win,Platinum
107861,2026-07-04,P002,Rahul,Reyna,Breeze,18,19,3,6,2319.0,19,Win,Gold
103781,2026-03-02,P010,Pratik,Chamber,Bind,23,15,3,9,3414.0,29,Loss,Platinum
107666,2026-06-07,P014,Varun,Viper,Pearl,12,19,4,6,1845.0,24,Loss,Gold
103047,2026-07-02,P003,Amit,Raze,Haven,20,18,10,7,3136.0,28,Loss,Gold
107718,2026-04-02,P008,Aditya,Gekko,Bind,19,12,6,6,3234.0,29,Win,Gold
100940,2026-09-18,P004,Rohan,Sova,Ascent,3,12,2,1,598.0,21,Loss,Gold
107389,2026-06-18,P003,Amit,Raze,Sunset,12,12,7,4,2039.0,21,Loss,Platinum
103707,2026-01-26,P008,Aditya,Sage,Icebox,24,15,5,10,2655.0,27,Win,Ascendant
104110,2026-07-20,P008,Aditya,Fade,Sunset,19,13,5,12,3247.0,24,Loss,Bronze
103424,2026-08-04,P007,Karan,Jett,Pearl,17,10,5,8,1445.0,28,Win,Platinum
105300,2026-08-18,P017,Siddhant,Cypher,Bind,21,13,7,8,3391.0,19,Win,Gold
103091,2026-09-01,P017,Siddhant,Sage,Breeze,13,12,6,4,1815.0,21,Win,Gold
104483,2026-05-14,P010,Pratik,Sage,Haven,20,14,2,9,3640.0,26,Loss,Platinum
100738,2026-09-16,P003,Amit,Phoenix,Sunset,12,14,5,1,1354.0,22,Loss,Immortal
100538,2026-08-19,P009,Sahil,Killjoy,Haven,15,15,5,4,2549.0,23,Loss,Platinum
106821,2026-02-20,P012,Yash,Sage,Split,10,20,3,4,1168.0,28,Win,Diamond
104002,2026-05-09,P006,Vivek,Fade,Breeze,35,15,7,18,6500.0,27,Win,Gold
101400,2026-08-10,P017,Siddhant,Raze,Split,11,17,4,3,1396.0,25,Win,Gold
104091,2026-07-16,P003,Amit,Raze,Split,21,17,6,6,3227.0,20,Loss,Silver
109497,2026-04-11,P007,Karan,Sova,Split,26,15,4,15,4174.0,19,Loss,Bronze
102337,2026-08-25,P019,Ritesh,Phoenix,Split,17,9,4,6,2637.0,18,Win,Silver
108216,2026-01-20,P004,Rohan,Killjoy,Sunset,19,12,8,8,2786.0,21,Loss,Diamond
102236,2026-05-20,P011,Neeraj,Reyna,Ascent,23,11,5,15,3532.0,25,Win,Platinum
105563,2026-09-03,P005,Akash,Omen,Pearl,25,15,3,8,3273.0,23,Loss,Gold
101891,2026-09-01,P012,Yash,Reyna,Breeze,11,12,3,7,2148.0,27,Loss,Silver
105365,2026-05-23,P001,Shubham,Jett,Sunset,12,15,3,6,1554.0,29,Loss,Gold
108678,2026-01-18,P011,Neeraj,Brimstone,Split,22,12,5,7,3116.0,30,Win,Platinum
108781,2026-02-08,P016,Arjun,Chamber,Bind,13,19,8,7,1711.0,20,Loss,Iron
105278,2026-03-21,P019,Ritesh,Sage,Breeze,21,10,3,13,2143.0,19,Loss,Platinum
102423,2026-02-14,P010,Pratik,Gekko,Pearl,19,18,3,7,3579.0,24,Win,Platinum
106582,2026-04-10,P012,Yash,Sage,Split,21,12,5,8,1895.0,18,Loss,Ascendant
106543,2026-02-28,P001,Shubham,Omen,Split,22,7,7,15,3740.0,20,Win,Platinum
107946,2026-09-26,P020,Harsh,Omen,Ascent,7,14,4,2,920.0,28,Loss,Platinum
102152,2026-07-18,P011,Neeraj,Sova,Sunset,8,17,9,6,1235.0,23,Win,Diamond
106682,2026-03-29,P008,Aditya,Cypher,Lotus,15,19,9,6,2513.0,27,Loss,Gold
109031,2026-07-29,P007,Karan,Chamber,Pearl,26,13,7,14,3430.0,25,Win,Silver
106273,2026-02-12,P014,Varun,Fade,Ascent,14,9,6,6,2174.0,27,Win,Silver
107118,2026-07-21,P014,Varun,Reyna,Breeze,20,9,7,10,2881.0,29,Win,Platinum
104060,2026-06-29,P003,Amit,Jett,Sunset,16,12,2,9,2277.0,30,Win,Silver
105019,2026-01-31,P013,Ankit,Brimstone,Icebox,17,11,3,4,1853.0,28,Loss,Platinum
107401,2026-08-07,P013,Ankit,Sova,Icebox,29,22,7,4,5063.0,30,Loss,Platinum
107774,2026-05-09,P004,Rohan,Fade,Lotus,16,9,1,4,2378.0,23,Win,Platinum
103392,2026-08-18,P005,Akash,Cypher,Haven,21,14,2,8,2873.0,24,Win,Iron
106010,2026-03-02,P019,Ritesh,Reyna,Ascent,18,11,6,7,2863.0,25,Win,Diamond
101739,2026-05-24,P017,Siddhant,Reyna,Pearl,21,14,2,8,4634.0,21,Loss,Bronze
103508,2026-05-21,P002,Rahul,Sova,Icebox,29,11,4,10,3910.0,28,Win,Gold
104609,2026-08-23,P002,Rahul,Sova,Pearl,8,15,3,5,651.0,24,Loss,Platinum
105921,2026-08-13,P010,Pratik,Cypher,Haven,20,15,6,12,3080.0,21,Win,Ascendant
103574,2026-01-05,P010,Pratik,Sova,Haven,13,15,5,6,1782.0,22,Win,Diamond
101880,2026-07-26,P019,Ritesh,Cypher,Lotus,8,12,3,4,1008.0,25,Win,Gold
105496,2026-05-29,P001,Shubham,Jett,Lotus,26,23,5,20,5318.0,18,Loss,Gold
107038,2026-06-20,P003,Amit,Sage,Sunset,14,13,10,3,2738.0,26,Win,Gold
109929,2026-01-10,P017,Siddhant,Phoenix,Icebox,15,16,4,3,2676.0,18,Win,Diamond
104250,2026-02-10,P010,Pratik,Chamber,Split,28,11,7,15,3203.0,29,Win,Ascendant
106547,2026-01-17,P020,Harsh,Killjoy,Bind,15,18,6,4,2410.0,19,Win,Platinum
101563,2026-03-14,P015,Nikhil,Phoenix,Bind,20,10,5,9,1550.0,21,Win,Gold
108739,2026-06-29,P013,Ankit,Chamber,Bind,22,15,1,3,2887.0,19,Loss,Platinum
107678,2026-02-20,P015,Nikhil,Gekko,Ascent,18,17,2,4,2606.0,24,Win,Gold
106414,2026-07-11,P010,Pratik,Chamber,Icebox,8,13,7,5,973.0,29,Win,Ascendant
105663,2026-02-26,P007,Karan,Jett,Lotus,16,13,13,6,2517.0,23,Win,Platinum
106452,2026-04-01,P003,Amit,Killjoy,Bind,17,7,4,7,3078.0,30,Loss,Silver
105461,2026-03-01,P012,Yash,Fade,Haven,11,11,5,5,1633.0,28,Win,Iron
102907,2026-05-31,P020,Harsh,Brimstone,Lotus,29,11,9,12,4520.0,30,Win,Ascendant
107691,2026-09-23,P009,Sahil,Jett,Split,10,22,3,2,1006.0,23,Loss,Silver
108376,2026-09-28,P005,Akash,Sova,Ascent,14,12,2,6,2571.0,27,Loss,Gold
102233,2026-02-01,P010,Pratik,Phoenix,Icebox,10,11,1,6,1796.0,29,Loss,Diamond
109293,2026-02-23,P017,Siddhant,Sova,Sunset,19,21,2,6,2419.0,25,Win,Gold
107293,2026-02-25,P016,Arjun,Reyna,Icebox,24,13,7,14,3048.0,27,Win,Gold
106940,2026-03-02,P007,Karan,Raze,Bind,12,18,2,6,1934.0,25,Loss,
103379,2026-08-03,P014,Varun,Sova,Haven,20,20,7,6,3137.0,19,Win,Platinum
104375,2026-02-07,P007,Karan,Brimstone,Icebox,20,12,7,9,3794.0,24,Loss,Immortal
104367,2026-02-25,P008,Aditya,Jett,Pearl,13,13,0,4,1151.0,26,Loss,Gold
108458,2026-06-18,P003,Amit,Brimstone,Ascent,11,13,2,6,1646.0,30,Loss,Immortal
101346,2026-02-23,P015,Nikhil,Omen,Bind,11,16,6,2,1285.0,22,Loss,Ascendant
107120,2026-06-02,P003,Amit,Sova,Breeze,34,11,11,6,2987.0,22,Win,Gold
108966,2026-03-11,P018,Manish,Reyna,Ascent,21,20,4,7,2831.0,19,Win,Gold
105676,2026-07-25,P002,Rahul,Viper,Bind,4,21,1,2,437.0,30,Loss,Ascendant
108116,2026-01-13,P019,Ritesh,Cypher,Ascent,20,14,0,11,3047.0,28,Loss,Platinum
101791,2026-06-06,P014,Varun,Killjoy,Icebox,19,16,8,7,3948.0,24,Loss,Gold
103299,2026-05-27,P017,Siddhant,Sage,Ascent,21,11,0,7,3753.0,29,Win,Platinum
108971,2026-04-23,P008,Aditya,Omen,Split,14,16,8,5,2504.0,25,Loss,Bronze
108699,2026-08-13,P001,Shubham,Chamber,Icebox,20,13,3,10,1914.0,19,Win,Platinum
102288,2026-02-16,P018,Manish,Phoenix,Lotus,18,11,7,6,2288.0,23,Loss,Platinum
105556,2026-07-03,P018,Manish,Jett,Breeze,22,17,6,6,3362.0,22,Loss,Ascendant
104047,2026-02-15,P019,Ritesh,Brimstone,Lotus,6,12,9,4,1079.0,29,Loss,Ascendant
105861,2026-01-03,P020,Harsh,Brimstone,Icebox,25,18,5,8,5427.0,19,Win,Diamond
107864,2026-08-03,P012,Yash,Raze,Split,23,15,4,6,3044.0,20,Win,Gold
100833,2026-03-02,P017,Siddhant,Killjoy,Bind,26,13,6,6,2984.0,25,Loss,Platinum
109836,2026-01-24,P005,Akash,Viper,Icebox,7,18,3,3,873.0,29,Loss,Gold
108741,2026-05-16,P010,Pratik,Viper,Bind,14,10,0,6,1176.0,25,Win,Silver
108729,2026-07-29,P015,Nikhil,Brimstone,Lotus,28,10,6,11,5366.0,27,Loss,Ascendant
102165,2026-02-19,P008,Aditya,Reyna,Pearl,18,14,7,4,1899.0,26,Win,Diamond
104705,2026-09-20,P007,Karan,Jett,Ascent,13,8,1,2,1615.0,20,Win,Silver
105060,2026-02-15,P002,Rahul,Omen,Haven,12,12,5,4,1501.0,29,Win,Silver
103149,2026-04-10,P006,Vivek,Reyna,Icebox,29,10,6,12,5533.0,21,Loss,Gold
103032,2026-05-24,P015,Nikhil,Phoenix,Sunset,25,11,0,7,4092.0,23,Win,Diamond
106785,2026-09-28,P014,Varun,Sova,Lotus,27,17,5,12,5046.0,20,Loss,Gold
109946,2026-08-14,P009,Sahil,Viper,Icebox,20,15,7,4,3698.0,19,Win,Ascendant
104484,2026-06-27,P005,Akash,Jett,Icebox,14,8,5,9,2167.0,27,Loss,Ascendant
104035,2026-05-03,P010,Pratik,Jett,Haven,11,12,5,3,1712.0,21,Win,Iron
109903,2026-04-09,P009,Sahil,Jett,Sunset,3,8,0,0,511.0,20,Win,Diamond
102840,2026-04-30,P004,Rohan,Cypher,Breeze,27,14,4,9,3787.0,19,Win,Gold
102319,2026-07-29,P004,Rohan,Sova,Split,27,16,0,11,4587.0,19,Loss,Bronze
106878,2026-06-15,P004,Rohan,Raze,Sunset,26,14,6,7,3659.0,24,Loss,Silver
107217,2026-03-19,P020,Harsh,Brimstone,Breeze,16,16,6,11,2060.0,19,Loss,Gold
102018,2026-09-17,P003,Amit,Cypher,Sunset,27,10,7,9,4658.0,20,Loss,Bronze
101197,2026-09-20,P016,Arjun,Raze,Bind,27,15,11,16,4409.0,26,Loss,Gold
108421,2026-09-29,P004,Rohan,Omen,Breeze,20,15,6,15,2620.0,22,Loss,Ascendant
103994,2026-07-12,P009,Sahil,Chamber,Ascent,23,12,9,11,2498.0,18,Loss,Diamond
106043,2026-03-08,P001,Shubham,Reyna,Haven,13,21,1,3,2692.0,18,Win,Gold
108985,2026-09-16,P016,Arjun,Jett,Breeze,23,17,6,6,3891.0,24,Loss,Diamond
101429,2026-01-24,P011,Neeraj,Killjoy,Pearl,19,14,6,6,2265.0,18,Loss,Platinum
105214,2026-05-24,P010,Pratik,Brimstone,Ascent,7,9,5,3,1054.0,24,Win,Platinum
103689,2026-01-06,P016,Arjun,Sova,Icebox,18,13,5,4,2710.0,29,Loss,Gold
102884,2026-06-22,P015,Nikhil,Cypher,Breeze,16,10,5,12,1744.0,20,Win,Iron
108829,2026-04-28,P014,Varun,Viper,Bind,22,12,0,11,2223.0,27,Loss,Diamond
106127,2026-02-18,P006,Vivek,Jett,Split,18,22,3,8,2269.0,19,Loss,Iron
106421,2026-01-05,P012,Yash,Brimstone,Lotus,15,18,8,4,1677.0,26,Win,Platinum
101153,2026-03-24,P017,Siddhant,Phoenix,Haven,16,18,6,5,2306.0,22,Loss,Silver
109209,2026-02-14,P010,Pratik,Fade,Icebox,10,16,6,6,1766.0,18,Win,Diamond
103023,2026-03-25,P004,Rohan,Killjoy,Split,27,21,7,9,2055.0,25,Win,Gold
104248,2026-04-14,P002,Rahul,Phoenix,Icebox,18,16,8,8,2907.0,28,Loss,Diamond
108738,2026-07-17,P012,Yash,Cypher,Lotus,18,19,12,11,2649.0,20,Win,Gold
107301,2026-08-06,P014,Varun,Fade,Lotus,19,17,6,11,2930.0,25,Loss,Gold
108543,2026-02-23,P012,Yash,Chamber,Ascent,8,15,4,3,1578.0,23,Loss,Bronze
107876,2026-07-20,P015,Nikhil,Raze,Sunset,19,11,7,10,3024.0,25,Win,Diamond
105652,2026-05-30,P007,Karan,Omen,Breeze,26,23,5,12,2866.0,21,Win,Iron
103412,2026-06-03,P003,Amit,Jett,Bind,20,15,2,4,3989.0,30,Win,Ascendant
108489,2026-02-11,P019,Ritesh,Chamber,Haven,12,16,6,5,1633.0,24,Loss,Silver
104671,2026-07-31,P017,Siddhant,Brimstone,Lotus,16,14,2,5,1936.0,27,Loss,Diamond
100605,2026-07-26,P007,Karan,Sova,Icebox,8,13,4,6,972.0,18,Loss,Platinum
105616,2026-07-01,P009,Sahil,Brimstone,Sunset,3,15,3,1,443.0,27,Loss,Platinum
105411,2026-09-23,P013,Ankit,Jett,Lotus,25,9,9,9,2967.0,21,Win,Platinum
107772,2026-09-28,P013,Ankit,Raze,Split,21,9,4,10,3828.0,26,Loss,Diamond
108753,2026-09-26,P010,Pratik,Sova,Haven,22,14,6,8,3593.0,26,Win,Iron
101483,2026-06-30,P008,Aditya,Sova,Icebox,29,13,8,13,5033.0,29,Loss,Diamond
104661,2026-09-01,P012,Yash,Gekko,Lotus,9,14,6,8,997.0,29,Win,Diamond
109961,2026-02-08,P006,Vivek,Raze,Ascent,18,18,5,8,2796.0,24,Win,Gold
109806,2026-08-02,P001,Shubham,Brimstone,Bind,17,14,2,3,2832.0,22,Win,Bronze
102625,2026-08-06,P020,Harsh,Killjoy,Pearl,18,13,8,9,2808.0,28,Loss,Immortal
107976,2026-01-25,P009,Sahil,Gekko,Ascent,13,10,1,7,1031.0,28,Loss,Platinum
101426,2026-07-16,P010,Pratik,Raze,Ascent,11,20,5,5,2192.0,30,Win,Platinum
100496,2026-06-09,P007,Karan,Chamber,Sunset,14,14,6,4,2271.0,23,Win,Diamond
104341,2026-07-22,P018,Manish,Raze,Pearl,22,10,3,8,3302.0,19,Win,Silver
104731,2026-01-04,P004,Rohan,Killjoy,Bind,17,12,7,7,2228.0,23,Loss,Gold
100758,2026-06-30,P003,Amit,Raze,Lotus,11,10,8,4,2250.0,22,Loss,Platinum
100837,2026-08-09,P011,Neeraj,Viper,Icebox,17,10,8,6,3721.0,30,Loss,Gold
109027,2026-08-01,P009,Sahil,Fade,Icebox,9,14,11,2,1600.0,27,Win,Ascendant
103846,2026-08-03,P010,Pratik,Fade,Icebox,6,15,3,5,998.0,24,Win,Platinum
101022,2026-06-05,P016,Arjun,Sova,Split,20,11,5,10,3249.0,26,Win,Silver
108780,2026-04-26,P014,Varun,Fade,Sunset,16,7,6,7,2051.0,20,Loss,Bronze
105638,2026-06-06,P002,Rahul,Brimstone,Bind,18,15,5,3,2418.0,23,Win,Gold
105605,2026-01-13,P008,Aditya,Brimstone,Sunset,25,13,7,12,3968.0,29,Loss,Silver
101057,2026-05-09,P009,Sahil,Sova,Pearl,17,21,6,6,3079.0,21,Loss,Gold
108939,2026-02-16,P012,Yash,Viper,Split,24,9,9,11,2650.0,21,Win,Platinum
103457,2026-08-17,P007,Karan,Fade,Icebox,12,13,5,4,2205.0,21,Loss,Diamond
109448,2026-06-05,P016,Arjun,Phoenix,Sunset,13,10,6,3,1926.0,21,Win,Gold
107825,2026-04-16,P008,Aditya,Phoenix,Icebox,29,18,7,9,6500.0,24,Loss,Diamond
105117,2026-01-06,P020,Harsh,Killjoy,Ascent,17,17,4,8,2824.0,18,Win,Immortal
103535,2026-01-26,P005,Akash,Phoenix,Lotus,22,11,2,10,3626.0,19,Loss,Platinum
102122,2026-01-16,P001,Shubham,Sova,Pearl,17,11,9,5,1626.0,23,Win,Ascendant
106437,2026-08-10,P018,Manish,Brimstone,Split,21,10,4,10,2941.0,18,Win,Silver
101544,2026-02-28,P002,Rahul,Brimstone,Ascent,30,7,7,10,4020.0,27,Win,Bronze
102807,2026-02-12,P002,Rahul,Gekko,Haven,20,13,2,12,2852.0,24,Loss,Gold
101718,2026-03-23,P015,Nikhil,Omen,Bind,16,22,15,10,2875.0,20,Loss,Silver
106314,2026-09-02,P013,Ankit,Raze,Pearl,21,12,6,11,2261.0,25,Loss,Bronze
109656,2026-05-26,P011,Neeraj,Reyna,Icebox,19,18,12,11,2952.0,27,Loss,Ascendant
106263,2026-03-21,P008,Aditya,Omen,Pearl,20,17,0,4,2483.0,19,Win,Immortal
100724,2026-06-11,P016,Arjun,Viper,Sunset,12,11,11,2,2366.0,24,Loss,Gold
105350,2026-02-15,P013,Ankit,Fade,Sunset,23,14,11,15,2916.0,20,Win,Bronze
107763,2026-01-13,P011,Neeraj,Fade,Split,13,10,5,7,1663.0,29,Win,Silver
105516,2026-05-11,P001,Shubham,Sova,Haven,17,19,8,6,1664.0,29,Loss,Platinum
101127,2026-03-27,P018,Manish,Fade,Split,26,11,4,11,3396.0,25,Loss,Ascendant
105292,2026-07-18,P018,Manish,Brimstone,Ascent,20,9,5,10,3529.0,20,Loss,Bronze
108066,2026-07-13,P012,Yash,Cypher,Breeze,19,20,4,9,3399.0,28,Loss,Platinum
104838,2026-01-13,P013,Ankit,Cypher,Haven,18,14,4,5,1903.0,25,Win,Iron
103025,2026-08-24,P011,Neeraj,Jett,Haven,24,7,5,10,4164.0,20,Loss,Gold
107778,2026-06-15,P020,Harsh,Omen,Sunset,28,13,3,9,2359.0,28,Loss,Silver
108704,2026-01-10,P020,Harsh,Raze,Pearl,16,19,7,5,1758.0,22,Win,Platinum
102542,2026-04-12,P007,Karan,Omen,Pearl,29,13,1,9,5090.0,24,Loss,Immortal
108168,2026-08-27,P004,Rohan,Sova,Ascent,3,20,7,1,273.0,23,Win,Bronze
105431,2026-05-04,P020,Harsh,Gekko,Icebox,8,16,6,1,1782.0,27,Loss,Gold
102025,2026-03-24,P011,Neeraj,Fade,Haven,19,17,5,10,2919.0,30,Win,Silver
106759,2026-08-24,P014,Varun,Reyna,Breeze,26,12,3,9,3326.0,23,Win,Platinum
104541,2026-02-02,P007,Karan,Fade,Icebox,17,20,9,7,2953.0,27,Loss,Silver
100149,2026-03-13,P008,Aditya,Fade,Haven,9,16,9,7,1678.0,25,Win,Diamond
103021,2026-08-29,P010,Pratik,Raze,Sunset,24,16,5,12,4210.0,26,Loss,Gold
108126,2026-03-13,P017,Siddhant,Brimstone,Sunset,21,14,8,10,2960.0,28,Loss,Immortal
105517,2026-09-17,P008,Aditya,Sage,Sunset,23,13,9,9,3939.0,18,Loss,Diamond
104812,2026-04-24,P011,Neeraj,Reyna,Breeze,18,9,11,7,2529.0,28,Win,Platinum
107533,2026-05-13,P016,Arjun,Fade,Haven,11,10,12,2,1932.0,27,Win,Gold
106620,2026-07-26,P002,Rahul,Chamber,Haven,24,13,4,17,4220.0,18,Win,Iron
100841,2026-07-21,P015,Nikhil,Raze,Haven,17,18,6,8,2901.0,28,Win,Silver
105210,2026-04-27,P019,Ritesh,Brimstone,Sunset,19,18,10,12,3079.0,22,Loss,Iron
103071,2026-04-25,P008,Aditya,Jett,Breeze,20,16,4,4,3520.0,18,Win,Silver
102301,2026-04-01,P007,Karan,Cypher,Lotus,19,14,4,8,2495.0,28,Loss,Silver
108329,2026-04-21,P014,Varun,Phoenix,Icebox,17,11,1,9,3021.0,29,Loss,Diamond
107325,2026-05-12,P017,Siddhant,Sova,Breeze,16,13,4,5,2189.0,27,Loss,Silver
108473,2026-06-23,P016,Arjun,Sova,Haven,19,19,4,4,2389.0,25,Win,Immortal
102020,2026-08-22,P003,Amit,Raze,Pearl,17,14,8,9,3107.0,30,Loss,Bronze
108636,2026-01-23,P004,Rohan,Cypher,Lotus,3,23,9,2,716.0,26,Win,Silver
105833,2026-03-27,P004,Rohan,Cypher,Breeze,11,11,5,2,1697.0,29,Loss,Platinum
108834,2026-04-20,P007,Karan,Fade,Haven,12,19,8,7,2111.0,18,Win,Gold
105550,2026-08-06,P019,Ritesh,Fade,Icebox,10,15,12,2,1236.0,18,Loss,Gold
101392,2026-02-11,P020,Harsh,Reyna,Pearl,19,8,7,9,3055.0,22,Win,Platinum
101921,2026-02-24,P004,Rohan,Killjoy,Lotus,28,10,11,13,5862.0,25,Loss,Silver
105775,2026-04-20,P010,Pratik,Omen,Lotus,4,9,0,2,343.0,19,Win,Gold
103660,2026-08-26,P010,Pratik,Fade,Haven,18,10,6,5,2431.0,28,Loss,
103481,2026-09-30,P017,Siddhant,Fade,Split,21,11,7,13,3653.0,29,Win,Diamond
104871,2026-04-18,P020,Harsh,Chamber,Haven,27,7,9,13,4355.0,28,Win,Platinum
106933,2026-05-16,P018,Manish,Jett,Lotus,29,14,5,6,3709.0,25,Win,Diamond
103274,2026-07-19,P008,Aditya,Reyna,Bind,12,19,8,1,1979.0,24,Loss,Ascendant
100550,2026-07-11,P012,Yash,Sova,Lotus,28,17,6,8,3383.0,25,Win,Gold
101740,2026-09-09,P003,Amit,Chamber,Icebox,31,17,6,13,4686.0,19,Loss,Platinum
105358,2026-05-25,P005,Akash,Cypher,Icebox,8,19,5,4,1267.0,20,Win,Silver
101817,2026-01-21,P007,Karan,Sova,Lotus,16,9,4,8,2851.0,29,Win,Silver
105458,2026-01-05,P001,Shubham,Chamber,Breeze,28,14,5,9,4856.0,20,Loss,Diamond
107508,2026-01-08,P012,Yash,Jett,Icebox,23,11,2,14,2401.0,30,Win,
109649,2026-09-15,P013,Ankit,Brimstone,Bind,14,19,10,10,2532.0,20,Loss,Gold
100017,2026-06-23,P010,Pratik,Viper,Haven,8,10,3,2,1474.0,25,Win,Gold
101770,2026-01-14,P004,Rohan,Sage,Breeze,23,16,5,3,3305.0,25,Win,Diamond
101888,2026-04-03,P011,Neeraj,Raze,Lotus,31,15,6,15,4603.0,21,Win,Gold
103238,2026-05-28,P019,Ritesh,Reyna,Breeze,25,7,8,9,3047.0,27,Loss,Gold
101642,2026-04-07,P018,Manish,Sage,Pearl,24,15,11,9,2848.0,21,Loss,Gold
104292,2026-03-25,P002,Rahul,Sage,Split,11,18,7,4,1712.0,24,Loss,Silver
104328,2026-04-04,P013,Ankit,Cypher,Bind,26,17,1,9,3668.0,19,Win,Bronze
104803,2026-03-30,P004,Rohan,Sage,Haven,19,13,5,5,3110.0,22,Loss,Immortal
106901,2026-06-04,P016,Arjun,Raze,Bind,16,17,4,4,3370.0,23,Win,Bronze
100533,2026-09-23,P001,Shubham,Reyna,Bind,20,12,6,8,2466.0,21,Win,Platinum
100132,2026-03-02,P001,Shubham,Jett,Breeze,12,7,6,5,2076.0,30,Win,Gold
106427,2026-04-18,P005,Akash,Cypher,Pearl,18,11,6,5,2916.0,19,Loss,Bronze
108625,2026-07-16,P015,Nikhil,Omen,Bind,18,18,6,2,3379.0,19,Loss,Ascendant
100964,2026-09-06,P008,Aditya,Jett,Sunset,19,15,7,7,2948.0,29,Win,Gold
107924,2026-08-15,P006,Vivek,Reyna,Breeze,23,8,9,12,3859.0,27,Win,Silver
103842,2026-09-28,P013,Ankit,Raze,Bind,14,15,8,5,2324.0,30,Loss,Silver
108303,2026-07-06,P019,Ritesh,Reyna,Sunset,14,13,4,5,3102.0,26,Win,Iron
107888,2026-08-22,P013,Ankit,Gekko,Haven,27,12,6,11,3626.0,20,Loss,Gold
101095,2026-05-07,P013,Ankit,Gekko,Haven,18,20,7,11,2676.0,30,Win,Gold
103146,2026-07-18,P020,Harsh,Sova,Lotus,27,15,8,11,5633.0,20,Loss,Gold
109965,2026-04-27,P003,Amit,Chamber,Breeze,14,18,5,6,2594.0,20,Win,Silver
101561,2026-02-20,P006,Vivek,Brimstone,Breeze,11,17,6,2,2526.0,22,Loss,Diamond
101670,2026-02-15,P003,Amit,Sage,Lotus,6,8,7,1,816.0,22,Loss,Diamond
106394,2026-03-16,P014,Varun,Viper,Split,32,10,5,17,4938.0,24,Win,Diamond
103963,2026-07-16,P015,Nikhil,Phoenix,Bind,13,16,1,5,1645.0,27,Loss,Immortal
108085,2026-03-01,P007,Karan,Reyna,Sunset,14,14,8,5,1645.0,30,Loss,Platinum
108379,2026-09-03,P011,Neeraj,Raze,Lotus,24,12,6,12,2793.0,18,Loss,Immortal
108748,2026-02-09,P012,Yash,Phoenix,Sunset,13,10,11,6,1913.0,22,Loss,Gold
107362,2026-05-12,P001,Shubham,Fade,Bind,8,10,6,3,916.0,30,Win,Bronze
102002,2026-08-17,P011,Neeraj,Brimstone,Haven,18,16,5,5,3268.0,23,Win,Silver
105893,2026-09-03,P010,Pratik,Phoenix,Bind,13,11,0,6,2111.0,26,Loss,Diamond
100168,2026-04-06,P017,Siddhant,Phoenix,Bind,23,16,3,5,2448.0,23,Loss,Gold
107688,2026-08-20,P006,Vivek,Raze,Sunset,18,16,7,3,2281.0,20,Loss,Bronze
107496,2026-05-24,P003,Amit,Raze,Sunset,26,14,2,4,4201.0,27,Loss,Platinum
109549,2026-04-21,P015,Nikhil,Chamber,Bind,23,20,6,13,3471.0,26,Win,Silver
109599,2026-01-21,P009,Sahil,Jett,Sunset,9,15,12,2,1100.0,26,Loss,Ascendant
107985,2026-05-23,P003,Amit,Sova,Haven,9,19,5,4,1378.0,26,Win,Silver
101919,2026-09-19,P008,Aditya,Raze,Ascent,13,10,5,3,1273.0,29,Loss,Iron
109199,2026-04-10,P018,Manish,Chamber,Sunset,17,14,4,4,2221.0,22,Loss,Silver
104476,2026-09-02,P020,Harsh,Reyna,Bind,17,15,3,2,2729.0,30,Win,Platinum
105506,2026-03-04,P003,Amit,Omen,Lotus,20,15,5,9,3200.0,22,Win,Platinum
102894,2026-08-12,P001,Shubham,Chamber,Icebox,23,20,6,7,3308.0,28,Win,Platinum
106551,2026-03-15,P019,Ritesh,Sova,Lotus,18,21,10,9,1685.0,23,Win,Platinum
103721,2026-09-10,P005,Akash,Jett,Pearl,29,13,5,14,3202.0,20,Loss,Iron
103133,2026-07-27,P003,Amit,Reyna,Split,32,14,3,5,4195.0,22,Loss,Silver
105012,2026-02-20,P007,Karan,Phoenix,Haven,22,12,1,14,2531.0,29,Loss,Bronze
109950,2026-08-29,P012,Yash,Omen,Icebox,3,22,1,1,430.0,27,Win,Platinum
101298,2026-03-25,P007,Karan,Raze,Ascent,16,10,4,8,2871.0,30,Loss,Bronze
109514,2026-07-28,P018,Manish,Fade,Lotus,23,11,2,14,4132.0,23,Win,Gold
107822,2026-01-06,P016,Arjun,Jett,Haven,10,20,5,4,1281.0,28,Win,Ascendant
107302,2026-07-11,P010,Pratik,Brimstone,Sunset,24,15,8,7,3842.0,23,Win,Diamond
108541,2026-04-04,P001,Shubham,Fade,Sunset,12,15,7,4,1389.0,20,Loss,Silver
101287,2026-09-13,P017,Siddhant,Cypher,Bind,23,8,6,10,2640.0,26,Loss,Bronze
102189,2026-04-17,P012,Yash,Sage,Bind,24,15,2,17,4560.0,29,Loss,Iron
107542,2026-09-01,P004,Rohan,Raze,Pearl,31,15,0,15,4504.0,23,Win,Ascendant
103235,2026-05-23,P012,Yash,Gekko,Ascent,23,15,11,10,4557.0,19,Win,Silver
103973,2026-05-11,P006,Vivek,Raze,Ascent,16,10,0,8,2420.0,22,Loss,Gold
102013,2026-02-26,P012,Yash,Brimstone,Split,18,15,7,5,2497.0,30,Win,Diamond
103148,2026-05-07,P007,Karan,Sova,Lotus,16,13,8,12,2071.0,22,Loss,Silver
103184,2026-05-04,P008,Aditya,Sage,Bind,28,15,5,14,4067.0,24,Loss,Diamond
104397,2026-02-22,P018,Manish,Chamber,Haven,23,15,10,11,3699.0,30,Win,Gold
106599,2026-08-19,P015,Nikhil,Brimstone,Bind,18,19,11,7,4053.0,30,Loss,Bronze
102876,2026-01-24,P006,Vivek,Raze,Lotus,23,12,6,7,3851.0,28,Win,Ascendant
103614,2026-07-27,P014,Varun,Killjoy,Pearl,19,17,5,8,1999.0,26,Loss,Platinum
106730,2026-05-01,P006,Vivek,Sova,Lotus,21,9,10,5,1888.0,27,Win,Platinum
108361,2026-07-23,P013,Ankit,Jett,Lotus,9,11,2,3,1444.0,30,Win,Platinum
100449,2026-01-09,P004,Rohan,Jett,Haven,19,7,7,8,3256.0,22,Win,Diamond
103082,2026-01-15,P015,Nikhil,Phoenix,Ascent,18,15,10,9,2946.0,23,Loss,Silver
106121,2026-07-25,P007,Karan,Fade,Sunset,23,15,10,7,2523.0,21,Win,Iron
100810,2026-04-10,P019,Ritesh,Brimstone,Sunset,14,15,4,3,1729.0,30,Loss,Platinum
107612,2026-02-06,P017,Siddhant,Jett,Lotus,22,14,4,13,3375.0,23,Loss,Diamond
106520,2026-01-09,P013,Ankit,Brimstone,Ascent,17,11,6,7,2628.0,18,Loss,Iron
104052,2026-06-10,P006,Vivek,Omen,Pearl,30,13,4,16,4733.0,22,Loss,Ascendant
107050,2026-07-29,P017,Siddhant,Viper,Ascent,20,11,0,7,3970.0,20,Win,Bronze
109526,2026-06-16,P009,Sahil,Chamber,Haven,17,10,2,8,3197.0,23,Loss,Platinum
106398,2026-06-04,P009,Sahil,Fade,Split,25,17,6,13,2953.0,28,Win,Silver
108679,2026-06-22,P004,Rohan,Brimstone,Breeze,12,15,5,2,1886.0,26,Loss,Silver
101477,2026-07-08,P008,Aditya,Fade,Bind,25,8,9,13,3302.0,27,Loss,Diamond
101790,2026-01-23,P015,Nikhil,Killjoy,Split,3,13,1,2,592.0,24,Win,Diamond
102008,2026-02-05,P018,Manish,Chamber,Bind,17,16,6,8,2811.0,22,Win,Immortal
100682,2026-03-28,P014,Varun,Raze,Haven,28,16,3,7,4221.0,28,Loss,Platinum
108612,2026-04-26,P006,Vivek,Phoenix,Sunset,7,10,6,1,1269.0,20,Win,Immortal
104202,2026-06-26,P007,Karan,Cypher,Split,9,12,0,0,1189.0,29,Win,Ascendant
104984,2026-03-09,P014,Varun,Omen,Lotus,26,15,9,17,4531.0,21,Loss,Silver
106145,2026-01-30,P014,Varun,Jett,Haven,25,20,5,9,4368.0,25,Win,Platinum
109061,2026-08-12,P017,Siddhant,Cypher,Pearl,7,8,3,6,1080.0,18,Win,Platinum
106742,2026-08-03,P008,Aditya,Viper,Breeze,17,16,4,7,2934.0,20,Win,Platinum
107655,2026-05-14,P006,Vivek,Viper,Bind,22,7,10,6,4056.0,23,Win,Silver
109630,2026-08-23,P014,Varun,Sage,Sunset,23,20,4,6,4430.0,23,Loss,Platinum
100046,2026-05-18,P010,Pratik,Sage,Split,34,10,4,13,5489.0,29,Win,Ascendant
100030,2026-01-01,P020,Harsh,Fade,Breeze,15,12,7,12,2418.0,20,Loss,Bronze
103723,2026-09-18,P011,Neeraj,Phoenix,Haven,18,10,4,9,2354.0,24,Win,Bronze
106862,2026-01-28,P020,Harsh,Viper,Haven,18,17,2,10,3150.0,22,Loss,Silver
101468,2026-07-21,P007,Karan,Cypher,Ascent,13,10,9,3,2299.0,29,Loss,Diamond
101665,2026-08-06,P017,Siddhant,Fade,Icebox,22,12,6,6,3749.0,20,Win,Immortal
101416,2026-08-17,P004,Rohan,Jett,Ascent,18,13,4,7,3297.0,30,Loss,Ascendant
103011,2026-07-23,P018,Manish,,Sunset,14,13,3,6,1952.0,24,Win,Platinum
107420,2026-01-15,P019,Ritesh,Reyna,Icebox,26,13,12,9,4774.0,20,Loss,Gold
109264,2026-07-09,P001,Shubham,Fade,Lotus,20,17,7,7,3129.0,23,Loss,Bronze
104010,2026-03-10,P011,Neeraj,Reyna,Split,21,12,11,12,3182.0,28,Loss,Silver
105007,2026-08-18,P004,Rohan,Killjoy,Lotus,18,11,4,8,3138.0,26,Loss,Gold
100429,2026-02-26,P017,Siddhant,Cypher,Ascent,10,12,6,3,1544.0,24,Loss,Diamond
105269,2026-08-31,P014,Varun,Cypher,Icebox,26,17,9,10,3704.0,21,Win,Diamond
102133,2026-03-01,P007,Karan,Raze,Icebox,23,15,2,11,3766.0,20,Win,Diamond
100385,2026-09-08,P010,Pratik,Sage,Split,19,10,7,7,2310.0,26,Loss,Bronze
101945,2026-04-06,P020,Harsh,Omen,Lotus,12,12,8,3,1983.0,19,Win,Gold
104863,2026-09-30,P001,Shubham,Jett,Icebox,14,13,6,4,2160.0,19,Win,Gold
100473,2026-08-14,P005,Akash,Phoenix,Lotus,15,16,6,6,2840.0,24,Loss,Ascendant
107607,2026-03-16,P013,Ankit,Viper,Icebox,17,20,6,7,1966.0,18,Win,Gold
106586,2026-01-27,P012,Yash,Gekko,Lotus,11,7,7,2,1974.0,29,Win,Platinum
109821,2026-01-21,P015,Nikhil,Gekko,Bind,15,11,3,7,2613.0,25,Loss,Gold
101055,2026-06-28,P011,Neeraj,Reyna,Bind,15,13,5,7,2462.0,19,Loss,Gold
105967,2026-03-13,P005,Akash,Phoenix,Haven,17,19,6,8,3163.0,19,Win,Gold
106399,2026-05-23,P018,Manish,Sage,Bind,20,14,8,5,2513.0,19,Win,Silver
107965,2026-05-11,P008,Aditya,Raze,Ascent,9,13,5,4,1524.0,19,Win,Platinum
105843,2026-04-03,P009,Sahil,Sage,Lotus,12,11,8,1,1427.0,19,Win,Bronze
100811,2026-06-22,P013,Ankit,Raze,Lotus,7,16,8,4,928.0,24,Win,Diamond
105669,2026-07-14,P004,Rohan,Jett,Icebox,20,12,2,6,2547.0,21,Win,Gold
108285,2026-09-05,P007,Karan,Raze,Breeze,13,13,3,5,1699.0,30,Win,Silver
102407,2026-09-04,P005,Akash,Killjoy,Haven,21,19,2,10,2682.0,30,Loss,Gold
104516,2026-09-14,P019,Ritesh,Omen,Sunset,17,12,3,10,2725.0,26,Loss,Diamond
109294,2026-07-24,P017,Siddhant,Fade,Lotus,20,13,4,7,4068.0,28,Win,Gold
100111,2026-03-24,P015,Nikhil,Reyna,Split,13,9,5,3,2033.0,26,Loss,Platinum
108928,2026-02-26,P005,Akash,Raze,Haven,17,10,0,7,2142.0,18,Loss,Diamond
101745,2026-03-12,P001,Shubham,Viper,Breeze,10,7,0,4,1334.0,30,Loss,Gold
108496,2026-03-30,P003,Amit,Omen,Sunset,14,19,1,8,1870.0,20,Loss,Ascendant
101452,2026-06-17,P020,Harsh,Viper,Sunset,28,12,7,14,3827.0,19,Win,Gold
100319,2026-02-16,P004,Rohan,Sova,Lotus,7,6,5,5,1476.0,28,Win,Platinum
105441,2026-07-16,P005,Akash,Gekko,Breeze,15,14,0,7,2282.0,22,Win,Immortal
102754,2026-09-10,P004,Rohan,Phoenix,Bind,19,9,5,10,2567.0,26,Win,Gold
101922,2026-09-05,P018,Manish,Sage,Pearl,25,14,3,13,3711.0,18,Win,Platinum
109923,2026-04-30,P003,Amit,Fade,Lotus,13,18,5,3,1634.0,25,Win,Platinum
109128,2026-02-19,P005,Akash,Viper,Sunset,23,13,3,11,2935.0,27,Loss,Immortal
103337,2026-05-31,P009,Sahil,Brimstone,Haven,13,14,5,7,1866.0,20,Win,Iron
104295,2026-04-10,P008,Aditya,Reyna,Haven,23,17,7,7,4201.0,23,Win,Diamond
109214,2026-09-26,P004,Rohan,Sage,Icebox,14,14,6,3,2801.0,18,Loss,Bronze
102129,2026-06-12,P018,Manish,Reyna,Pearl,23,19,12,12,3264.0,23,Win,Diamond
109979,2026-05-09,P001,Shubham,Omen,Bind,12,13,9,8,1411.0,22,Loss,Ascendant
107506,2026-02-06,P014,Varun,Cypher,Sunset,4,12,9,1,752.0,27,Win,Gold
109675,2026-02-01,P019,Ritesh,Gekko,Pearl,15,8,3,8,2276.0,26,Win,Diamond
101052,2026-09-10,P020,Harsh,Jett,Haven,14,13,11,9,1778.0,30,Loss,Immortal
104176,2026-03-02,P011,Neeraj,Viper,Split,10,15,1,4,1560.0,20,Win,Platinum
103905,2026-01-23,P004,Rohan,Brimstone,Lotus,26,13,6,4,3852.0,23,Loss,Diamond
100099,2026-02-05,P017,Siddhant,Phoenix,Breeze,13,14,6,9,2466.0,21,Loss,Silver
106433,2026-05-17,P007,Karan,Reyna,Lotus,11,15,5,3,1626.0,23,Win,Gold
101456,2026-02-02,P018,Manish,Gekko,Split,32,10,10,17,5043.0,20,Loss,Platinum
107722,2026-01-31,P004,Rohan,Fade,Breeze,11,18,9,4,1711.0,20,Win,Ascendant
104048,2026-08-11,P001,Shubham,Phoenix,Bind,15,9,7,6,1698.0,26,Win,Silver
103910,2026-07-29,P005,Akash,Raze,Breeze,16,14,5,7,2461.0,22,Win,Silver
102485,2026-05-20,P004,Rohan,Raze,Lotus,17,9,5,5,2723.0,18,Loss,Gold
108975,2026-02-24,P009,Sahil,Sage,Ascent,22,14,5,6,2625.0,27,Loss,Ascendant
103903,2026-03-26,P018,Manish,Cypher,Sunset,19,13,5,7,2079.0,20,Win,Ascendant
104301,2026-09-08,P012,Yash,Sage,Icebox,13,11,9,4,2947.0,24,Win,Diamond
106194,2026-06-23,P013,Ankit,Fade,Ascent,9,14,4,5,1373.0,26,Loss,Bronze
106492,2026-02-03,P018,Manish,Sage,Sunset,12,14,8,8,2345.0,25,Loss,Silver
107594,2026-09-17,P012,Yash,Reyna,Lotus,18,18,4,8,2839.0,22,Loss,Immortal
101414,2026-09-17,P017,Siddhant,Chamber,Split,19,14,8,5,3684.0,18,Loss,Silver
100540,2026-05-02,P013,Ankit,Phoenix,Bind,22,12,7,6,2771.0,29,Win,Bronze
106423,2026-03-24,P009,Sahil,Reyna,Ascent,11,13,9,2,1436.0,20,Loss,Platinum
106749,2026-08-22,P006,Vivek,Jett,Breeze,19,17,8,10,2953.0,27,Win,Gold
103720,2026-05-27,P018,Manish,Phoenix,Bind,34,11,9,13,4973.0,23,Win,Silver
100754,2026-02-21,P006,Vivek,Omen,Lotus,11,16,4,6,1818.0,18,Loss,Silver
104923,2026-02-04,P017,Siddhant,Fade,Breeze,26,18,7,8,5251.0,29,Loss,Diamond
106055,2026-04-04,P006,Vivek,Viper,Haven,12,11,4,6,1995.0,22,Win,Silver
108648,2026-08-30,P019,Ritesh,Jett,Icebox,15,10,4,4,2488.0,28,Win,Diamond
109539,2026-04-06,P001,Shubham,Gekko,Pearl,13,12,0,3,2070.0,22,Loss,Platinum
109967,2026-05-04,P002,Rahul,Reyna,Ascent,14,14,3,9,2305.0,20,Loss,Gold
103787,2026-08-31,P010,Pratik,Killjoy,Breeze,14,15,5,10,1942.0,24,Win,Gold
107485,2026-08-26,P017,Siddhant,Phoenix,Bind,16,20,10,7,1659.0,25,Win,Platinum
106485,2026-03-20,P007,Karan,Omen,Split,29,22,7,8,5376.0,28,Win,Iron
107296,2026-09-29,P012,Yash,Gekko,Lotus,24,22,5,11,4342.0,23,Loss,Bronze
105918,2026-01-08,P015,Nikhil,Chamber,Haven,13,16,2,5,1477.0,29,Win,Diamond
108501,2026-03-24,P012,Yash,Phoenix,Pearl,29,10,7,10,3780.0,21,Loss,Gold
105417,2026-05-14,P011,Neeraj,Fade,Sunset,17,10,10,11,2403.0,22,Loss,Silver
104454,2026-09-04,P015,Nikhil,Sova,Pearl,24,16,4,15,3716.0,26,Loss,Gold
104417,2026-07-28,P006,Vivek,Phoenix,Bind,17,17,7,9,2902.0,21,Win,Silver
104626,2026-01-04,P005,Akash,Sage,Ascent,19,17,7,8,2720.0,28,Loss,Ascendant
100601,2026-03-10,P014,Varun,Sova,Breeze,11,16,9,4,1942.0,24,Loss,Bronze
102910,2026-09-29,P013,Ankit,Fade,Lotus,19,11,5,6,2893.0,20,Win,Iron
108938,2026-07-24,P012,Yash,Killjoy,Sunset,27,10,6,8,4905.0,25,Loss,Bronze
103018,2026-09-17,P012,Yash,Raze,Pearl,23,11,3,7,3422.0,19,Loss,Gold
106080,2026-09-20,P003,Amit,Fade,Haven,9,16,5,2,1179.0,18,Loss,Ascendant
105130,2026-01-05,P012,Yash,Fade,Breeze,15,17,5,2,1610.0,30,Loss,Iron
108736,2026-03-30,P019,Ritesh,Phoenix,Split,14,13,13,7,3067.0,20,Win,Ascendant
101044,2026-09-04,P001,Shubham,Gekko,Bind,17,16,7,6,2159.0,27,Win,Immortal
108909,2026-05-22,P012,Yash,Reyna,Ascent,21,11,11,11,4130.0,21,Loss,Diamond
101557,2026-08-27,P015,Nikhil,Brimstone,Lotus,23,17,6,7,3125.0,19,Loss,Bronze
105076,2026-09-11,P006,Vivek,Brimstone,Split,28,18,6,12,3310.0,29,Win,Ascendant
104638,2026-03-22,P002,Rahul,Phoenix,Sunset,8,12,7,2,1388.0,30,Loss,Gold
100180,2026-06-03,P006,Vivek,Viper,Bind,18,10,7,8,2581.0,23,Loss,Silver
102115,2026-05-02,P004,Rohan,Jett,Bind,4,10,6,0,614.0,29,Win,Silver
101699,2026-05-08,P011,Neeraj,Chamber,Lotus,21,17,8,6,3573.0,25,Loss,Bronze
101379,2026-07-25,P009,Sahil,Fade,Haven,4,12,1,2,702.0,25,Win,Diamond
107262,2026-05-18,P013,Ankit,Sage,Lotus,18,14,6,8,1948.0,30,Loss,Silver
106066,2026-05-22,P017,Siddhant,Cypher,Lotus,17,10,5,7,2289.0,19,Loss,Gold
100618,2026-02-26,P012,Yash,Fade,Bind,7,12,0,4,992.0,19,Win,Gold
105790,2026-04-29,P001,Shubham,Sova,Icebox,11,11,2,6,1563.0,25,Loss,Ascendant
109871,2026-02-08,P019,Ritesh,Raze,Breeze,13,15,6,7,1109.0,20,Win,Bronze
101600,2026-04-25,P005,Akash,Phoenix,Breeze,19,19,10,5,2117.0,24,Win,Ascendant
105990,2026-06-27,P014,Varun,Reyna,Breeze,25,7,2,9,4190.0,29,Loss,Platinum
101615,2026-01-08,P004,Rohan,Killjoy,Breeze,13,16,13,7,1989.0,29,Win,Bronze
107525,2026-09-04,P007,Karan,Brimstone,Lotus,13,11,6,7,1714.0,28,Win,Gold
100438,2026-03-07,P008,Aditya,Gekko,Ascent,26,13,8,11,3080.0,21,Loss,Diamond
103934,2026-06-11,P017,Siddhant,Killjoy,Sunset,25,21,7,12,4219.0,29,Win,Ascendant
102083,2026-08-09,P015,Nikhil,Killjoy,Sunset,36,15,3,21,4522.0,26,Win,Platinum
103061,2026-08-12,P020,Harsh,Chamber,Pearl,27,11,7,8,4778.0,22,Win,Platinum
103107,2026-09-30,P006,Vivek,Reyna,Haven,16,13,6,5,2132.0,29,Win,Diamond
105145,2026-03-06,P016,Arjun,Killjoy,Breeze,27,9,6,7,4250.0,27,Loss,Silver
104608,2026-07-30,P019,Ritesh,Raze,Bind,18,20,6,10,3032.0,21,Win,Gold
108977,2026-06-16,P017,Siddhant,Reyna,Bind,18,14,2,7,2229.0,30,Loss,Gold
106839,2026-07-04,P008,Aditya,Killjoy,Pearl,18,17,7,8,3291.0,27,Win,Platinum
109085,2026-01-01,P003,Amit,Brimstone,Bind,25,15,5,8,4086.0,22,Win,Platinum
107269,2026-04-19,P001,Shubham,Cypher,Breeze,35,14,6,20,6500.0,29,Loss,Gold
109759,2026-02-01,P010,Pratik,Jett,Bind,6,17,6,1,852.0,26,Loss,Immortal
101918,2026-04-08,P001,Shubham,Phoenix,Lotus,27,10,8,11,4560.0,24,Loss,Silver
108348,2026-02-18,P016,Arjun,Gekko,Lotus,15,12,9,10,2224.0,27,Loss,Silver
105733,2026-07-05,P017,Siddhant,Reyna,Lotus,31,15,10,9,4860.0,28,Win,Bronze
106531,2026-05-25,P017,Siddhant,Cypher,Haven,5,18,13,4,902.0,20,Win,Gold
108422,2026-03-12,P005,Akash,Viper,Haven,14,18,10,4,2045.0,23,Win,Gold
106365,2026-09-16,P015,Nikhil,Jett,Split,22,17,9,11,3950.0,24,Loss,Gold
102054,2026-09-06,P006,Vivek,Jett,Sunset,14,10,9,8,2783.0,26,Win,Platinum
107606,2026-04-08,P011,Neeraj,Sova,Lotus,16,12,1,6,2561.0,26,Loss,Gold
109228,2026-02-16,P015,Nikhil,Raze,Pearl,27,20,7,12,3426.0,29,Win,Silver
102225,2026-06-18,P016,Arjun,Raze,Sunset,20,12,5,8,3228.0,30,Win,Gold
104007,2026-01-20,P011,Neeraj,Killjoy,Sunset,3,15,3,1,535.0,29,Win,Platinum
101126,2026-02-18,P003,Amit,Fade,Bind,13,16,2,4,2159.0,21,Win,Gold
103465,2026-08-12,P015,Nikhil,Brimstone,Bind,20,15,6,9,3724.0,19,Win,Platinum
104622,2026-07-29,P009,Sahil,Reyna,Sunset,10,19,7,4,1578.0,23,Win,Diamond
103761,2026-05-07,P010,Pratik,Fade,Split,18,16,5,11,2486.0,30,Win,Ascendant
108177,2026-05-15,P020,Harsh,Raze,Sunset,11,15,6,5,1117.0,30,Loss,Immortal
101322,2026-03-16,P006,Vivek,Cypher,Haven,26,19,4,11,3960.0,25,Loss,Bronze
101603,2026-08-28,P005,Akash,Viper,Sunset,9,14,3,3,1913.0,27,Win,Platinum
108302,2026-02-14,P010,Pratik,Reyna,Icebox,23,13,9,11,3505.0,24,Loss,Silver
107459,2026-07-21,P001,Shubham,Chamber,Pearl,17,16,4,6,2694.0,20,Loss,Gold
108447,2026-06-08,P020,Harsh,Jett,Pearl,14,15,8,9,1988.0,21,Win,Bronze
106992,2026-08-22,P010,Pratik,Gekko,Haven,8,19,4,6,1348.0,20,Loss,Platinum
109258,2026-07-16,P019,Ritesh,Omen,Haven,16,22,6,4,1985.0,22,Loss,Platinum
105190,2026-06-15,P008,Aditya,Omen,Sunset,25,7,6,7,3479.0,30,Loss,Gold
109362,2026-07-13,P001,Shubham,Cypher,Split,16,17,2,4,2105.0,28,Loss,Diamond
106409,2026-01-14,P019,Ritesh,Killjoy,Icebox,19,13,7,2,3517.0,19,Win,Immortal
108470,2026-01-18,P009,Sahil,Chamber,Ascent,26,14,7,9,4170.0,24,Loss,Platinum
101559,2026-07-14,P017,Siddhant,Raze,Breeze,20,17,7,12,2223.0,18,Loss,Diamond
108475,2026-01-30,P003,Amit,Phoenix,Haven,22,14,6,4,3763.0,25,Win,Iron
107591,2026-09-27,P017,Siddhant,Jett,Pearl,15,11,7,4,2176.0,25,Loss,Diamond
104436,2026-06-03,P006,Vivek,Raze,Split,24,18,3,10,3157.0,29,Win,Diamond
102833,2026-01-22,P017,Siddhant,Phoenix,Pearl,24,17,1,12,3708.0,27,Loss,Silver
103495,2026-03-21,P017,Siddhant,Cypher,Sunset,14,16,8,7,2767.0,29,Loss,Gold
108401,2026-02-26,P014,Varun,Raze,Sunset,20,14,6,10,1602.0,23,Win,Gold
101354,2026-04-18,P004,Rohan,Killjoy,Ascent,19,11,8,8,2688.0,23,Win,Bronze
100045,2026-07-31,P005,Akash,Viper,Icebox,24,17,8,7,3533.0,18,Loss,Gold
102818,2026-02-26,P006,Vivek,Viper,Sunset,12,17,4,7,1715.0,18,Loss,Iron
100748,2026-09-07,P003,Amit,Chamber,Haven,17,22,0,3,3015.0,26,Loss,Silver
104862,2026-06-10,P007,Karan,Raze,Lotus,19,20,7,11,3876.0,28,Win,Iron
102453,2026-01-30,P005,Akash,Chamber,Split,4,13,5,3,353.0,28,Loss,Bronze
106255,2026-05-19,P006,Vivek,Viper,Ascent,12,10,6,4,1501.0,29,Win,Gold
105396,2026-08-29,P004,Rohan,Reyna,Sunset,13,18,6,6,1716.0,21,Win,Bronze
107550,2026-06-14,P014,Varun,Omen,Ascent,5,15,12,3,1330.0,25,Win,Platinum
104562,2026-05-10,P006,Vivek,Sova,Haven,16,11,3,8,3059.0,20,Win,Diamond
106872,2026-07-15,P016,Arjun,Sage,Breeze,31,15,10,12,4390.0,21,Loss,Immortal
106403,2026-07-27,P005,Akash,Raze,Ascent,4,12,6,4,665.0,24,Loss,Gold
102251,2026-02-09,P019,Ritesh,Viper,Haven,11,9,2,5,1550.0,21,Loss,Ascendant
109912,2026-09-09,P001,Shubham,Raze,Split,25,11,1,11,4596.0,30,Win,Diamond
108346,2026-04-10,P014,Varun,Viper,Sunset,20,12,0,12,2857.0,29,Win,Gold
103533,2026-06-23,P010,Pratik,Reyna,Ascent,14,14,4,6,1706.0,28,Win,Ascendant
103172,2026-02-12,P019,Ritesh,Reyna,Bind,24,12,2,7,4968.0,22,Win,Gold
109381,2026-04-23,P003,Amit,Cypher,Icebox,22,11,6,8,3412.0,21,Loss,Platinum
102859,2026-09-20,P016,Arjun,Jett,Icebox,28,18,6,16,6500.0,27,Loss,Gold
106846,2026-02-22,P012,Yash,Sova,Split,16,15,8,8,2628.0,29,Win,Bronze
104687,2026-01-31,P007,Karan,Brimstone,Bind,23,21,9,7,3530.0,19,Loss,Platinum
109428,2026-01-13,P001,Shubham,Phoenix,Icebox,25,11,10,11,3571.0,23,Win,Bronze
109658,2026-07-17,P018,Manish,Cypher,Bind,3,11,3,2,443.0,23,Win,Gold
104978,2026-07-15,P019,Ritesh,Killjoy,Sunset,20,14,7,10,3255.0,21,Loss,Gold
100664,2026-08-24,P011,Neeraj,Viper,Lotus,3,13,3,3,650.0,22,Loss,Gold
109433,2026-06-11,P013,Ankit,Sage,Lotus,20,14,3,10,2710.0,30,Loss,Silver
108262,2026-06-08,P003,Amit,Sova,Lotus,19,15,4,5,2936.0,28,Win,Platinum
106129,2026-04-01,P008,Aditya,Raze,Split,17,21,10,5,2343.0,20,Win,Gold
109619,2026-05-24,P005,Akash,Viper,Haven,10,12,7,1,1536.0,26,Loss,Platinum
104130,2026-06-24,P001,Shubham,Phoenix,Bind,13,14,9,3,2646.0,29,Win,Platinum
100675,2026-02-28,P016,Arjun,Phoenix,Icebox,12,26,10,5,1346.0,23,Win,Iron
108192,2026-07-12,P004,Rohan,Fade,Split,14,12,3,9,2179.0,22,Loss,Gold
102913,2026-03-08,P017,Siddhant,Fade,Ascent,19,10,1,11,3454.0,19,Win,Platinum
106925,2026-01-15,P007,Karan,Viper,Pearl,24,6,8,4,3326.0,25,Win,Silver
101962,2026-07-16,P004,Rohan,Killjoy,Lotus,21,14,7,7,3251.0,24,Loss,Gold
101840,2026-08-27,P007,Karan,Fade,Pearl,26,16,4,9,3203.0,20,Win,Gold
104239,2026-02-19,P002,Rahul,Sage,Lotus,20,20,5,6,2312.0,19,Loss,Silver
104029,2026-04-18,P011,Neeraj,Jett,Breeze,18,15,3,11,1965.0,20,Win,Bronze
103577,2026-09-27,P005,Akash,Reyna,Pearl,12,19,2,4,2015.0,25,Loss,Silver
107155,2026-06-01,P018,Manish,Cypher,Lotus,24,16,8,8,4573.0,26,Loss,Silver
104889,2026-08-28,P012,Yash,Gekko,Ascent,12,11,4,3,1513.0,27,Win,Diamond
106647,2026-07-27,P015,Nikhil,Reyna,Icebox,17,17,10,7,3397.0,28,Loss,Gold
106661,2026-01-17,P019,Ritesh,Cypher,Breeze,4,14,5,1,597.0,24,Loss,Gold
105970,2026-01-26,P002,Rahul,Fade,Bind,13,15,1,5,1661.0,30,Win,Gold
106240,2026-08-10,P001,Shubham,Sova,Sunset,23,11,0,10,2756.0,30,Loss,Platinum
108875,2026-09-26,P008,Aditya,Fade,Breeze,18,5,9,9,2788.0,23,Loss,Immortal
100411,2026-08-21,P008,Aditya,Phoenix,Pearl,11,13,5,3,1813.0,20,Loss,Bronze
100613,2026-06-30,P012,Yash,Reyna,Bind,13,11,5,8,2003.0,21,Win,Gold
105786,2026-01-18,P018,Manish,Sova,Lotus,8,20,5,2,1262.0,23,Win,Gold
105234,2026-02-14,P009,Sahil,Cypher,Bind,24,14,3,9,2759.0,18,Loss,Gold
101430,2026-05-09,P008,Aditya,Chamber,Icebox,5,10,0,0,445.0,22,Loss,Gold
106734,2026-09-30,P005,Akash,Phoenix,Ascent,26,19,7,6,4012.0,23,Win,Gold
109977,2026-06-03,P008,Aditya,Viper,Icebox,18,19,7,3,2430.0,25,Win,Bronze
105197,2026-06-26,P010,Pratik,Cypher,Ascent,14,9,8,11,2246.0,30,Loss,Platinum
103639,2026-06-30,P020,Harsh,Omen,Bind,25,11,3,13,5207.0,19,Win,Platinum
107306,2026-06-03,P006,Vivek,Phoenix,Pearl,9,14,14,3,1006.0,21,Win,Diamond
101417,2026-07-28,P015,Nikhil,Killjoy,Ascent,14,17,4,7,2421.0,28,Win,Silver
104156,2026-07-19,P010,Pratik,Reyna,Bind,15,15,7,9,3243.0,28,Win,Gold
100604,2026-06-29,P011,Neeraj,Jett,Pearl,11,12,8,5,1319.0,25,Loss,Diamond
101272,2026-03-30,P011,Neeraj,Brimstone,Sunset,9,12,2,4,1442.0,28,Loss,Gold
109755,2026-04-28,P007,Karan,Phoenix,Pearl,34,18,2,10,5728.0,22,Loss,Ascendant
108115,2026-07-17,P007,Karan,Raze,Breeze,25,13,7,8,2952.0,25,Loss,Diamond
106774,2026-08-03,P020,Harsh,Fade,Haven,23,12,5,16,2236.0,29,Win,Diamond
103852,2026-07-29,P010,Pratik,Raze,Split,33,7,2,6,5873.0,30,Win,Ascendant
100247,2026-06-15,P017,Siddhant,Viper,Ascent,8,12,6,3,1498.0,18,Win,Silver
105627,2026-05-23,P018,Manish,Killjoy,Split,8,10,5,4,1121.0,19,Win,Silver
101982,2026-08-14,P018,Manish,Brimstone,Ascent,18,14,5,9,2380.0,24,Loss,Silver
108660,2026-04-26,P016,Arjun,Sage,Split,17,12,3,6,2647.0,28,Win,Diamond
108037,2026-08-09,P005,Akash,Fade,Lotus,18,14,3,9,2943.0,30,Win,Platinum
100199,2026-03-24,P017,Siddhant,Reyna,Lotus,27,11,8,9,5342.0,18,Win,Ascendant
100485,2026-03-29,P009,Sahil,Phoenix,Haven,12,15,3,4,1781.0,28,Win,Gold
106111,2026-06-08,P006,Vivek,Fade,Icebox,4,15,3,1,792.0,19,Win,
104540,2026-05-15,P006,Vivek,Brimstone,Haven,4,19,0,1,821.0,28,Loss,Diamond
100455,2026-01-10,P009,Sahil,Sova,Haven,10,18,10,4,1082.0,18,Loss,Bronze
109818,2026-04-28,P007,Karan,Sage,Lotus,3,15,3,0,513.0,27,Loss,Gold
108845,2026-02-13,P017,Siddhant,Chamber,Bind,17,10,7,8,3076.0,20,Win,Platinum
106545,2026-05-28,P015,Nikhil,Sage,Sunset,21,13,7,7,2830.0,18,Loss,Diamond
101721,2026-02-15,P020,Harsh,Jett,Sunset,6,18,4,2,584.0,18,Win,Gold
105368,2026-01-25,P017,Siddhant,Raze,Ascent,9,9,3,2,1087.0,21,Loss,Gold
103410,2026-07-12,P018,Manish,Cypher,Split,13,15,1,4,2794.0,23,Win,Silver
108197,2026-08-13,P010,Pratik,Chamber,Breeze,25,9,9,7,3068.0,27,Win,Silver
106459,2026-01-19,P016,Arjun,Brimstone,Ascent,6,14,8,2,1089.0,21,Win,Silver
105836,2026-04-08,P007,Karan,Omen,Haven,18,15,11,5,2388.0,23,Loss,Gold
106223,2026-09-16,P012,Yash,Fade,Bind,26,14,3,8,4639.0,24,Loss,Silver
100862,2026-04-22,P004,Rohan,Sage,Sunset,17,15,5,9,3486.0,22,Win,Platinum
102094,2026-07-30,P007,Karan,Viper,Sunset,30,11,9,7,4998.0,21,Loss,Immortal
100947,2026-07-26,P008,Aditya,Sage,Ascent,6,15,6,4,1040.0,24,Win,Silver
102457,2026-08-05,P017,Siddhant,Omen,Bind,27,12,8,6,3983.0,27,Win,Gold
101444,2026-04-08,P008,Aditya,Gekko,Sunset,15,12,5,5,2453.0,28,Win,Gold
101280,2026-05-31,P015,Nikhil,Brimstone,Bind,12,14,0,4,1645.0,23,Loss,Platinum
104382,2026-09-18,P015,Nikhil,Phoenix,Sunset,15,13,8,6,2267.0,27,Loss,Iron
104961,2026-04-08,P020,Harsh,Jett,Sunset,20,7,7,14,3384.0,24,Loss,Platinum
104184,2026-05-18,P005,Akash,Chamber,Ascent,14,18,6,4,2160.0,24,Loss,Gold
108084,2026-02-22,P005,Akash,Chamber,Ascent,18,11,7,8,2594.0,24,Win,Diamond
107104,2026-04-06,P019,Ritesh,Chamber,Haven,12,10,4,3,1655.0,20,Loss,Platinum
102302,2026-02-14,P001,Shubham,Gekko,Ascent,24,24,5,9,4347.0,18,Loss,Ascendant
102004,2026-05-08,P002,Rahul,Killjoy,Sunset,13,10,7,7,2111.0,28,Win,Platinum
108492,2026-07-04,P013,Ankit,Reyna,Ascent,17,12,8,13,1686.0,18,Loss,Platinum
108723,2026-03-09,P019,Ritesh,Raze,Pearl,19,19,3,11,1218.0,18,Loss,Silver
101005,2026-03-11,P018,Manish,Omen,Icebox,16,8,7,7,1915.0,24,Win,Bronze
108888,2026-08-31,P007,Karan,Killjoy,Pearl,11,18,3,5,1567.0,24,Loss,Ascendant
106552,2026-03-29,P007,Karan,Omen,Lotus,8,11,9,5,1130.0,22,Win,Diamond
106225,2026-08-20,P017,Siddhant,Cypher,Icebox,11,16,4,7,1843.0,21,Win,Silver
104982,2026-09-24,P014,Varun,Omen,Split,17,16,9,4,2615.0,19,Win,Platinum
102132,2026-06-28,P008,Aditya,Killjoy,Split,22,12,6,9,2599.0,20,Loss,Silver
107836,2026-06-14,P004,Rohan,Jett,Split,20,16,2,9,2689.0,18,Win,Ascendant
102057,2026-06-10,P013,Ankit,Gekko,Pearl,27,14,5,12,3723.0,22,Loss,Iron
103921,2026-04-26,P019,Ritesh,Cypher,Haven,31,13,6,11,3331.0,19,Win,Gold
100229,2026-05-10,P004,Rohan,Sova,Icebox,17,16,2,7,2547.0,24,Win,Immortal
106501,2026-02-09,P015,Nikhil,Cypher,Bind,22,11,3,9,4001.0,23,Win,Silver
104012,2026-07-25,P019,Ritesh,Sage,Sunset,15,21,4,3,2626.0,24,Win,Immortal
107775,2026-04-09,P006,Vivek,Gekko,Icebox,5,15,1,3,693.0,22,Loss,Gold
104667,2026-09-03,P020,Harsh,Omen,Lotus,27,11,5,8,3257.0,20,Loss,Silver
105981,2026-08-23,P007,Karan,Sova,Sunset,13,17,8,4,1884.0,28,Loss,Ascendant
108399,2026-05-28,P005,Akash,Viper,Breeze,20,18,0,3,1670.0,22,Win,Silver
100209,2026-06-24,P008,Aditya,Brimstone,Pearl,25,13,9,7,4475.0,18,Loss,Platinum
109574,2026-09-26,P001,Shubham,Phoenix,Bind,21,12,5,8,2986.0,23,Win,Platinum
103058,2026-03-23,P002,Rahul,Chamber,Pearl,7,11,2,1,1133.0,28,Loss,Diamond
105020,2026-01-28,P018,Manish,Viper,Haven,13,12,8,2,1929.0,19,Win,Bronze
107149,2026-04-12,P010,Pratik,Killjoy,Haven,24,18,7,10,2632.0,28,Loss,Platinum
106006,2026-05-19,P015,Nikhil,Sage,Ascent,9,14,9,5,1612.0,18,Loss,
101728,2026-07-16,P008,Aditya,Cypher,Breeze,25,10,5,16,3214.0,21,Loss,Platinum
104196,2026-03-22,P018,Manish,Chamber,Ascent,8,14,2,5,1373.0,29,Win,Gold
100337,2026-03-12,P004,Rohan,Sage,Ascent,7,11,4,4,736.0,25,Win,Platinum
106419,2026-08-06,P017,Siddhant,Cypher,Ascent,9,11,5,3,1647.0,20,Win,Silver
105454,2026-05-29,P008,Aditya,Brimstone,Sunset,23,14,5,10,3001.0,18,Loss,Platinum
107281,2026-06-09,P011,Neeraj,Brimstone,Pearl,10,20,2,5,1287.0,27,Loss,Diamond
107742,2026-03-07,P019,Ritesh,Brimstone,Lotus,14,12,7,3,2529.0,19,Win,Platinum
101226,2026-08-29,P013,Ankit,Fade,Bind,23,20,6,8,2828.0,24,Win,Gold
103328,2026-08-26,P006,Vivek,Killjoy,Haven,19,20,3,6,2947.0,22,Loss,Ascendant
104338,2026-02-10,P010,Pratik,Killjoy,Bind,26,6,2,13,3149.0,20,Win,Platinum
103873,2026-01-15,P009,Sahil,Sova,Sunset,27,12,4,11,4148.0,27,Loss,Silver
104193,2026-02-23,P008,Aditya,Sova,Haven,10,13,3,2,1558.0,23,Loss,Gold
102111,2026-06-22,P016,Arjun,Killjoy,Split,23,13,5,11,2895.0,30,Win,Platinum
109382,2026-08-15,P008,Aditya,Cypher,Pearl,7,11,8,1,1268.0,18,Loss,Silver
102816,2026-05-10,P002,Rahul,Raze,Haven,23,13,3,10,4076.0,24,Loss,Silver
104919,2026-08-10,P003,Amit,Gekko,Icebox,9,10,8,2,1404.0,24,Loss,Gold
101017,2026-09-19,P018,Manish,Omen,Breeze,20,8,13,6,3864.0,20,Win,Ascendant
107377,2026-02-03,P011,Neeraj,Sova,Split,18,14,4,5,2641.0,26,Win,Immortal
102835,2026-06-25,P006,Vivek,Cypher,Bind,17,9,3,9,2880.0,30,Loss,Platinum
105689,2026-01-08,P017,Siddhant,Killjoy,Sunset,17,9,12,7,2565.0,28,Win,Diamond
101928,2026-07-15,P008,Aditya,Raze,Split,28,12,5,13,2947.0,24,Loss,Bronze
100350,2026-05-26,P007,Karan,Fade,Icebox,15,16,7,9,1979.0,28,Win,Silver
103918,2026-05-21,P017,Siddhant,Sage,Sunset,20,11,0,6,1947.0,18,Win,Gold
109029,2026-06-13,P007,Karan,Viper,Bind,18,18,8,8,1677.0,27,Loss,Platinum
101934,2026-06-06,P018,Manish,Chamber,Split,23,12,7,7,3865.0,26,Win,Platinum
106934,2026-09-19,P003,Amit,Raze,Split,13,10,13,6,2806.0,20,Loss,Immortal
109486,2026-06-02,P011,Neeraj,Cypher,Split,9,17,2,5,1051.0,18,Win,Gold
100564,2026-04-01,P001,Shubham,Viper,Sunset,13,7,8,5,2755.0,23,Loss,Gold
101582,2026-02-28,P002,Rahul,Reyna,Ascent,25,16,6,10,2992.0,25,Loss,Platinum
103597,2026-08-22,P004,Rohan,Raze,Breeze,5,15,6,0,634.0,22,Win,Bronze
102175,2026-08-22,P009,Sahil,Sage,Bind,20,12,6,7,1917.0,21,Loss,Ascendant
104901,2026-04-21,P011,Neeraj,Fade,Ascent,21,16,6,10,2630.0,29,Loss,Bronze
104049,2026-02-28,P013,Ankit,Killjoy,Sunset,20,11,4,11,2642.0,27,Win,Ascendant
102228,2026-06-30,P004,Rohan,Brimstone,Breeze,31,16,1,15,3970.0,29,Loss,Bronze
101115,2026-08-25,P018,Manish,Sova,Bind,17,13,9,4,2309.0,29,Win,Ascendant
103353,2026-05-07,P014,Varun,Killjoy,Lotus,17,13,6,3,3261.0,19,Loss,Gold
102602,2026-01-23,P001,Shubham,Sage,Bind,24,16,6,12,4589.0,27,Win,Platinum
105072,2026-01-29,P002,Rahul,Sova,Split,26,13,6,8,3891.0,22,Loss,Ascendant
104694,2026-05-27,P016,Arjun,Viper,Icebox,16,12,6,10,3107.0,22,Win,Ascendant
107510,2026-06-25,P010,Pratik,Gekko,Ascent,7,17,5,3,1170.0,23,Win,Platinum
100821,2026-08-27,P015,Nikhil,Gekko,Icebox,21,20,3,8,3320.0,18,Loss,Diamond
102922,2026-01-19,P006,Vivek,Sage,Lotus,8,14,6,3,1326.0,18,Loss,Silver
102272,2026-01-13,P001,Shubham,Sage,Breeze,13,15,8,7,1660.0,19,Win,Silver
105570,2026-01-10,P002,Rahul,Phoenix,Bind,27,16,2,11,4725.0,22,Win,Silver
100081,2026-03-05,P002,Rahul,Cypher,Breeze,11,9,10,5,2216.0,30,Loss,Ascendant
101323,2026-08-17,P016,Arjun,Sova,Pearl,26,16,0,9,4316.0,22,Win,Gold
107809,2026-09-27,P018,Manish,Sova,Haven,12,16,10,0,2307.0,19,Loss,Silver
101614,2026-01-28,P010,Pratik,Fade,Haven,31,15,4,11,5312.0,19,Win,Bronze
100831,2026-04-28,P012,Yash,Gekko,Haven,22,13,6,6,3684.0,30,Loss,Gold
107911,2026-01-25,P016,Arjun,Phoenix,Breeze,6,13,7,2,471.0,22,Loss,Gold
107637,2026-07-10,P011,Neeraj,Sova,Lotus,15,22,3,4,2082.0,28,Loss,Ascendant
102420,2026-04-09,P009,Sahil,Sova,Icebox,18,18,7,5,2195.0,23,Win,Diamond
108145,2026-04-02,P014,Varun,Phoenix,Ascent,24,12,2,10,2377.0,24,Loss,Silver
107442,2026-04-17,P016,Arjun,Raze,Ascent,30,14,4,8,4759.0,23,Loss,Diamond
104957,2026-02-03,P015,Nikhil,Viper,Ascent,20,14,7,5,2897.0,23,Loss,Silver
101649,2026-02-09,P017,Siddhant,Brimstone,Bind,20,11,3,12,2699.0,22,Win,Gold
104102,2026-07-06,P016,Arjun,Cypher,Sunset,10,16,1,5,1748.0,26,Loss,Bronze
107256,2026-07-04,P002,Rahul,Brimstone,Pearl,15,14,5,5,2006.0,29,Loss,Gold
107532,2026-01-11,P010,Pratik,Raze,Pearl,13,9,6,7,1704.0,30,Win,Gold
108332,2026-09-13,P011,Neeraj,Jett,Split,24,17,4,5,3713.0,21,Loss,Platinum
106752,2026-05-11,P018,Manish,Raze,Breeze,21,15,6,11,4998.0,28,Loss,Platinum
107176,2026-05-24,P016,Arjun,Omen,Ascent,12,15,4,9,2508.0,25,Win,Platinum
106958,2026-04-29,P014,Varun,Sova,Breeze,14,9,4,8,1468.0,18,Win,Iron
102523,2026-01-19,P005,Akash,Raze,Split,14,19,10,9,2251.0,30,Win,Platinum
108358,2026-01-15,P006,Vivek,Chamber,Sunset,18,16,4,6,2151.0,19,Win,Silver
103813,2026-04-22,P004,Rohan,Sage,Split,6,14,1,1,955.0,18,Win,Platinum
100749,2026-04-01,P014,Varun,Gekko,Lotus,22,12,8,5,2766.0,25,Loss,Silver
105296,2026-06-14,P004,Rohan,Raze,Pearl,20,12,5,9,3510.0,27,Loss,Gold
102373,2026-09-29,P012,Yash,Viper,Bind,16,20,4,11,1652.0,30,Loss,Diamond
106173,2026-01-26,P006,Vivek,Jett,Haven,25,18,5,17,4466.0,29,Win,Silver
104974,2026-03-06,P013,Ankit,Cypher,Sunset,22,20,3,4,3087.0,18,Loss,Ascendant
102473,2026-03-03,P001,Shubham,Chamber,Icebox,15,12,7,3,2391.0,22,Win,Gold
108388,2026-09-04,P005,Akash,Omen,Haven,11,13,2,3,1634.0,23,Win,Ascendant
107107,2026-04-08,P008,Aditya,Phoenix,Icebox,14,13,3,7,1601.0,30,Loss,Diamond
104123,2026-02-28,P005,Akash,Chamber,Bind,18,10,8,9,2674.0,21,Win,Immortal
105639,2026-01-25,P014,Varun,Sova,Breeze,19,14,10,6,3189.0,25,Win,Iron
104477,2026-04-16,P002,Rahul,Sova,Split,16,14,5,8,1387.0,21,Win,Diamond
101139,2026-01-03,P016,Arjun,Cypher,Pearl,11,20,6,3,1744.0,24,Loss,Platinum
107665,2026-07-28,P005,Akash,Sova,Ascent,18,16,7,3,1734.0,23,Loss,Gold
102231,2026-04-15,P018,Manish,Sage,Split,21,15,5,4,2602.0,27,Loss,Bronze
102164,2026-09-15,P020,Harsh,Killjoy,Sunset,24,8,8,10,3044.0,20,Loss,Diamond
107903,2026-07-11,P017,Siddhant,Omen,Pearl,19,17,4,11,3093.0,28,Loss,Platinum
106431,2026-05-13,P005,Akash,Sage,Lotus,8,10,3,3,1152.0,19,Win,Gold
105838,2026-04-13,P015,Nikhil,Brimstone,Split,13,14,8,5,1690.0,25,Win,Silver
108887,2026-05-27,P004,Rohan,Viper,Bind,24,13,4,11,4569.0,24,Win,Diamond
101570,2026-01-18,P006,Vivek,Sage,Sunset,23,16,11,4,3270.0,21,Win,Immortal
100172,2026-01-03,P008,Aditya,Killjoy,Lotus,15,26,11,4,2392.0,29,Loss,Diamond
109050,2026-09-05,P020,Harsh,Omen,Split,9,15,1,2,1338.0,25,Win,Silver
102087,2026-07-11,P007,Karan,Fade,Ascent,17,20,6,6,2505.0,27,Win,Ascendant
104398,2026-03-05,P002,Rahul,Cypher,Split,12,18,7,3,1713.0,18,Loss,Iron
104613,2026-04-02,P015,Nikhil,Sage,Pearl,21,12,1,11,2379.0,21,Win,Diamond
107122,2026-06-27,P015,Nikhil,Reyna,Icebox,10,16,13,4,1739.0,24,Win,Silver
106366,2026-03-30,P006,Vivek,Brimstone,Haven,20,17,5,13,1887.0,18,Win,Gold
103848,2026-07-10,P017,Siddhant,Raze,Ascent,19,7,3,2,2991.0,29,Loss,Iron
103688,2026-09-15,P019,Ritesh,Cypher,Ascent,13,18,2,5,1667.0,27,Loss,Diamond
101832,2026-02-21,P013,Ankit,Sova,Icebox,14,11,5,4,1983.0,22,Loss,Gold
105133,2026-05-01,P005,Akash,Viper,Lotus,11,11,11,5,1752.0,29,Win,Gold
103501,2026-08-13,P020,Harsh,Brimstone,Lotus,8,14,5,4,1213.0,22,Win,Gold
109149,2026-07-12,P015,Nikhil,Raze,Lotus,6,13,3,0,993.0,27,Win,Platinum
108018,2026-01-03,P004,Rohan,Jett,Ascent,25,14,7,12,2031.0,21,Win,Ascendant
107580,2026-07-30,P020,Harsh,Gekko,Pearl,14,14,5,8,1900.0,29,Loss,Platinum
109205,2026-02-07,P009,Sahil,Gekko,Lotus,28,26,12,8,4147.0,20,Win,Silver
107521,2026-09-22,P020,Harsh,Raze,Icebox,25,12,5,10,3473.0,30,Win,Bronze
100834,2026-05-23,P001,Shubham,Raze,Ascent,19,10,10,5,2748.0,19,Win,Immortal
106853,2026-03-27,P007,Karan,Brimstone,Icebox,20,11,4,11,3026.0,29,Loss,Bronze
104366,2026-07-30,P012,Yash,Fade,Icebox,23,10,11,12,3991.0,18,Loss,Silver
106802,2026-05-24,P015,Nikhil,Raze,Icebox,13,14,7,8,1614.0,29,Win,Platinum
104506,2026-08-09,P002,Rahul,Brimstone,Haven,11,11,1,5,2512.0,27,Loss,Iron
108289,2026-02-16,P004,Rohan,Sova,Ascent,28,22,10,13,3833.0,30,Win,Gold
100065,2026-01-12,P019,Ritesh,Chamber,Icebox,19,12,11,9,3436.0,20,Loss,Diamond
102995,2026-03-29,P012,Yash,Cypher,Pearl,11,13,5,6,1512.0,19,Loss,Gold
108345,2026-01-29,P012,Yash,Omen,Pearl,4,13,4,0,708.0,23,Loss,Gold
103772,2026-03-06,P011,Neeraj,Jett,Icebox,20,9,9,6,2287.0,23,Loss,Gold
100354,2026-04-03,P010,Pratik,Omen,Haven,15,15,3,3,2857.0,18,Win,Gold
109964,2026-01-16,P002,Rahul,Cypher,Ascent,14,12,5,6,2128.0,26,Win,Diamond
104074,2026-01-30,P018,Manish,Chamber,Icebox,13,12,3,9,1983.0,20,Loss,Platinum
102826,2026-08-13,P014,Varun,Cypher,Split,29,17,7,12,3791.0,25,Win,Platinum
109235,2026-01-02,P009,Sahil,Raze,Bind,19,17,6,11,2041.0,21,Loss,Silver
108201,2026-06-28,P015,Nikhil,Gekko,Icebox,25,18,6,12,2690.0,21,Win,Gold
103333,2026-07-06,P004,Rohan,Chamber,Sunset,14,12,4,2,2375.0,28,Loss,Platinum
104147,2026-07-12,P018,Manish,Sage,Breeze,14,12,4,3,1919.0,23,Win,Gold
108078,2026-01-24,P019,Ritesh,Fade,Bind,7,21,0,1,985.0,24,Loss,Silver
108148,2026-07-13,P018,Manish,Jett,Bind,8,14,1,6,733.0,24,Win,Platinum
100472,2026-04-21,P017,Siddhant,Raze,Breeze,12,17,4,0,1552.0,27,Win,Gold
109749,2026-01-08,P015,Nikhil,Sova,Icebox,12,15,7,7,1718.0,21,Loss,Bronze
105974,2026-04-27,P019,Ritesh,Cypher,Lotus,10,12,9,3,2103.0,22,Loss,Gold
109694,2026-09-17,P015,Nikhil,Killjoy,Bind,23,9,5,8,4437.0,30,Win,Gold
106125,2026-03-04,P012,Yash,Phoenix,Pearl,31,19,5,8,5437.0,27,Win,Diamond
100868,2026-02-19,P012,Yash,Omen,Pearl,14,5,0,4,2382.0,25,Win,Diamond
103817,2026-05-18,P016,Arjun,Raze,Icebox,19,16,3,7,2555.0,24,Win,Immortal
107661,2026-07-13,P015,Nikhil,Raze,Bind,17,18,1,8,1900.0,18,Win,Gold
101506,2026-09-02,P002,Rahul,Sova,Ascent,23,13,14,6,3720.0,19,Loss,Silver
108998,2026-01-23,P013,Ankit,Viper,Pearl,19,13,2,8,2888.0,18,Loss,Diamond
109237,2026-08-04,P016,Arjun,Gekko,Icebox,21,17,8,15,2159.0,23,Win,Ascendant
103265,2026-01-26,P017,Siddhant,Viper,Haven,19,17,0,8,3273.0,25,Win,Gold
109349,2026-04-25,P005,Akash,Phoenix,Icebox,13,11,12,8,1555.0,25,Win,Ascendant
105665,2026-01-18,P020,Harsh,Jett,Breeze,27,12,6,8,4313.0,23,Win,Diamond
105273,2026-03-17,P014,Varun,Chamber,Sunset,10,11,8,4,1622.0,21,Win,Ascendant
107198,2026-04-19,P014,Varun,Sova,Bind,25,17,7,10,3428.0,26,Loss,Immortal
101075,2026-03-21,P006,Vivek,Viper,Haven,3,15,6,1,498.0,27,Win,Silver
102648,2026-07-18,P002,Rahul,Cypher,Breeze,16,17,6,10,2552.0,18,Loss,Diamond
109017,2026-07-13,P004,Rohan,Reyna,Split,24,15,9,15,2485.0,24,Win,Platinum
105146,2026-05-28,P015,Nikhil,Killjoy,Haven,27,12,2,9,4206.0,30,Win,Ascendant
106688,2026-09-30,P007,Karan,Chamber,Sunset,8,12,7,5,1610.0,29,Loss,Bronze
106239,2026-08-18,P012,Yash,Reyna,Haven,14,14,5,6,1836.0,18,Win,Gold
103755,2026-04-12,P001,Shubham,Raze,Split,17,11,6,7,2888.0,27,Loss,Platinum
107058,2026-08-30,P016,Arjun,Chamber,Lotus,10,12,0,4,1369.0,21,Win,Platinum
105931,2026-05-16,P019,Ritesh,Viper,Icebox,19,15,3,4,2332.0,23,Win,Platinum
107194,2026-07-30,P007,Karan,Chamber,Pearl,18,22,8,6,2455.0,19,Win,Silver
100073,2026-03-22,P016,Arjun,Gekko,Sunset,26,14,7,10,2744.0,19,Loss,Diamond
104077,2026-07-06,P016,Arjun,Sage,Bind,3,16,6,0,571.0,28,Loss,Gold
105743,2026-02-05,P017,Siddhant,Phoenix,Haven,16,12,10,8,2479.0,29,Win,Ascendant
106729,2026-09-17,P013,Ankit,Reyna,Icebox,22,8,6,8,2212.0,21,Loss,Diamond
106088,2026-02-17,P010,Pratik,Killjoy,Bind,17,12,0,7,2614.0,21,Win,Platinum
101101,2026-02-14,P013,Ankit,Sova,Ascent,20,19,8,12,3087.0,24,Loss,Platinum
109557,2026-06-10,P012,Yash,Raze,Ascent,26,14,6,10,4121.0,30,Loss,Ascendant
107689,2026-07-04,P013,Ankit,Raze,Haven,27,9,5,8,3636.0,19,Win,Platinum
108595,2026-06-23,P016,Arjun,Viper,Haven,25,12,5,7,3409.0,23,Win,Platinum
104842,2026-04-12,P012,Yash,Reyna,Icebox,28,15,6,12,3807.0,30,Win,Ascendant
100118,2026-03-19,P018,Manish,Omen,Ascent,13,16,8,7,2631.0,26,Loss,Platinum
102022,2026-01-01,P010,Pratik,Phoenix,Lotus,23,22,1,14,3553.0,18,Loss,Diamond
109905,2026-07-29,P003,Amit,Reyna,Pearl,26,19,4,7,3871.0,20,Loss,Bronze
103853,2026-09-05,P012,Yash,Gekko,Haven,18,9,0,3,3378.0,30,Loss,Ascendant
102034,2026-08-02,P006,Vivek,Chamber,Haven,13,16,7,7,2165.0,21,Win,Silver
102588,2026-03-05,P015,Nikhil,Gekko,Split,21,15,5,11,3366.0,27,Loss,Ascendant
108770,2026-01-10,P004,Rohan,Fade,Icebox,17,13,6,9,2968.0,29,Loss,Diamond
103582,2026-07-19,P017,Siddhant,Killjoy,Lotus,16,16,4,5,2837.0,26,Loss,Silver
101219,2026-05-22,P020,Harsh,Omen,Lotus,23,15,6,8,3608.0,24,Loss,Bronze
107767,2026-08-11,P013,Ankit,Omen,Split,15,7,4,9,2111.0,27,Win,Gold
107746,2026-07-10,P008,Aditya,Phoenix,Sunset,16,13,6,6,2386.0,20,Loss,Platinum
103833,2026-02-23,P007,Karan,Reyna,Bind,29,12,4,8,3952.0,26,Loss,Gold
108530,2026-01-23,P019,Ritesh,Omen,Haven,10,15,6,6,831.0,30,Loss,Diamond
102510,2026-08-19,P017,Siddhant,Killjoy,Ascent,18,15,12,10,3722.0,26,Loss,Platinum
103279,2026-02-22,P016,Arjun,Cypher,Bind,31,12,0,10,4849.0,21,Loss,Diamond
106603,2026-08-02,P018,Manish,Brimstone,Icebox,20,9,5,5,3265.0,25,Loss,Bronze
104510,2026-09-28,P009,Sahil,,Bind,10,10,5,3,1346.0,29,Win,Diamond
105106,2026-09-18,P002,Rahul,Chamber,Ascent,18,15,5,7,1753.0,22,Loss,Diamond
102982,2026-03-08,P009,Sahil,Phoenix,Pearl,13,16,3,3,1800.0,24,Win,Diamond
100177,2026-02-18,P008,Aditya,Raze,Ascent,13,12,6,7,2060.0,21,Win,Bronze
101643,2026-06-08,P020,Harsh,Reyna,Lotus,16,12,5,5,1220.0,29,Win,Platinum
109311,2026-07-07,P015,Nikhil,Cypher,Lotus,13,14,5,0,1967.0,27,Win,Bronze
106405,2026-08-21,P005,Akash,Sage,Split,14,22,1,6,2438.0,30,Loss,Gold
101374,2026-09-21,P012,Yash,Sage,Pearl,20,13,3,5,3460.0,18,Loss,Silver
101720,2026-04-18,P004,Rohan,Sova,Ascent,3,16,3,0,506.0,19,Loss,Diamond
106961,2026-07-13,P009,Sahil,Gekko,Sunset,15,13,7,6,3038.0,30,Loss,Gold
103728,2026-08-04,P001,Shubham,Viper,Pearl,21,13,1,7,3053.0,23,Loss,Gold
102264,2026-07-15,P013,Ankit,Sova,Sunset,9,9,4,3,1014.0,29,Loss,Diamond
100087,2026-09-19,P002,Rahul,Sova,Lotus,28,11,10,10,4650.0,24,Win,Silver
105074,2026-05-02,P005,Akash,Jett,Breeze,24,16,8,10,3041.0,19,Win,Bronze
108706,2026-09-10,P018,Manish,Brimstone,Sunset,17,10,9,6,2741.0,28,Win,Platinum
100403,2026-06-11,P008,Aditya,Fade,Split,10,16,0,3,1291.0,28,Win,Diamond
103132,2026-03-08,P003,Amit,Fade,Sunset,23,12,4,6,3644.0,24,Loss,Gold
109626,2026-07-23,P019,Ritesh,Reyna,Sunset,10,10,2,6,1804.0,30,Win,Gold
106867,2026-07-14,P015,Nikhil,Sage,Pearl,28,13,6,17,5870.0,22,Win,Diamond
106567,2026-07-18,P012,Yash,Reyna,Haven,15,9,10,5,3527.0,22,Win,Platinum
102456,2026-09-22,P011,Neeraj,Cypher,Icebox,11,14,11,4,1543.0,23,Loss,Gold
105064,2026-01-20,P001,Shubham,Cypher,Ascent,24,18,7,11,3852.0,24,Loss,Ascendant
102214,2026-04-16,P009,Sahil,Sage,Lotus,3,13,4,0,378.0,28,Loss,Silver
101027,2026-06-28,P009,Sahil,Cypher,Haven,18,13,7,2,2099.0,27,Loss,Gold
109723,2026-08-08,P010,Pratik,Reyna,Pearl,19,14,5,7,3890.0,20,Loss,Platinum
101421,2026-04-19,P005,Akash,Fade,Ascent,10,13,10,3,1420.0,30,Loss,Diamond
102436,2026-04-26,P002,Rahul,Fade,Haven,23,13,2,4,3986.0,22,Win,Silver
106830,2026-05-29,P014,Varun,Cypher,Lotus,18,22,9,9,3005.0,20,Loss,Gold
109106,2026-02-05,P012,Yash,Gekko,Pearl,19,18,3,12,2938.0,25,Loss,Platinum
101278,2026-04-17,P014,Varun,Cypher,Split,6,10,7,2,797.0,18,Win,Gold
103522,2026-04-23,P007,Karan,Raze,Lotus,21,8,4,8,3447.0,20,Win,Gold
106718,2026-04-09,P019,Ritesh,Sova,Split,10,15,5,4,1507.0,28,Win,Gold
109713,2026-07-17,P010,Pratik,Sova,Ascent,12,10,4,6,2017.0,28,Win,Gold
107316,2026-06-24,P011,Neeraj,Omen,Icebox,3,17,5,2,544.0,23,Win,Gold
101978,2026-05-19,P003,Amit,Phoenix,Split,23,12,7,6,3422.0,27,Loss,Silver
101061,2026-01-15,P011,Neeraj,Reyna,Icebox,15,12,2,6,2307.0,27,Loss,Gold
106425,2026-03-27,P001,Shubham,Reyna,Breeze,10,16,5,4,1480.0,30,Win,Diamond
107065,2026-08-14,P011,Neeraj,Brimstone,Bind,28,23,2,11,4915.0,29,Win,Platinum
109388,2026-07-29,P003,Amit,Jett,Lotus,26,23,7,12,4292.0,19,Loss,Bronze
104602,2026-09-23,P014,Varun,Reyna,Sunset,12,13,1,9,1349.0,23,Win,Bronze
101502,2026-08-29,P018,Manish,Viper,Ascent,22,9,2,8,2795.0,25,Loss,Platinum
108587,2026-02-06,P014,Varun,Chamber,Pearl,3,17,5,2,633.0,24,Win,Platinum
102748,2026-08-22,P009,Sahil,Phoenix,Pearl,15,16,1,8,2505.0,24,Loss,Gold
103272,2026-04-01,P014,Varun,Reyna,Haven,10,13,1,6,1694.0,21,Win,Gold
106159,2026-09-01,P003,Amit,Phoenix,Breeze,3,18,9,2,678.0,24,Loss,Gold
104942,2026-05-21,P002,Rahul,Chamber,Ascent,16,12,5,5,2235.0,29,Loss,Ascendant
100678,2026-09-11,P020,Harsh,Sage,Haven,6,10,8,0,1129.0,28,Win,Gold
106214,2026-03-23,P008,Aditya,Fade,Lotus,23,12,12,9,3820.0,26,Win,Platinum
103290,2026-06-21,P019,Ritesh,Sova,Lotus,28,15,3,12,4297.0,19,Win,Platinum
108805,2026-04-17,P009,Sahil,Brimstone,Bind,24,10,6,10,3521.0,28,Win,Ascendant
107794,2026-06-10,P005,Akash,Gekko,Lotus,5,8,5,4,977.0,26,Loss,Platinum
100102,2026-03-26,P002,Rahul,Omen,Split,24,13,9,16,3797.0,19,Loss,Silver
100957,2026-02-15,P007,Karan,Fade,Pearl,26,11,5,9,4100.0,26,Win,Diamond
104447,2026-08-01,P016,Arjun,Jett,Icebox,21,16,7,13,3623.0,30,Win,Gold
103827,2026-04-20,P002,Rahul,Sova,Lotus,12,11,5,6,1826.0,22,Win,Platinum
107095,2026-03-07,P005,Akash,Viper,Split,25,10,9,12,3533.0,20,Loss,Immortal
108764,2026-04-29,P006,Vivek,Cypher,Breeze,15,8,5,10,2304.0,18,Win,Gold
107773,2026-08-28,P020,Harsh,Reyna,Split,16,13,10,3,2160.0,21,Loss,Silver
102673,2026-06-28,P018,Manish,Reyna,Bind,15,14,5,6,1933.0,26,Loss,Diamond
106027,2026-02-27,P011,Neeraj,Reyna,Breeze,20,13,10,13,3080.0,28,Win,Iron
105914,2026-02-06,P005,Akash,Sova,Sunset,22,16,3,11,2405.0,25,Win,Ascendant
105406,2026-01-27,P009,Sahil,Gekko,Haven,15,12,7,8,1322.0,22,Win,Gold
108963,2026-03-14,P006,Vivek,Fade,Breeze,17,15,8,7,2859.0,20,Loss,Ascendant
104084,2026-08-27,P010,Pratik,Reyna,Icebox,21,14,8,8,2901.0,25,Win,Platinum
104860,2026-06-25,P019,Ritesh,Brimstone,Split,10,18,8,3,1620.0,25,Loss,Diamond
104157,2026-06-03,P004,Rohan,Phoenix,Sunset,12,6,6,4,2318.0,30,Win,Gold
103026,2026-01-17,P012,Yash,Chamber,Sunset,27,12,4,12,4077.0,20,Loss,Silver
101947,2026-02-28,P005,Akash,Reyna,Ascent,16,15,4,8,1832.0,21,Loss,Ascendant
107750,2026-04-30,P004,Rohan,Gekko,Bind,24,13,7,15,3960.0,26,Win,Silver
102299,2026-04-04,P017,Siddhant,Reyna,Icebox,27,20,4,14,4256.0,25,Win,Silver
104681,2026-07-31,P012,Yash,Reyna,Bind,8,10,4,4,1415.0,27,Win,Diamond
104403,2026-06-09,P013,Ankit,Killjoy,Ascent,11,14,6,8,1610.0,30,Loss,Gold
106422,2026-02-10,P011,Neeraj,Killjoy,Haven,29,19,6,17,5221.0,25,Loss,Ascendant
102955,2026-08-01,P015,Nikhil,Gekko,Pearl,28,13,10,14,4089.0,21,Loss,Bronze
103307,2026-09-03,P006,Vivek,Viper,Lotus,8,9,4,2,1624.0,27,Loss,Platinum
108676,2026-09-13,P018,Manish,Jett,Sunset,18,14,5,10,3462.0,30,Win,Ascendant
100528,2026-05-03,P011,Neeraj,Killjoy,Pearl,36,18,8,15,4984.0,27,Win,Platinum
101233,2026-07-31,P005,Akash,Omen,Haven,15,14,2,5,2291.0,29,Loss,Bronze
100779,2026-02-12,P007,Karan,Brimstone,Haven,20,11,12,9,1711.0,21,Win,Silver
108055,2026-01-13,P018,Manish,Sova,Icebox,10,8,12,7,1433.0,24,Loss,Gold
105206,2026-02-27,P011,Neeraj,Omen,Bind,20,18,7,7,3392.0,26,Win,Iron
108151,2026-07-19,P005,Akash,Killjoy,Lotus,20,8,1,10,3823.0,29,Win,Gold
101860,2026-03-17,P015,Nikhil,Omen,Icebox,16,16,8,6,1711.0,26,Win,Gold
108456,2026-05-27,P019,Ritesh,Omen,Bind,15,18,8,6,2196.0,28,Loss,Diamond
108628,2026-08-25,P008,Aditya,Gekko,Sunset,17,15,8,5,2472.0,29,Loss,Iron
106698,2026-03-05,P007,Karan,Reyna,Sunset,13,14,2,7,2213.0,18,Win,Ascendant
103059,2026-06-01,P011,Neeraj,Sova,Split,19,21,0,7,1916.0,23,Loss,Diamond
101992,2026-01-31,P006,Vivek,Gekko,Bind,6,15,6,2,1067.0,23,Loss,Gold
103776,2026-07-31,P020,Harsh,Gekko,Icebox,12,9,8,6,2647.0,29,Win,Gold
107272,2026-01-23,P018,Manish,Cypher,Bind,5,13,5,1,782.0,28,Loss,Bronze
105328,2026-05-06,P014,Varun,Phoenix,Ascent,22,10,4,10,3572.0,29,Win,Platinum
109781,2026-07-25,P011,Neeraj,Reyna,Icebox,17,13,8,9,2149.0,28,Win,Diamond
107624,2026-09-13,P019,Ritesh,Reyna,Breeze,19,18,10,5,2110.0,21,Win,Ascendant
102471,2026-09-10,P014,Varun,Sage,Icebox,28,20,7,12,4882.0,20,Win,Ascendant
105062,2026-05-07,P007,Karan,Killjoy,Icebox,18,11,3,8,2734.0,24,Win,Silver
103079,2026-02-13,P019,Ritesh,Phoenix,Breeze,15,12,7,6,2494.0,24,Loss,Diamond
104720,2026-03-26,P009,Sahil,Reyna,Breeze,15,12,6,4,2473.0,27,Win,Gold
101396,2026-09-28,P007,Karan,Sage,Lotus,19,15,7,6,3765.0,30,Loss,Silver
104046,2026-08-31,P006,Vivek,Omen,Breeze,28,23,4,11,3547.0,22,Loss,Gold
106639,2026-02-13,P008,Aditya,Chamber,Breeze,22,12,3,6,3739.0,30,Win,Ascendant
104368,2026-01-08,P007,Karan,Fade,Breeze,21,16,13,7,2608.0,29,Win,Ascendant
101042,2026-05-24,P013,Ankit,Brimstone,Lotus,15,16,6,6,2868.0,24,Win,Silver
103334,2026-04-28,P006,Vivek,Raze,Icebox,17,14,6,5,2698.0,18,Loss,Diamond
107290,2026-03-25,P008,Aditya,Chamber,Ascent,18,11,8,9,3230.0,19,Win,Platinum
100257,2026-03-20,P007,Karan,Viper,Bind,13,20,6,7,1836.0,25,Win,Diamond
107320,2026-08-24,P012,Yash,Sage,Breeze,19,8,5,9,2347.0,25,Loss,Platinum
108635,2026-08-22,P019,Ritesh,Cypher,Icebox,23,11,5,14,3015.0,22,Win,Ascendant
107851,2026-06-22,P016,Arjun,Reyna,Bind,18,15,7,7,3223.0,21,Loss,Bronze
108263,2026-09-01,P004,Rohan,Omen,Bind,12,17,5,6,1984.0,20,Loss,Ascendant
102089,2026-01-20,P006,Vivek,Omen,Pearl,27,21,3,10,4561.0,21,Win,Ascendant
107736,2026-06-10,P017,Siddhant,Gekko,Pearl,23,17,2,9,3277.0,25,Win,Bronze
100503,2026-01-22,P019,Ritesh,Jett,Breeze,29,21,4,14,2901.0,30,Loss,Platinum
103405,2026-02-20,P006,Vivek,Reyna,Ascent,17,7,3,9,2266.0,29,Loss,Gold
108833,2026-04-23,P001,Shubham,Fade,Icebox,19,15,7,7,2877.0,22,Win,Platinum
101345,2026-03-06,P019,Ritesh,Gekko,Pearl,9,10,1,2,1470.0,18,Win,Gold
108118,2026-08-25,P006,Vivek,Chamber,Haven,20,9,8,8,3514.0,26,Loss,Gold
105070,2026-09-04,P010,Pratik,Reyna,Sunset,10,9,7,5,1179.0,22,Win,Gold
102248,2026-03-08,P008,Aditya,Brimstone,Lotus,19,9,4,5,3136.0,25,Win,Platinum
108947,2026-08-03,P011,Neeraj,Sage,Split,16,12,8,3,2044.0,28,Loss,Ascendant
100372,2026-04-27,P004,Rohan,Raze,Bind,12,10,5,5,2251.0,21,Loss,Bronze
109285,2026-08-03,P015,Nikhil,Viper,Icebox,20,11,2,8,3071.0,26,Loss,Silver
105151,2026-08-22,P003,Amit,Jett,Split,18,13,5,7,2647.0,30,Loss,Ascendant
102006,2026-01-11,P012,Yash,Cypher,Sunset,21,13,9,8,3910.0,24,Win,Gold
106109,2026-07-07,P003,Amit,Cypher,Split,16,16,6,5,1361.0,18,Loss,Silver
106196,2026-01-07,P008,Aditya,Chamber,Icebox,14,20,9,9,2329.0,18,Win,Silver
104030,2026-04-08,P004,Rohan,Gekko,Pearl,15,15,5,4,2178.0,22,Loss,Immortal
106705,2026-05-09,P006,Vivek,Viper,Haven,16,12,9,8,1498.0,27,Loss,Silver
106100,2026-07-12,P011,Neeraj,Brimstone,Ascent,14,14,7,7,1483.0,29,Win,Ascendant
102102,2026-04-05,P003,Amit,Cypher,Icebox,12,14,7,5,1558.0,22,Loss,Gold
100997,2026-06-04,P010,Pratik,Reyna,Haven,22,9,9,7,3210.0,24,Loss,Gold
108204,2026-04-17,P013,Ankit,Raze,Icebox,16,13,2,5,1514.0,28,Loss,Ascendant
107753,2026-08-09,P005,Akash,Phoenix,Haven,24,16,9,4,3246.0,28,Loss,Platinum
101176,2026-05-25,P005,Akash,Killjoy,Breeze,23,17,7,12,3662.0,18,Loss,Silver
100551,2026-07-19,P012,Yash,Sage,Split,15,8,8,5,2481.0,22,Loss,Ascendant
100744,2026-09-01,P006,Vivek,Killjoy,Haven,29,13,3,14,3672.0,29,Win,Silver
105594,2026-07-08,P019,Ritesh,,Bind,24,10,2,12,3810.0,27,Win,Ascendant
106205,2026-01-22,P017,Siddhant,Raze,Icebox,31,12,10,11,3079.0,23,Loss,Gold
103070,2026-08-22,P011,Neeraj,Sova,Lotus,18,10,8,4,3164.0,25,Loss,Iron
105824,2026-09-05,P019,Ritesh,Fade,Split,15,16,4,6,2541.0,19,Win,Gold
103497,2026-03-19,P017,Siddhant,Sage,Bind,18,11,10,9,3773.0,19,Loss,Platinum
102750,2026-08-30,P001,Shubham,Brimstone,Breeze,21,16,7,8,3269.0,18,Win,Gold
106879,2026-09-22,P018,Manish,Fade,Pearl,15,12,4,7,1435.0,18,Win,Gold
107649,2026-01-14,P014,Varun,Phoenix,Bind,6,17,7,1,916.0,30,Loss,Bronze
107581,2026-02-13,P018,Manish,Raze,Split,22,17,3,13,2524.0,26,Win,Gold
104344,2026-02-24,P008,Aditya,Fade,Pearl,3,14,10,1,637.0,18,Win,Platinum
102945,2026-02-24,P009,Sahil,Sage,Sunset,24,13,7,14,5376.0,26,Loss,Gold
108518,2026-03-22,P006,Vivek,Brimstone,Haven,11,16,2,7,2028.0,25,Win,Gold
105479,2026-07-15,P014,Varun,Jett,Lotus,14,13,3,8,1735.0,20,Win,Bronze
106711,2026-01-03,P009,Sahil,Gekko,Pearl,23,11,2,14,3235.0,28,Win,Gold
103000,2026-06-03,P002,Rahul,Cypher,Pearl,19,11,5,3,2915.0,28,Win,Diamond
100693,2026-08-16,P014,Varun,Chamber,Pearl,25,16,6,11,3013.0,21,Win,Platinum
102533,2026-02-07,P013,Ankit,Cypher,Icebox,19,18,6,11,3073.0,28,Win,Diamond
108951,2026-04-17,P015,Nikhil,Chamber,Lotus,3,17,5,3,630.0,22,Loss,Diamond
100982,2026-08-31,P018,Manish,Reyna,Icebox,24,21,3,10,3112.0,26,Loss,Silver
108916,2026-05-13,P009,Sahil,Chamber,Ascent,24,12,10,7,4538.0,19,Loss,Bronze
100079,2026-09-14,P019,Ritesh,Reyna,Sunset,9,20,10,5,1612.0,27,Loss,Diamond
104097,2026-03-10,P004,Rohan,Raze,Sunset,16,13,10,7,2354.0,21,Loss,Gold
109038,2026-07-15,P015,Nikhil,Raze,Bind,12,6,10,8,1536.0,24,Loss,Platinum
109036,2026-09-18,P001,Shubham,Gekko,Bind,28,11,8,11,3570.0,29,Win,Platinum
103767,2026-05-26,P013,Ankit,Raze,Icebox,6,10,3,4,1033.0,23,Loss,Platinum
106507,2026-01-25,P002,Rahul,Gekko,Haven,8,7,4,3,1308.0,23,Loss,Ascendant
103455,2026-06-20,P012,Yash,Fade,Split,22,10,9,10,3880.0,21,Win,Gold
109508,2026-07-12,P016,Arjun,Sova,Split,15,14,11,6,2662.0,22,Win,Gold
108161,2026-04-02,P019,Ritesh,Gekko,Sunset,19,18,8,7,2585.0,27,Win,Diamond
102142,2026-09-03,P014,Varun,Chamber,Ascent,16,10,7,6,2740.0,19,Win,Gold
107488,2026-06-21,P009,Sahil,Phoenix,Bind,5,14,3,3,1086.0,22,Win,Silver
102268,2026-07-25,P013,Ankit,Cypher,Ascent,21,14,11,8,3696.0,19,Loss,Platinum
100445,2026-04-24,P008,Aditya,Phoenix,Sunset,8,12,0,1,1196.0,20,Win,Gold
104906,2026-03-02,P004,Rohan,Chamber,Bind,21,12,3,13,3170.0,26,Loss,Silver
105326,2026-07-07,P016,Arjun,Jett,Split,13,12,6,5,1869.0,21,Loss,Bronze
105079,2026-05-27,P009,Sahil,Chamber,Sunset,22,12,5,8,3047.0,29,Loss,Silver
106663,2026-08-17,P001,Shubham,Jett,Pearl,21,8,3,6,3081.0,24,Win,Bronze
104584,2026-01-05,P005,Akash,Cypher,Sunset,21,15,4,2,2360.0,20,Win,Gold
101701,2026-02-12,P011,Neeraj,Phoenix,Bind,22,28,3,8,2754.0,26,Win,Silver
102526,2026-02-01,P002,Rahul,Gekko,Haven,4,22,2,1,615.0,25,Win,Platinum
100068,2026-07-29,P004,Rohan,Gekko,Icebox,18,19,9,8,2638.0,18,Win,Platinum
101168,2026-09-09,P006,Vivek,Brimstone,Lotus,31,16,5,16,5479.0,25,Win,Bronze
100048,2026-03-30,P014,Varun,Phoenix,Lotus,30,15,4,15,2603.0,30,Loss,Gold
101053,2026-05-02,P019,Ritesh,Cypher,Sunset,17,12,6,5,3065.0,23,Loss,Platinum
106876,2026-05-06,P011,Neeraj,Reyna,Sunset,20,9,10,12,3812.0,23,Win,Platinum
100880,2026-03-19,P020,Harsh,Cypher,Bind,20,12,3,8,2999.0,19,Loss,Bronze
102651,2026-01-05,P008,Aditya,Phoenix,Icebox,3,14,5,0,570.0,27,Loss,Gold
109424,2026-01-25,P008,Aditya,Chamber,Sunset,20,18,9,7,2844.0,27,Win,Diamond
102439,2026-06-04,P014,Varun,Raze,Ascent,18,19,0,4,1960.0,25,Win,Diamond
104730,2026-08-07,P001,Shubham,Reyna,Pearl,26,14,4,15,4265.0,24,Win,Silver
101467,2026-03-05,P016,Arjun,Brimstone,Pearl,25,16,0,7,3003.0,18,Loss,Ascendant
106559,2026-08-02,P019,Ritesh,Cypher,Haven,28,19,10,11,3660.0,20,Loss,Silver
103064,2026-08-27,P006,Vivek,Chamber,Split,16,4,4,6,3246.0,27,Loss,Platinum
102441,2026-05-27,P005,Akash,Brimstone,Pearl,26,17,4,12,3496.0,20,Win,Gold
104695,2026-07-17,P008,Aditya,Fade,Icebox,21,14,0,12,3482.0,23,Win,Gold
100230,2026-04-16,P010,Pratik,Reyna,Split,21,13,10,11,3054.0,22,Loss,Diamond
101320,2026-03-15,P016,Arjun,Raze,Pearl,22,20,4,5,3045.0,24,Loss,Platinum
100041,2026-04-21,P019,Ritesh,Killjoy,Haven,17,14,3,6,2030.0,24,Win,Gold
100777,2026-04-17,P011,Neeraj,Reyna,Split,28,10,0,9,3514.0,30,Loss,Platinum
108969,2026-01-24,P010,Pratik,Omen,Bind,23,20,5,7,2975.0,29,Loss,Diamond
106033,2026-03-29,P015,Nikhil,Viper,Breeze,4,10,3,1,599.0,22,Loss,Silver
101729,2026-03-24,P002,Rahul,Killjoy,Lotus,15,16,7,6,2309.0,22,Win,Silver
104350,2026-06-23,P005,Akash,Omen,Split,25,10,5,12,4291.0,28,Win,Platinum
100579,2026-02-09,P018,Manish,Chamber,Lotus,15,19,0,8,2130.0,25,Loss,Diamond
103885,2026-07-10,P015,Nikhil,Chamber,Haven,8,8,3,2,1204.0,21,Win,Gold
105866,2026-09-10,P009,Sahil,Omen,Icebox,24,14,5,13,4040.0,24,Win,Gold
106632,2026-02-11,P018,Manish,Brimstone,Breeze,14,5,6,8,2040.0,30,Win,Silver
109012,2026-04-29,P016,Arjun,Reyna,Bind,22,14,10,15,2740.0,23,Loss,Bronze
101491,2026-09-01,P016,Arjun,Fade,Pearl,31,16,4,12,4185.0,21,Loss,Diamond
107611,2026-04-22,P018,Manish,Jett,Pearl,33,13,1,14,5833.0,20,Loss,Silver
105635,2026-08-03,P013,Ankit,Killjoy,Pearl,25,13,7,6,3786.0,28,Win,Ascendant
100061,2026-06-03,P011,Neeraj,Chamber,Lotus,27,16,6,7,3738.0,27,Loss,Bronze
104421,2026-02-16,P013,Ankit,Killjoy,Ascent,18,11,4,11,2031.0,22,Loss,Platinum
103948,2026-04-07,P020,Harsh,Sova,Lotus,18,16,5,10,2670.0,27,Loss,Silver
106561,2026-06-05,P011,Neeraj,Jett,Haven,17,22,6,7,3552.0,19,Win,Bronze
100402,2026-09-19,P007,Karan,Chamber,Ascent,26,9,7,13,3499.0,28,Loss,Silver
100332,2026-02-03,P016,Arjun,Jett,Breeze,9,9,6,2,1297.0,22,Win,Diamond
102084,2026-04-25,P010,Pratik,Phoenix,Pearl,18,10,6,3,2818.0,28,Loss,Platinum
106865,2026-02-07,P012,Yash,Raze,Haven,12,13,2,7,2078.0,18,Loss,Platinum
100164,2026-09-22,P002,Rahul,Cypher,Split,13,7,5,3,1304.0,19,Win,Platinum
104087,2026-09-25,P019,Ritesh,Omen,Pearl,29,20,7,4,3782.0,29,Win,Platinum
102715,2026-04-26,P004,Rohan,Chamber,Split,16,14,9,7,2072.0,26,Win,Bronze
108942,2026-06-29,P009,Sahil,Sage,Bind,11,16,2,5,1536.0,28,Loss,Ascendant
105211,2026-06-07,P018,Manish,Sage,Icebox,21,13,8,8,3696.0,19,Loss,Platinum
102755,2026-02-17,P014,Varun,Cypher,Sunset,22,15,4,15,3610.0,26,Win,Immortal
105478,2026-07-23,P012,Yash,Omen,Lotus,13,14,7,2,1758.0,24,Win,Silver
108331,2026-02-02,P019,Ritesh,Reyna,Sunset,27,12,3,14,3913.0,22,Loss,Ascendant
101334,2026-06-22,P010,Pratik,Reyna,Ascent,22,14,3,8,4418.0,18,Loss,Gold
108036,2026-05-29,P017,Siddhant,Killjoy,Pearl,16,16,2,7,2140.0,21,Win,Ascendant
101659,2026-02-23,P015,Nikhil,Phoenix,Breeze,20,12,9,7,2873.0,30,Win,Ascendant
104981,2026-03-29,P007,Karan,Jett,Ascent,19,14,2,7,3436.0,30,Loss,Diamond
100753,2026-04-03,P014,Varun,Gekko,Bind,16,13,2,7,2800.0,21,Loss,Silver
109665,2026-05-22,P007,Karan,Fade,Ascent,21,18,10,11,3362.0,30,Win,Gold
100706,2026-01-10,P018,Manish,Omen,Bind,21,8,5,4,1568.0,24,Win,Ascendant
105337,2026-08-13,P010,Pratik,Phoenix,Split,19,15,7,8,3367.0,29,Loss,Silver
109023,2026-05-23,P010,Pratik,Chamber,Sunset,5,5,3,1,690.0,30,Loss,Silver
109895,2026-06-12,P015,Nikhil,Fade,Breeze,17,13,5,10,2503.0,24,Loss,Diamond
109602,2026-03-15,P005,Akash,Sova,Breeze,25,14,9,10,3167.0,21,Loss,Diamond
105805,2026-07-04,P019,Ritesh,Killjoy,Icebox,3,9,6,2,413.0,20,Loss,Ascendant
109576,2026-01-08,P010,Pratik,Phoenix,Breeze,20,18,9,4,2388.0,24,Loss,Iron
109002,2026-06-13,P001,Shubham,Viper,Lotus,29,25,9,8,3712.0,18,Loss,Diamond
101834,2026-06-13,P018,Manish,Phoenix,Lotus,17,18,4,6,2990.0,22,Win,Ascendant
103050,2026-02-12,P002,Rahul,Chamber,Split,12,21,5,3,1960.0,19,Loss,Platinum
105452,2026-03-25,P009,Sahil,Omen,Pearl,25,12,3,8,3911.0,18,Loss,Platinum
107078,2026-07-16,P004,Rohan,Sage,Icebox,20,6,9,7,2006.0,29,Loss,Silver
104519,2026-03-20,P003,Amit,Gekko,Breeze,13,13,7,5,1569.0,29,Win,Silver
107535,2026-01-26,P019,Ritesh,Jett,Sunset,19,17,11,3,2403.0,25,Win,Platinum
106974,2026-07-21,P020,Harsh,Cypher,Breeze,18,15,3,11,3928.0,30,Loss,Gold
107277,2026-03-18,P012,Yash,Reyna,Bind,18,14,5,7,3164.0,18,Loss,Iron
105082,2026-08-22,P015,Nikhil,Raze,Pearl,19,15,1,12,2708.0,29,Win,Immortal
108553,2026-04-01,P003,Amit,Raze,Haven,3,15,4,1,445.0,21,Loss,Ascendant
103838,2026-04-20,P011,Neeraj,Chamber,Split,7,14,5,3,1022.0,23,Loss,Platinum
102246,2026-01-31,P002,Rahul,Sova,Breeze,14,17,1,3,1755.0,27,Loss,Gold
100835,2026-08-18,P019,Ritesh,Jett,Ascent,16,13,8,5,2602.0,29,Win,Ascendant
108412,2026-01-03,P018,Manish,Fade,Sunset,16,13,10,7,2381.0,28,Loss,Bronze
103570,2026-01-18,P006,Vivek,Phoenix,Split,9,17,6,5,1736.0,30,Loss,Gold
100432,2026-02-25,P006,Vivek,Omen,Icebox,20,13,7,13,2874.0,28,Win,Silver
109405,2026-01-20,P007,Karan,Brimstone,Split,25,18,3,13,3115.0,18,Loss,Diamond
105245,2026-04-14,P008,Aditya,Phoenix,Icebox,7,11,4,4,1302.0,30,Loss,Silver
105927,2026-09-27,P002,Rahul,Viper,Ascent,22,10,4,13,1692.0,22,Win,Gold
107061,2026-03-19,P005,Akash,Viper,Breeze,24,10,6,14,4190.0,18,Loss,Diamond
109877,2026-09-25,P013,Ankit,Chamber,Sunset,12,21,9,5,2104.0,18,Win,Diamond
101193,2026-07-05,P006,Vivek,Reyna,Ascent,20,15,5,11,3095.0,23,Win,Diamond
106967,2026-01-01,P007,Karan,Cypher,Lotus,22,8,9,11,4033.0,22,Loss,Gold
109510,2026-08-30,P018,Manish,Fade,Pearl,11,9,8,3,2159.0,18,Win,Gold
104354,2026-09-20,P017,Siddhant,Sage,Breeze,10,12,1,1,1211.0,20,Loss,Platinum
108063,2026-04-28,P016,Arjun,Cypher,Haven,12,12,7,5,1629.0,25,Win,Bronze
103077,2026-03-05,P009,Sahil,Killjoy,Sunset,23,13,4,12,3984.0,18,Win,Immortal
105564,2026-03-14,P012,Yash,Omen,Breeze,12,18,8,4,1606.0,22,Win,Gold
102729,2026-01-09,P001,Shubham,Reyna,Pearl,22,24,7,9,3075.0,23,Loss,Platinum
103470,2026-03-02,P015,Nikhil,Sage,Split,27,19,4,6,3596.0,23,Loss,Gold
100433,2026-04-04,P002,Rahul,Brimstone,Split,25,17,4,11,3357.0,27,Loss,Gold
104826,2026-06-07,P010,Pratik,Fade,Pearl,27,12,3,13,2872.0,30,Loss,Platinum
107034,2026-09-07,P017,Siddhant,Sage,Pearl,7,19,5,2,1477.0,30,Win,Platinum
109112,2026-03-10,P004,Rohan,Cypher,Sunset,21,13,5,7,3162.0,25,Loss,Diamond
100104,2026-02-19,P008,Aditya,Viper,Breeze,26,14,2,13,5061.0,20,Win,Bronze
103351,2026-03-25,P019,Ritesh,Raze,Split,24,16,10,10,4625.0,18,Win,Gold
101656,2026-02-12,P003,Amit,Gekko,Icebox,33,14,8,9,3689.0,28,Win,Silver
101533,2026-07-09,P019,Ritesh,Sova,Split,10,13,4,4,1826.0,23,Win,Diamond
104808,2026-04-24,P006,Vivek,Cypher,Pearl,23,19,4,10,2879.0,23,Win,Diamond
101332,2026-01-30,P020,Harsh,Reyna,Pearl,21,9,5,7,2541.0,27,Loss,Bronze
106092,2026-07-15,P010,Pratik,Brimstone,Bind,3,13,4,0,471.0,28,Win,Gold
103314,2026-05-14,P008,Aditya,Viper,Lotus,19,20,0,7,2392.0,19,Loss,Gold
101443,2026-02-06,P001,Shubham,Raze,Icebox,12,13,0,6,1369.0,30,Win,Platinum
100214,2026-03-03,P011,Neeraj,Brimstone,Bind,18,12,4,7,1618.0,18,Loss,Diamond
105381,2026-01-31,P013,Ankit,Sova,Sunset,15,18,3,8,2003.0,18,Win,Platinum
103381,2026-05-27,P012,Yash,Phoenix,Breeze,25,11,0,8,3173.0,20,Win,Platinum
104514,2026-05-23,P003,Amit,Brimstone,Haven,23,13,9,10,2850.0,22,Loss,Platinum
103799,2026-02-06,P014,Varun,Viper,Ascent,21,5,5,7,3030.0,24,Loss,Platinum
101419,2026-09-27,P010,Pratik,Sova,Icebox,20,10,6,9,3913.0,25,Win,Iron
109920,2026-08-03,P012,Yash,Brimstone,Icebox,12,13,7,3,1437.0,22,Win,Gold
108494,2026-04-17,P011,Neeraj,Brimstone,Lotus,19,16,7,7,2900.0,18,Loss,Platinum
100181,2026-03-22,P001,Shubham,Brimstone,Split,20,23,9,8,3372.0,28,Loss,Bronze
105018,2026-05-25,P017,Siddhant,Reyna,Sunset,16,9,6,6,2745.0,18,Win,Iron
108719,2026-08-24,P015,Nikhil,Raze,Pearl,16,16,5,6,2048.0,30,Loss,Gold
102446,2026-07-01,P016,Arjun,Fade,Breeze,8,16,4,3,1177.0,25,Loss,Immortal
108743,2026-03-01,P016,Arjun,Reyna,Split,13,11,4,7,1510.0,21,Win,Immortal
102908,2026-04-26,P003,Amit,Gekko,Split,14,23,14,3,1920.0,26,Loss,Diamond
105710,2026-08-29,P007,Karan,Brimstone,Sunset,14,11,2,9,2508.0,19,Loss,Silver
105761,2026-09-10,P005,Akash,Cypher,Sunset,15,10,4,6,2052.0,18,Loss,Iron
107337,2026-06-13,P005,Akash,Cypher,Sunset,22,12,0,3,2761.0,30,Loss,Silver
108011,2026-05-14,P014,Varun,Jett,Ascent,17,12,12,5,2479.0,18,Win,Diamond
109021,2026-02-07,P019,Ritesh,Killjoy,Bind,22,18,4,10,4541.0,24,Win,Gold
100070,2026-07-17,P005,Akash,Gekko,Sunset,26,14,10,9,3519.0,24,Win,Diamond
100544,2026-08-30,P015,Nikhil,Sova,Haven,5,10,11,1,1088.0,19,Win,Gold
101204,2026-09-05,P004,Rohan,Viper,Bind,17,13,3,10,2831.0,21,Win,Bronze
103111,2026-02-15,P007,Karan,Phoenix,Sunset,24,10,4,8,3873.0,20,Loss,Silver
109125,2026-02-21,P014,Varun,Fade,Split,13,16,2,7,1616.0,22,Win,Gold
103428,2026-08-13,P006,Vivek,Gekko,Sunset,18,10,5,8,2744.0,29,Win,Iron
109700,2026-05-30,P004,Rohan,Gekko,Split,24,8,2,7,2353.0,28,Win,Silver
109535,2026-03-25,P012,Yash,Sage,Ascent,17,10,3,7,2490.0,29,Win,Gold
108347,2026-08-25,P005,Akash,Reyna,Pearl,18,9,6,7,2523.0,28,Loss,Platinum
104304,2026-08-19,P013,Ankit,Sage,Pearl,22,18,5,10,2295.0,30,Loss,Platinum
109037,2026-01-13,P019,Ritesh,Gekko,Lotus,5,11,4,4,922.0,24,Win,Platinum
108732,2026-06-21,P013,Ankit,Brimstone,Icebox,29,14,9,17,4459.0,29,Loss,Ascendant
100877,2026-08-02,P018,Manish,Brimstone,Sunset,16,12,6,8,2943.0,24,Win,Gold
108095,2026-06-13,P009,Sahil,Viper,Split,16,17,2,6,2856.0,18,Loss,Ascendant
100196,2026-07-23,P017,Siddhant,Brimstone,Ascent,5,11,5,2,862.0,24,Win,Bronze
109766,2026-01-31,P005,Akash,Brimstone,Lotus,11,11,2,1,1880.0,19,Win,Immortal
108016,2026-01-31,P012,Yash,Sage,Breeze,15,15,6,4,2623.0,19,Win,Gold
103933,2026-01-26,P003,Amit,Phoenix,Haven,20,13,0,6,3435.0,29,Win,Platinum
102571,2026-05-31,P014,Varun,Omen,Split,11,11,5,4,1613.0,29,Loss,Ascendant
103794,2026-03-09,P003,Amit,Cypher,Ascent,8,15,4,3,1021.0,23,Win,Diamond
107273,2026-03-04,P010,Pratik,Sova,Lotus,21,23,5,9,4118.0,30,Win,Silver
109446,2026-01-16,P010,Pratik,Omen,Split,18,14,9,6,1764.0,22,Win,Silver
109387,2026-05-20,P003,Amit,Brimstone,Haven,17,11,0,4,1812.0,21,Win,Bronze
106187,2026-09-12,P001,Shubham,Brimstone,Haven,13,15,4,5,1772.0,30,Loss,Ascendant
104813,2026-02-13,P017,Siddhant,Viper,Bind,15,16,3,3,2020.0,29,Win,Ascendant
105362,2026-01-10,P009,Sahil,Viper,Split,19,13,6,7,3563.0,27,Win,Silver
103057,2026-07-23,P007,Karan,Cypher,Bind,14,14,2,8,1317.0,24,Loss,Platinum
102868,2026-01-29,P005,Akash,Phoenix,Breeze,23,19,8,8,3528.0,18,Win,Gold
102718,2026-01-30,P019,Ritesh,Killjoy,Breeze,12,10,4,9,1399.0,30,Win,Ascendant
108674,2026-04-24,P016,Arjun,Viper,Breeze,17,15,7,10,2324.0,23,Win,Platinum
106061,2026-04-08,P007,Karan,Raze,Lotus,8,6,7,3,1514.0,19,Loss,Silver
106571,2026-06-19,P001,Shubham,Fade,Pearl,35,19,3,10,3392.0,24,Win,Gold
107030,2026-07-07,P013,Ankit,Phoenix,Split,15,17,3,3,2150.0,26,Win,Diamond
103544,2026-07-30,P001,Shubham,Phoenix,Ascent,6,14,7,2,923.0,26,Win,Gold
103886,2026-06-22,P012,Yash,Sova,Sunset,20,16,2,9,1478.0,21,Loss,Gold
102682,2026-01-16,P012,Yash,Reyna,Bind,26,15,4,11,3288.0,20,Loss,Ascendant
105860,2026-06-28,P017,Siddhant,Brimstone,Ascent,36,14,4,10,3855.0,26,Loss,Silver
109740,2026-06-23,P004,Rohan,Viper,Sunset,11,11,2,7,2022.0,29,Win,Iron
106245,2026-05-04,P010,Pratik,Viper,Ascent,14,11,0,4,1648.0,21,Win,Silver
104151,2026-01-21,P011,Neeraj,Cypher,Ascent,28,9,5,10,4560.0,29,Loss,Silver
100218,2026-03-15,P014,Varun,Gekko,Lotus,13,17,7,4,1665.0,24,Loss,Diamond
104832,2026-09-16,P003,Amit,Gekko,Sunset,29,18,2,10,3403.0,20,Loss,Platinum
108099,2026-08-01,P020,Harsh,Reyna,Split,26,13,10,10,3912.0,18,Win,Silver
109731,2026-09-18,P001,Shubham,Fade,Sunset,17,19,4,4,2616.0,29,Win,Silver
102543,2026-06-22,P001,Shubham,Cypher,Pearl,20,17,1,10,2193.0,21,Win,Diamond
106017,2026-07-21,P015,Nikhil,Reyna,Lotus,5,15,4,2,700.0,19,Loss,Ascendant
101244,2026-08-06,P008,Aditya,Gekko,Icebox,22,14,5,8,3173.0,28,Loss,Diamond
100420,2026-07-31,P003,Amit,Brimstone,Icebox,15,14,8,8,2009.0,19,Win,Diamond
107605,2026-04-04,P015,Nikhil,Omen,Split,17,20,8,5,2500.0,22,Loss,Gold
102058,2026-06-27,P018,Manish,Brimstone,Lotus,10,16,1,2,1191.0,19,Loss,Ascendant
108511,2026-07-31,P011,Neeraj,Phoenix,Haven,10,15,6,3,1912.0,19,Loss,Bronze
106463,2026-08-12,P020,Harsh,Jett,Bind,10,17,7,3,1429.0,30,Win,Ascendant
103459,2026-04-30,P013,Ankit,Cypher,Ascent,18,13,5,8,3213.0,22,Win,Silver
107879,2026-09-09,P007,Karan,Killjoy,Breeze,14,11,5,5,1672.0,27,Win,Gold
101166,2026-04-26,P003,Amit,Brimstone,Bind,24,15,9,13,2954.0,22,Loss,Ascendant
100254,2026-03-17,P010,Pratik,Omen,Pearl,11,13,4,5,1391.0,24,Loss,Diamond
100415,2026-04-09,P013,Ankit,Fade,Pearl,16,17,9,8,2081.0,24,Win,Platinum
109194,2026-09-14,P008,Aditya,Omen,Split,23,11,9,10,4431.0,28,Loss,Platinum
106333,2026-03-22,P014,Varun,Gekko,Pearl,27,13,4,12,4361.0,19,Loss,Diamond
102927,2026-02-25,P003,Amit,Phoenix,Breeze,20,15,2,9,2130.0,26,Loss,Gold
100759,2026-09-14,P013,Ankit,Chamber,Haven,18,10,2,8,2286.0,25,Win,Diamond
101385,2026-02-14,P013,Ankit,Sova,Haven,20,10,6,7,3305.0,26,Loss,Bronze
100654,2026-07-09,P002,Rahul,Cypher,Split,31,14,7,13,3149.0,23,Win,Platinum
101201,2026-09-05,P012,Yash,Omen,Breeze,26,14,2,10,1629.0,19,Win,Immortal
102413,2026-09-15,P014,Varun,Gekko,Icebox,18,13,8,8,2932.0,19,Win,Diamond
103944,2026-05-05,P015,Nikhil,Phoenix,Split,6,7,2,0,588.0,24,Win,Gold
104474,2026-04-14,P002,Rahul,Raze,Bind,34,18,4,8,2788.0,19,Win,Platinum
108221,2026-08-31,P015,Nikhil,Chamber,Haven,16,9,9,5,2523.0,20,Win,Diamond
109787,2026-01-26,P005,Akash,Raze,Pearl,32,12,7,12,4060.0,20,Win,Bronze
107889,2026-08-20,P019,Ritesh,Raze,Haven,18,17,10,11,1829.0,26,Loss,Ascendant
102830,2026-01-20,P020,Harsh,Brimstone,Sunset,19,15,7,5,2987.0,26,Loss,Platinum
103002,2026-08-18,P005,Akash,Chamber,Bind,17,14,2,9,2770.0,20,Loss,Gold
100328,2026-05-29,P014,Varun,Viper,Bind,26,21,3,7,4237.0,29,Win,Platinum
109316,2026-04-21,P020,Harsh,Cypher,Sunset,13,13,3,5,1607.0,20,Loss,Silver
106021,2026-05-04,P008,Aditya,Omen,Ascent,9,12,8,3,1209.0,22,Loss,Silver
106977,2026-08-06,P002,Rahul,Brimstone,Sunset,18,23,11,12,4041.0,25,Loss,Platinum
102063,2026-06-07,P012,Yash,Phoenix,Ascent,30,14,5,12,5373.0,24,Win,Bronze
109353,2026-02-15,P013,Ankit,Omen,Icebox,17,10,8,9,2327.0,22,Loss,Immortal
108411,2026-09-14,P014,Varun,Cypher,Icebox,10,16,9,3,1698.0,20,Loss,Platinum
105813,2026-06-12,P016,Arjun,Jett,Haven,19,12,9,11,3594.0,23,Win,Bronze
103257,2026-09-10,P007,Karan,Jett,Breeze,19,20,9,7,2567.0,20,Loss,Diamond
104450,2026-08-30,P020,Harsh,Gekko,Bind,16,19,3,8,1883.0,25,Win,Immortal
101281,2026-02-01,P010,Pratik,Omen,Ascent,12,15,5,6,1747.0,20,Win,Bronze
108827,2026-08-08,P018,Manish,Omen,Bind,15,13,9,9,2945.0,29,Win,Iron
102636,2026-03-01,P004,Rohan,Sage,Icebox,10,17,4,3,1010.0,30,Win,Silver
104582,2026-03-22,P010,Pratik,Jett,Haven,25,12,11,12,3952.0,21,Win,Diamond
106539,2026-03-02,P016,Arjun,Raze,Bind,4,10,0,0,552.0,25,Win,Gold
104503,2026-06-24,P002,Rahul,Killjoy,Ascent,15,12,10,6,2289.0,21,Loss,Gold
109310,2026-09-23,P002,Rahul,Cypher,Lotus,14,24,5,7,1870.0,20,Win,Platinum
103837,2026-03-01,P013,Ankit,Sova,Split,7,10,2,3,694.0,20,Loss,Silver
102663,2026-02-23,P011,Neeraj,Fade,Ascent,8,17,9,4,1691.0,20,Win,Ascendant
108300,2026-08-30,P010,Pratik,Viper,Lotus,19,9,6,5,2937.0,30,Win,Ascendant
101282,2026-05-05,P019,Ritesh,Killjoy,Haven,14,12,4,5,1475.0,20,Loss,Gold
103518,2026-05-21,P011,Neeraj,Brimstone,Lotus,28,11,14,13,3986.0,30,Win,Gold
101362,2026-07-04,P004,Rohan,Reyna,Bind,20,12,3,11,2163.0,22,Loss,Silver
101437,2026-09-27,P015,Nikhil,Cypher,Haven,14,9,7,6,2279.0,22,Loss,Bronze
109648,2026-02-21,P011,Neeraj,Gekko,Bind,12,21,11,3,2135.0,23,Loss,Silver
104952,2026-02-13,P014,Varun,Reyna,Split,16,17,5,9,1978.0,18,Win,Iron
100056,2026-09-14,P008,Aditya,Jett,Split,14,13,9,6,2582.0,30,Loss,Gold
104618,2026-01-07,P006,Vivek,Viper,Lotus,28,14,4,15,4377.0,29,Loss,Ascendant
108497,2026-06-12,P004,Rohan,Gekko,Bind,20,12,8,7,3741.0,24,Win,Platinum
109757,2026-08-26,P003,Amit,Reyna,Sunset,18,12,6,11,2800.0,30,Win,Gold
101844,2026-07-31,P017,Siddhant,Gekko,Breeze,19,14,4,8,2378.0,25,Win,Gold
103100,2026-05-17,P011,Neeraj,Phoenix,Breeze,12,20,0,3,1770.0,28,Win,Iron
108806,2026-02-13,P012,Yash,Sage,Ascent,34,12,0,21,5258.0,26,Loss,Platinum
109732,2026-02-02,P020,Harsh,Omen,Bind,25,14,9,12,3825.0,30,Win,Immortal
102880,2026-05-22,P006,Vivek,Viper,Haven,23,16,4,15,3100.0,29,Loss,Silver
101743,2026-06-07,P016,Arjun,Fade,Pearl,11,19,9,1,2110.0,25,Win,Gold
108416,2026-05-01,P012,Yash,Reyna,Ascent,19,14,7,8,2585.0,27,Loss,Platinum
107884,2026-04-03,P006,Vivek,Sage,Lotus,18,16,6,10,3003.0,18,Win,Immortal
106589,2026-04-14,P013,Ankit,Gekko,Icebox,20,11,8,6,2939.0,27,Win,Bronze
105135,2026-05-27,P014,Varun,Cypher,Icebox,25,17,0,8,3917.0,24,Loss,Diamond
100740,2026-09-01,P007,Karan,Reyna,Sunset,16,16,1,5,1548.0,25,Win,Silver
106400,2026-03-21,P003,Amit,Killjoy,Bind,9,13,5,3,1335.0,27,Win,Platinum
101624,2026-09-22,P001,Shubham,Killjoy,Icebox,25,13,4,12,5385.0,27,Win,Platinum
100524,2026-06-29,P007,Karan,Killjoy,Lotus,3,22,5,1,223.0,21,Loss,Platinum
106618,2026-03-15,P007,Karan,Omen,Breeze,25,13,11,12,3496.0,19,Loss,Platinum
104238,2026-01-03,P003,Amit,Phoenix,Sunset,11,18,5,3,1496.0,25,Loss,Platinum
106189,2026-08-28,P017,Siddhant,Brimstone,Breeze,3,15,7,0,398.0,30,Loss,Immortal
106720,2026-06-17,P013,Ankit,Phoenix,Bind,24,14,13,3,3616.0,28,Win,Ascendant
103601,2026-04-14,P019,Ritesh,Sage,Split,8,17,0,3,1278.0,20,Win,Diamond
100435,2026-02-11,P005,Akash,Jett,Icebox,21,16,7,7,2919.0,29,Loss,Gold
104635,2026-02-17,P011,Neeraj,Raze,Split,21,20,7,8,4015.0,19,Win,Gold
108134,2026-05-28,P011,Neeraj,Killjoy,Ascent,5,17,7,1,818.0,25,Win,Iron
100308,2026-07-15,P019,Ritesh,Chamber,Bind,6,18,7,4,1142.0,20,Win,Platinum
101565,2026-01-30,P001,Shubham,Fade,Bind,22,15,3,6,3009.0,27,Loss,Gold
102631,2026-06-29,P013,Ankit,Fade,Breeze,13,17,4,1,1530.0,28,Loss,Immortal
109201,2026-05-19,P012,Yash,Chamber,Ascent,29,19,10,6,4144.0,19,Loss,Gold
105640,2026-03-17,P019,Ritesh,Jett,Breeze,29,18,2,7,3749.0,20,Loss,Gold
100401,2026-05-01,P014,Varun,Cypher,Pearl,15,15,0,4,1470.0,20,Loss,Platinum
106899,2026-07-22,P017,Siddhant,Brimstone,Breeze,13,19,11,7,1828.0,30,Loss,Silver
100881,2026-07-10,P006,Vivek,Jett,Haven,10,9,8,4,1568.0,18,Win,Gold
104122,2026-06-18,P004,Rohan,Reyna,Split,20,12,6,5,4336.0,28,Win,Diamond
108307,2026-06-14,P018,Manish,Reyna,Ascent,27,16,8,8,3436.0,27,Loss,Platinum
108184,2026-08-05,P016,Arjun,Viper,Pearl,18,10,0,6,2730.0,21,Win,Gold
107315,2026-03-23,P008,Aditya,Sova,Ascent,7,13,9,1,1300.0,28,Win,Silver
108424,2026-02-26,P019,Ritesh,Fade,Pearl,27,7,5,14,4335.0,19,Loss,Diamond
104843,2026-08-27,P012,Yash,Brimstone,Haven,16,9,3,5,2498.0,26,Loss,Silver
105762,2026-04-04,P013,Ankit,Sage,Lotus,17,14,7,6,3626.0,18,Win,Platinum
105579,2026-06-04,P002,Rahul,Chamber,Haven,17,11,7,4,3037.0,28,Loss,Platinum
100288,2026-02-06,P020,Harsh,Gekko,Ascent,31,19,4,14,4661.0,27,Loss,Immortal
105455,2026-07-16,P004,Rohan,Gekko,Bind,36,10,6,11,5203.0,19,Loss,Immortal
108342,2026-09-15,P012,Yash,Reyna,Pearl,9,12,12,3,2026.0,27,Win,Silver
102623,2026-08-01,P010,Pratik,Viper,Lotus,8,12,2,3,867.0,30,Win,Silver
105968,2026-02-15,P018,Manish,Sage,Split,23,17,7,8,3894.0,18,Win,Bronze
100476,2026-03-30,P009,Sahil,Viper,Ascent,13,16,4,5,1476.0,29,Loss,Ascendant
107545,2026-08-20,P017,Siddhant,Raze,Sunset,19,16,12,9,1956.0,20,Win,Bronze
109170,2026-02-22,P004,Rohan,Phoenix,Icebox,14,11,7,6,1566.0,26,Win,Bronze
103798,2026-07-24,P011,Neeraj,Killjoy,Bind,25,10,8,7,4230.0,28,Loss,Iron
103145,2026-09-09,P012,Yash,Gekko,Split,11,10,6,5,2160.0,26,Loss,Immortal
109185,2026-04-29,P011,Neeraj,Raze,Breeze,16,11,2,7,2185.0,28,Win,Immortal
100737,2026-05-23,P018,Manish,Reyna,Icebox,24,15,3,9,3147.0,22,Loss,Platinum
108107,2026-08-05,P001,Shubham,Gekko,Icebox,16,16,3,6,2886.0,19,Loss,Bronze
109305,2026-09-11,P013,Ankit,Sova,Haven,13,11,6,5,2665.0,18,Loss,Diamond
108491,2026-03-21,P001,Shubham,Brimstone,Pearl,15,20,8,5,1690.0,23,Loss,Silver
107467,2026-09-12,P002,Rahul,Omen,Split,31,15,9,9,4291.0,24,Loss,Ascendant
107659,2026-04-05,P005,Akash,Chamber,Ascent,12,10,3,2,1680.0,23,Win,Diamond
108371,2026-08-05,P007,Karan,Reyna,Sunset,13,20,2,5,2299.0,25,Loss,Silver
104174,2026-05-20,P003,Amit,Killjoy,Haven,19,14,11,9,3192.0,25,Loss,Platinum
109119,2026-03-24,P007,Karan,Viper,Haven,16,11,2,6,2381.0,18,Win,Diamond
104640,2026-03-02,P013,Ankit,Raze,Pearl,15,14,0,7,1502.0,30,Win,Platinum
109024,2026-08-26,P011,Neeraj,Brimstone,Icebox,8,14,8,3,1078.0,27,Loss,Gold
106300,2026-03-02,P017,Siddhant,Brimstone,Pearl,22,17,10,5,3201.0,25,Loss,Immortal
101839,2026-01-27,P003,Amit,Phoenix,Lotus,17,9,10,10,2092.0,22,Win,Silver
101995,2026-07-15,P015,Nikhil,Killjoy,Haven,28,15,6,14,4169.0,18,Loss,Diamond
102399,2026-02-24,P014,Varun,Cypher,Icebox,21,23,3,10,2915.0,24,Loss,Platinum
104277,2026-07-13,P004,Rohan,Viper,Breeze,11,13,2,6,2273.0,25,Loss,Diamond
108572,2026-06-12,P012,Yash,Gekko,Lotus,9,18,9,4,1564.0,29,Loss,Diamond
104139,2026-02-16,P015,Nikhil,Cypher,Lotus,11,13,5,4,1638.0,30,Win,Immortal
105961,2026-06-18,P012,Yash,Reyna,Lotus,22,13,3,2,2604.0,28,Loss,Platinum
100800,2026-06-11,P001,Shubham,Sage,Split,4,8,12,2,904.0,27,Loss,Immortal
105274,2026-05-20,P020,Harsh,Reyna,Pearl,8,16,8,4,1518.0,29,Win,Silver
105703,2026-05-05,P005,Akash,Reyna,Sunset,24,18,2,11,3442.0,30,Win,Bronze
101405,2026-08-04,P007,Karan,Fade,Icebox,12,8,1,4,1433.0,21,Win,Bronze
105456,2026-09-11,P013,Ankit,Gekko,Ascent,23,17,5,9,2767.0,20,Win,Diamond
100069,2026-03-06,P012,Yash,Reyna,Pearl,10,8,2,1,835.0,18,Loss,Silver
109729,2026-04-05,P010,Pratik,Reyna,Split,4,17,0,3,646.0,25,Win,Platinum
102759,2026-01-22,P012,Yash,Killjoy,Haven,28,19,9,6,3683.0,30,Win,Bronze
106825,2026-08-15,P009,Sahil,Chamber,Sunset,12,10,6,0,1693.0,23,Win,Silver
101586,2026-05-20,P015,Nikhil,Fade,Pearl,23,17,7,12,3988.0,24,Loss,Platinum
104280,2026-03-19,P009,Sahil,Sova,Lotus,5,14,5,1,720.0,28,Loss,Gold
107828,2026-07-17,P016,Arjun,Cypher,Haven,11,15,5,3,1901.0,19,Win,Diamond
101074,2026-04-17,P009,Sahil,Killjoy,Icebox,31,18,3,6,5937.0,29,Loss,Gold
103964,2026-07-01,P014,Varun,Jett,Ascent,9,12,7,2,1671.0,30,Win,Platinum
103125,2026-01-22,P008,Aditya,Omen,Ascent,20,18,8,5,3639.0,26,Win,Ascendant
103656,2026-07-18,P013,Ankit,Viper,Haven,3,15,2,1,451.0,22,Win,Gold
109088,2026-02-05,P002,Rahul,Chamber,Breeze,19,10,10,3,1950.0,19,Win,Gold
102603,2026-08-05,P008,Aditya,Phoenix,Haven,33,17,4,7,5756.0,25,Win,Silver
106152,2026-06-21,P016,Arjun,Brimstone,Pearl,12,20,2,3,1683.0,24,Loss,Ascendant
101579,2026-01-15,P013,Ankit,Sage,Icebox,18,17,12,10,2921.0,19,Win,Platinum
103143,2026-03-30,P014,Varun,Reyna,Breeze,15,14,2,6,1961.0,22,Loss,Ascendant
106322,2026-01-23,P001,Shubham,Sage,Bind,16,14,8,6,2736.0,18,Win,Silver
105128,2026-06-14,P020,Harsh,Phoenix,Ascent,24,16,3,12,3061.0,24,Loss,Gold
100409,2026-09-09,P020,Harsh,Sova,Pearl,18,16,5,6,2533.0,24,Win,Platinum
108081,2026-05-16,P013,Ankit,Gekko,Lotus,21,18,1,9,2518.0,29,Loss,Gold
103742,2026-01-31,P009,Sahil,Sova,Breeze,12,13,5,6,1586.0,29,Loss,Gold
107152,2026-07-07,P012,Yash,Fade,Pearl,14,22,1,6,2038.0,24,Win,Iron
109144,2026-06-12,P019,Ritesh,Reyna,Breeze,29,16,4,21,3981.0,29,Loss,Silver
106553,2026-02-08,P012,Yash,Raze,Bind,14,13,7,5,2167.0,29,Loss,Gold
102726,2026-05-27,P015,Nikhil,Gekko,Breeze,11,22,3,5,1453.0,22,Loss,Immortal
100477,2026-09-17,P014,Varun,Sage,Split,14,9,9,3,2223.0,28,Loss,Diamond
101329,2026-09-22,P009,Sahil,Chamber,Sunset,22,15,5,12,3811.0,30,Win,Diamond
109009,2026-06-02,P017,Siddhant,Fade,Sunset,19,16,8,9,2721.0,30,Win,Silver
109662,2026-03-20,P018,Manish,Gekko,Split,3,21,3,2,696.0,28,Loss,Diamond
105849,2026-07-18,P020,Harsh,Omen,Pearl,11,13,10,5,1892.0,23,Loss,Diamond
101777,2026-01-28,P001,Shubham,Omen,Sunset,11,15,8,2,1595.0,28,Loss,Platinum
109188,2026-09-28,P019,Ritesh,Cypher,Breeze,20,12,4,9,2241.0,26,Win,Silver
100751,2026-06-01,P008,Aditya,Jett,Pearl,17,9,10,6,2970.0,27,Win,Gold
105819,2026-05-11,P020,Harsh,Raze,Icebox,18,14,4,7,1912.0,24,Loss,Platinum
104099,2026-03-10,P015,Nikhil,Omen,Breeze,19,9,4,5,2720.0,21,Loss,Diamond
107180,2026-05-04,P018,Manish,Sova,Haven,20,11,0,6,2599.0,29,Win,Diamond
106058,2026-04-25,P012,Yash,Cypher,Breeze,29,19,7,16,5014.0,22,Win,Platinum
107189,2026-06-13,P010,Pratik,Raze,Bind,9,19,7,2,1496.0,18,Loss,Diamond
103902,2026-03-07,P009,Sahil,Sova,Icebox,22,14,3,8,4857.0,23,Win,Gold
105481,2026-06-30,P018,Manish,Gekko,Pearl,30,13,6,13,3700.0,25,Loss,Ascendant
105215,2026-09-10,P020,Harsh,Killjoy,Pearl,15,21,6,6,2619.0,25,Win,Ascendant
109745,2026-07-16,P009,Sahil,Killjoy,Pearl,19,13,1,7,1658.0,24,Win,Silver
100468,2026-07-08,P018,Manish,Viper,Ascent,16,19,1,6,2767.0,24,Win,Ascendant
101545,2026-05-11,P006,Vivek,Fade,Sunset,26,16,3,14,3034.0,23,Win,Platinum
106340,2026-02-27,P007,Karan,Raze,Bind,22,10,0,11,3728.0,23,Loss,Diamond
102683,2026-08-23,P017,Siddhant,Phoenix,Sunset,21,19,4,6,2530.0,26,Win,Iron
107219,2026-07-13,P018,Manish,Brimstone,Sunset,30,11,0,10,3822.0,27,Loss,Immortal
106210,2026-06-03,P002,Rahul,Raze,Split,10,13,3,2,1229.0,19,Loss,Diamond
101025,2026-08-25,P006,Vivek,Gekko,Lotus,19,12,5,11,3219.0,21,Loss,Platinum
103960,2026-04-29,P005,Akash,Chamber,Breeze,11,13,10,5,1784.0,22,Loss,Gold
109044,2026-01-06,P015,Nikhil,Viper,Breeze,12,11,6,7,1816.0,20,Loss,Iron
109980,2026-06-24,P006,Vivek,Omen,Breeze,21,12,5,9,2836.0,23,Win,Diamond
102354,2026-07-06,P011,Neeraj,Jett,Bind,20,11,12,13,2850.0,25,Loss,Iron
109899,2026-02-23,P005,Akash,Chamber,Split,9,14,5,2,1422.0,19,Win,Platinum
105641,2026-02-09,P012,Yash,Raze,Split,9,11,4,3,1405.0,19,Loss,Ascendant
100773,2026-06-04,P002,Rahul,Fade,Sunset,31,18,2,10,5244.0,24,Win,Diamond
108600,2026-04-09,P018,Manish,Phoenix,Split,21,15,8,7,4081.0,19,Win,Bronze
108828,2026-04-28,P008,Aditya,Jett,Icebox,13,13,12,5,2174.0,26,Win,Diamond
109617,2026-07-29,P001,Shubham,Omen,Sunset,20,12,1,3,2924.0,27,Loss,Diamond
100641,2026-01-28,P018,Manish,Raze,Pearl,10,5,4,6,1795.0,26,Win,Silver
104253,2026-03-02,P008,Aditya,Viper,Split,15,19,5,3,2893.0,20,Win,Platinum
103857,2026-06-01,P003,Amit,Killjoy,Ascent,11,7,8,6,1888.0,20,Loss,Platinum
108873,2026-07-09,P015,Nikhil,Omen,Bind,11,7,5,3,1763.0,27,Win,Diamond
108548,2026-06-28,P001,Shubham,Fade,Breeze,21,13,4,2,2961.0,27,Win,Gold
101108,2026-09-30,P019,Ritesh,Fade,Haven,16,17,5,10,1885.0,19,Win,Diamond
103566,2026-02-28,P009,Sahil,Omen,Lotus,22,17,6,10,2542.0,30,Loss,Bronze
104055,2026-01-29,P012,Yash,Gekko,Pearl,13,19,6,6,2426.0,20,Win,Silver
101420,2026-04-16,P013,Ankit,Phoenix,Haven,6,8,4,3,1009.0,30,Loss,Silver
105026,2026-07-06,P013,Ankit,Sage,Lotus,9,17,4,4,1166.0,22,Loss,Bronze
106931,2026-04-29,P008,Aditya,Phoenix,Pearl,21,15,4,6,3469.0,29,Win,Silver
105331,2026-06-30,P003,Amit,Sage,Lotus,25,14,5,8,4412.0,21,Loss,Platinum
107711,2026-08-09,P007,Karan,Gekko,Haven,25,15,5,6,3671.0,25,Loss,Immortal
107760,2026-05-12,P016,Arjun,Cypher,Split,19,12,1,8,2676.0,25,Loss,Gold
106326,2026-09-04,P007,Karan,Omen,Bind,8,13,10,3,1489.0,26,Win,Gold
107847,2026-05-13,P013,Ankit,Gekko,Bind,25,8,8,10,4512.0,27,Win,Platinum
101680,2026-01-08,P006,Vivek,Sage,Sunset,26,12,9,11,4235.0,28,Loss,Platinum
106746,2026-03-14,P020,Harsh,Sova,Bind,29,10,8,7,5621.0,30,Win,Gold
100633,2026-07-23,P012,Yash,Omen,Lotus,16,10,6,8,2214.0,20,Win,Gold
102569,2026-05-07,P010,Pratik,Chamber,Sunset,15,6,0,9,1839.0,22,Win,Platinum
109265,2026-03-08,P007,Karan,Brimstone,Ascent,8,10,7,3,507.0,18,Win,Bronze
102166,2026-05-16,P005,Akash,Omen,Icebox,14,16,3,6,2305.0,19,Loss,Platinum
100363,2026-07-29,P020,Harsh,Omen,Haven,17,15,9,12,2158.0,29,Loss,Gold
106797,2026-01-23,P003,Amit,Gekko,Haven,3,13,8,1,503.0,30,Win,Gold
102825,2026-04-10,P017,Siddhant,Jett,Icebox,23,14,7,9,3296.0,28,Win,Bronze
105244,2026-06-26,P014,Varun,Brimstone,Split,25,20,8,11,3846.0,18,Loss,Iron
107719,2026-02-26,P004,Rohan,Viper,Ascent,34,15,2,11,5897.0,20,Loss,Platinum
107553,2026-03-22,P004,Rohan,Phoenix,Icebox,13,16,6,5,1795.0,30,Loss,Silver
103984,2026-09-11,P014,Varun,Fade,Sunset,25,18,9,8,2997.0,30,Win,Platinum
104601,2026-06-20,P015,Nikhil,Gekko,Breeze,8,20,8,5,916.0,28,Win,Silver
103528,2026-05-27,P001,Shubham,Raze,Pearl,15,15,3,8,2066.0,23,Loss,Ascendant
104226,2026-04-22,P007,Karan,Sage,Haven,26,14,6,11,3898.0,24,Loss,Platinum
103297,2026-02-24,P007,Karan,Jett,Ascent,19,20,5,10,2261.0,23,Win,Platinum
101172,2026-02-25,P005,Akash,Sage,Breeze,14,12,6,9,1741.0,29,Win,Gold
104080,2026-04-03,P017,Siddhant,Killjoy,Ascent,33,15,9,12,5164.0,26,Loss,Silver
108941,2026-02-10,P001,Shubham,Gekko,Haven,12,13,7,3,2234.0,28,Win,Platinum
105851,2026-04-05,P001,Shubham,Reyna,Ascent,18,7,0,7,2776.0,30,Win,Diamond
102576,2026-07-18,P010,Pratik,Viper,Haven,21,11,3,5,2715.0,26,Win,Bronze
101989,2026-01-16,P018,Manish,Sage,Split,11,27,8,5,1833.0,28,Win,Gold
107006,2026-08-21,P004,Rohan,Reyna,Haven,15,16,6,9,2118.0,28,Loss,Gold
103126,2026-06-30,P006,Vivek,Phoenix,Lotus,18,16,7,8,2988.0,26,Win,Gold
104553,2026-06-06,P003,Amit,Phoenix,Pearl,14,16,4,8,1910.0,25,Loss,Diamond
103245,2026-07-08,P019,Ritesh,Raze,Sunset,27,15,3,11,3366.0,29,Win,Diamond
103438,2026-07-02,P009,Sahil,Jett,Sunset,18,12,8,12,2262.0,22,Loss,Gold
102628,2026-07-21,P006,Vivek,Gekko,Icebox,24,12,6,6,3164.0,24,Loss,Platinum
107838,2026-04-24,P012,Yash,Brimstone,Haven,14,14,8,0,1639.0,24,Win,Ascendant
101410,2026-07-31,P020,Harsh,Killjoy,Sunset,13,15,9,3,1961.0,21,Loss,Diamond
107991,2026-04-29,P014,Varun,Phoenix,Bind,16,15,5,8,2202.0,24,Loss,Gold
103914,2026-05-22,P001,Shubham,Jett,Pearl,22,14,3,8,4375.0,28,Loss,Silver
107628,2026-04-19,P003,Amit,Sova,Split,26,16,4,9,2790.0,21,Win,Silver
106781,2026-06-22,P005,Akash,Jett,Bind,18,11,2,11,2359.0,19,Loss,Iron
109849,2026-04-20,P011,Neeraj,Omen,Ascent,15,13,1,5,1704.0,24,Loss,Silver
100815,2026-04-22,P018,Manish,Reyna,Split,6,13,7,2,1156.0,23,Win,Platinum
102404,2026-01-27,P019,Ritesh,Sage,Lotus,8,20,2,4,1229.0,23,Loss,Ascendant
105422,2026-01-14,P019,Ritesh,Viper,Haven,19,15,4,6,2816.0,30,Loss,Diamond
109976,2026-07-29,P007,Karan,Omen,Breeze,8,21,6,5,1093.0,28,Win,Platinum
102131,2026-04-21,P007,Karan,Killjoy,Bind,11,17,11,4,1675.0,26,Win,Ascendant
101797,2026-07-13,P017,Siddhant,Gekko,Icebox,16,16,3,10,2460.0,25,Win,Diamond
103090,2026-09-23,P006,Vivek,Jett,Sunset,14,15,3,5,1516.0,19,Loss,Gold
105014,2026-01-28,P020,Harsh,Brimstone,Sunset,18,23,7,6,3522.0,22,Win,Bronze
109231,2026-08-03,P008,Aditya,Brimstone,Ascent,31,12,5,10,5682.0,24,Win,Silver
103122,2026-04-07,P006,Vivek,Sova,Bind,14,13,3,9,1611.0,18,Win,Silver
107556,2026-09-25,P008,Aditya,Gekko,Breeze,17,13,1,6,1853.0,21,Win,Platinum
106130,2026-02-11,P008,Aditya,Brimstone,Sunset,17,25,8,6,2251.0,19,Win,Platinum
100122,2026-04-21,P012,Yash,Reyna,Sunset,23,13,3,16,4180.0,25,Win,Platinum
100179,2026-01-11,P011,Neeraj,Gekko,Bind,17,16,12,10,1973.0,29,Win,Ascendant
109269,2026-02-16,P015,Nikhil,Jett,Breeze,15,16,4,5,1515.0,28,Loss,Bronze
105549,2026-03-19,P011,Neeraj,Omen,Icebox,14,9,1,7,1833.0,25,Win,Gold
109346,2026-07-26,P010,Pratik,Chamber,Sunset,25,13,7,9,4261.0,25,Win,Diamond
109266,2026-01-26,P004,Rohan,Sage,Lotus,24,14,1,12,4192.0,20,Loss,Gold
107852,2026-05-09,P006,Vivek,Omen,Haven,21,17,1,4,3354.0,25,Win,Ascendant
101157,2026-07-29,P016,Arjun,Gekko,Bind,20,15,8,6,3035.0,19,Win,Gold
108292,2026-05-06,P009,Sahil,Sova,Breeze,26,13,10,12,4897.0,22,Loss,Silver
101532,2026-07-08,P006,Vivek,Cypher,Haven,10,12,9,1,1788.0,29,Loss,Gold
107403,2026-08-07,P006,Vivek,Gekko,Lotus,19,12,7,7,2239.0,19,Loss,Iron
106332,2026-03-06,P017,Siddhant,Cypher,Split,18,18,14,10,2173.0,20,Win,Ascendant
109129,2026-01-01,P011,Neeraj,Phoenix,Sunset,19,11,8,5,3085.0,19,Loss,Silver
101535,2026-07-14,P014,Varun,Raze,Sunset,25,19,0,9,3289.0,27,Win,Platinum
107681,2026-02-22,P003,Amit,Brimstone,Bind,9,10,0,2,1338.0,27,Win,Platinum
108547,2026-06-25,P007,Karan,Raze,Bind,16,17,5,6,2979.0,24,Loss,Bronze
102605,2026-05-29,P015,Nikhil,Jett,Breeze,25,19,7,16,4272.0,18,Win,Immortal
107289,2026-05-05,P007,Karan,Gekko,Ascent,11,15,6,5,2077.0,27,Win,Platinum
107074,2026-04-28,P020,Harsh,Sova,Breeze,19,6,10,2,2722.0,26,Win,Diamond
107492,2026-04-05,P014,Varun,Phoenix,Bind,12,12,8,4,1946.0,18,Win,Platinum
102177,2026-01-05,P015,Nikhil,Cypher,Icebox,31,14,8,13,4731.0,29,Win,Gold
108025,2026-02-03,P011,Neeraj,Chamber,Bind,6,18,2,3,979.0,26,Loss,Platinum
102351,2026-02-08,P003,Amit,Raze,Sunset,29,13,7,8,3290.0,22,Loss,Diamond
108333,2026-01-24,P012,Yash,Viper,Bind,35,16,5,10,6500.0,19,Loss,Gold
103541,2026-05-14,P004,Rohan,Sova,Ascent,22,15,10,11,2150.0,18,Win,Iron
102134,2026-07-04,P001,Shubham,Reyna,Lotus,13,15,3,3,1590.0,25,Win,Diamond
101480,2026-09-06,P015,Nikhil,Gekko,Sunset,25,10,6,9,2571.0,27,Loss,Silver
102793,2026-06-07,P011,Neeraj,Fade,Haven,6,12,5,3,1106.0,20,Loss,Gold
104866,2026-01-29,P002,Rahul,Fade,Bind,15,13,3,3,2794.0,28,Win,Gold
109800,2026-03-01,P009,Sahil,Gekko,Breeze,13,20,7,6,1809.0,27,Loss,Platinum
109954,2026-05-22,P010,Pratik,Phoenix,Haven,24,14,3,10,2670.0,21,Win,Silver
104645,2026-09-28,P004,Rohan,Jett,Breeze,21,17,8,10,3408.0,30,Win,Bronze
106654,2026-05-04,P019,Ritesh,Gekko,Haven,31,9,8,12,4501.0,30,Win,Diamond
106069,2026-01-21,P001,Shubham,Brimstone,Icebox,14,11,6,7,2440.0,20,Win,Diamond
107654,2026-08-24,P003,Amit,Chamber,Sunset,3,14,3,1,729.0,26,Win,Diamond
103482,2026-03-27,P014,Varun,Viper,Haven,7,21,0,3,1278.0,21,Win,Gold
105822,2026-02-23,P016,Arjun,Fade,Icebox,10,16,5,4,1447.0,25,Loss,Gold
104111,2026-02-10,P009,Sahil,Viper,Sunset,28,14,3,4,2801.0,25,Loss,Bronze
109481,2026-02-15,P015,Nikhil,Cypher,Ascent,11,16,1,4,1858.0,21,Win,Immortal
101952,2026-07-22,P011,Neeraj,Omen,Pearl,12,9,11,3,1594.0,30,Loss,Platinum
100555,2026-01-27,P016,Arjun,Phoenix,Lotus,20,18,8,10,3513.0,24,Loss,Gold
104284,2026-04-17,P008,Aditya,Fade,Sunset,21,20,7,11,3371.0,30,Win,Silver
101163,2026-05-27,P006,Vivek,Raze,Split,18,16,7,10,3664.0,24,Win,Ascendant
101584,2026-03-16,P015,Nikhil,Brimstone,Breeze,26,5,5,11,3649.0,29,Loss,Ascendant
106179,2026-01-04,P003,Amit,Killjoy,Split,30,8,10,12,4075.0,30,Win,Diamond
103473,2026-07-02,P006,Vivek,Sage,Haven,24,15,2,9,4199.0,21,Win,Ascendant
107950,2026-01-09,P011,Neeraj,Raze,Split,22,9,9,10,2181.0,19,Loss,Platinum
105286,2026-03-03,P005,Akash,Phoenix,Split,21,16,2,11,2959.0,20,Win,Gold
105264,2026-06-23,P008,Aditya,Brimstone,Bind,12,13,12,6,2068.0,26,Win,Silver
107948,2026-08-09,P014,Varun,Cypher,Split,21,14,4,12,3323.0,21,Loss,Gold
104309,2026-09-30,P006,Vivek,Fade,Lotus,13,15,9,4,2213.0,25,Win,Silver
101598,2026-01-21,P012,Yash,Sage,Split,22,17,3,13,3035.0,20,Loss,Silver
109916,2026-03-25,P008,Aditya,Raze,Haven,9,17,5,2,1222.0,26,Loss,Bronze
100300,2026-03-16,P019,Ritesh,Chamber,Bind,15,8,8,9,2348.0,23,Win,Platinum
109864,2026-09-15,P008,Aditya,Killjoy,Bind,15,16,9,11,2134.0,27,Win,Immortal
109680,2026-06-11,P017,Siddhant,Brimstone,Lotus,22,12,6,7,2819.0,18,Win,Platinum
104028,2026-01-02,P017,Siddhant,Viper,Lotus,29,10,5,9,6111.0,20,Loss,Gold
103210,2026-04-07,P015,Nikhil,Jett,Bind,28,13,9,11,4505.0,21,Loss,Platinum
104593,2026-06-19,P011,Neeraj,Viper,Lotus,11,10,3,2,1533.0,27,Win,Bronze
104355,2026-04-25,P013,Ankit,Chamber,Breeze,23,16,2,9,4011.0,19,Loss,Gold
102858,2026-06-28,P004,Rohan,Reyna,Icebox,10,17,1,1,1083.0,24,Loss,Iron
103378,2026-01-22,P016,Arjun,Raze,Split,20,10,7,10,3892.0,24,Win,Diamond
103142,2026-08-30,P016,Arjun,Viper,Bind,14,11,3,2,2687.0,30,Loss,Bronze
101359,2026-09-18,P010,Pratik,Viper,Sunset,23,7,10,8,3925.0,22,Loss,Gold
104554,2026-06-25,P013,Ankit,Cypher,Breeze,23,12,8,2,2862.0,21,Win,Gold
104864,2026-06-03,P008,Aditya,Reyna,Lotus,21,12,4,8,3618.0,28,Loss,Diamond
103205,2026-01-21,P012,Yash,Jett,Bind,12,11,3,3,1912.0,22,Win,Ascendant
109389,2026-05-12,P005,Akash,Sage,Bind,25,16,6,11,4182.0,21,Win,Ascendant
100486,2026-06-10,P017,Siddhant,Fade,Split,18,12,5,11,2668.0,30,Win,Bronze
107871,2026-06-04,P007,Karan,Phoenix,Split,19,13,9,7,2748.0,21,Win,Platinum
105660,2026-09-20,P004,Rohan,Gekko,Ascent,9,14,8,0,1449.0,18,Loss,Gold
104881,2026-05-09,P013,Ankit,Viper,Ascent,19,12,2,6,2911.0,18,Loss,Silver
104127,2026-01-02,P007,Karan,Brimstone,Breeze,12,22,4,6,2153.0,30,Win,Gold
107396,2026-01-18,P020,Harsh,Sage,Sunset,13,24,7,6,1614.0,23,Win,Ascendant
101152,2026-02-06,P007,Karan,Chamber,Sunset,20,13,1,8,1985.0,26,Loss,Platinum
105407,2026-03-05,P008,Aditya,Killjoy,Ascent,20,14,4,12,3491.0,28,Loss,Ascendant
109761,2026-06-20,P012,Yash,Gekko,Pearl,19,14,5,7,2352.0,24,Loss,Gold
105314,2026-05-13,P015,Nikhil,Reyna,Lotus,13,16,9,3,2215.0,23,Win,Silver
109948,2026-01-25,P005,Akash,Chamber,Icebox,10,11,13,4,1602.0,25,Win,Platinum
104898,2026-03-01,P017,Siddhant,Phoenix,Ascent,19,20,2,13,3879.0,18,Loss,Platinum
109082,2026-05-26,P015,Nikhil,Omen,Lotus,17,8,5,6,3269.0,23,Loss,Bronze
106779,2026-04-24,P006,Vivek,Jett,Sunset,20,15,4,7,2705.0,26,Loss,Gold
109722,2026-09-18,P020,Harsh,Fade,Icebox,24,16,4,10,4427.0,20,Win,Silver
108287,2026-03-19,P011,Neeraj,Cypher,Icebox,24,14,8,11,3721.0,23,Win,Diamond
105339,2026-03-20,P018,Manish,Killjoy,Ascent,17,18,3,7,2394.0,18,Win,Diamond
109663,2026-08-13,P004,Rohan,Raze,Ascent,16,11,1,7,2854.0,20,Loss,Platinum
100665,2026-01-26,P016,Arjun,Phoenix,Split,18,16,6,6,2904.0,21,Win,Diamond
108590,2026-04-27,P003,Amit,Cypher,Pearl,25,17,10,14,2658.0,20,Win,Platinum
105440,2026-09-13,P005,Akash,Cypher,Ascent,20,12,3,12,3606.0,25,Win,Diamond
107318,2026-05-09,P007,Karan,Sage,Icebox,13,16,3,3,1733.0,26,Win,Gold
100642,2026-09-30,P020,Harsh,Cypher,Split,14,17,3,8,2027.0,23,Loss,Iron
109261,2026-06-04,P016,Arjun,Jett,Ascent,23,15,3,7,3373.0,23,Win,Diamond
100176,2026-08-06,P002,Rahul,Sova,Split,13,7,4,4,2227.0,21,Win,Diamond
106070,2026-06-04,P006,Vivek,Gekko,Haven,20,13,5,10,3290.0,19,Win,Platinum
109930,2026-06-27,P002,Rahul,Chamber,Lotus,31,11,2,8,4812.0,23,Loss,Ascendant
105217,2026-07-05,P017,Siddhant,Jett,Sunset,11,7,1,5,1876.0,27,Win,Bronze
100786,2026-07-26,P007,Karan,Viper,Breeze,15,7,2,7,1812.0,19,Loss,Ascendant
107886,2026-07-26,P014,Varun,Gekko,Bind,17,18,5,4,2124.0,18,Loss,Bronze
106388,2026-03-18,P011,Neeraj,Reyna,Icebox,31,5,6,9,3165.0,29,Win,Gold
106896,2026-02-22,P007,Karan,Gekko,Ascent,5,20,0,2,609.0,26,Loss,Iron
103202,2026-07-01,P012,Yash,Cypher,Breeze,12,17,8,4,1887.0,19,Win,Platinum
104825,2026-06-24,P008,Aditya,Reyna,Bind,16,13,10,7,1608.0,21,Win,Gold
105405,2026-03-05,P012,Yash,Jett,Lotus,34,7,0,14,4202.0,24,Loss,Immortal
107975,2026-09-23,P007,Karan,Raze,Split,12,14,6,9,1755.0,28,Loss,Diamond
100091,2026-01-20,P020,Harsh,Sova,Bind,23,4,5,8,4046.0,27,Win,Platinum
106004,2026-05-07,P013,Ankit,Sage,Haven,12,19,3,5,1830.0,27,Loss,Immortal
105758,2026-08-04,P010,Pratik,Raze,Haven,22,12,5,11,1991.0,21,Loss,Immortal
109524,2026-01-09,P010,Pratik,Chamber,Bind,21,12,6,11,3194.0,19,Loss,Ascendant
109908,2026-02-20,P011,Neeraj,Sage,Pearl,13,19,4,4,1432.0,18,Loss,Platinum
101971,2026-03-07,P005,Akash,Phoenix,Split,9,13,3,6,1443.0,30,Win,Diamond
102905,2026-09-15,P006,Vivek,Brimstone,Pearl,4,11,2,1,820.0,25,Win,Ascendant
100530,2026-02-03,P019,Ritesh,Raze,Haven,12,9,13,6,2598.0,21,Win,Silver
106328,2026-01-23,P006,Vivek,Jett,Pearl,5,14,4,1,787.0,30,Win,Diamond
100996,2026-03-16,P003,Amit,Raze,Lotus,28,16,1,10,4108.0,26,Win,Silver
109870,2026-06-22,P006,Vivek,Gekko,Pearl,14,15,8,6,2447.0,21,Loss,Gold
104246,2026-05-28,P020,Harsh,Brimstone,Sunset,21,12,7,10,2950.0,23,Loss,Bronze
104698,2026-08-26,P020,Harsh,Killjoy,Icebox,13,8,4,10,1576.0,24,Loss,Diamond
102312,2026-04-27,P012,Yash,Raze,Lotus,17,19,9,4,2263.0,25,Loss,Silver
102154,2026-07-09,P004,Rohan,Phoenix,Icebox,16,11,3,7,2458.0,24,Win,Platinum
104271,2026-07-28,P006,Vivek,Viper,Sunset,17,9,5,4,3080.0,28,Loss,Silver
101427,2026-09-15,P019,Ritesh,Reyna,Split,12,17,5,6,1507.0,18,Win,Silver
108645,2026-06-15,P001,Shubham,Gekko,Lotus,13,15,6,6,2115.0,28,Win,Platinum
106060,2026-03-17,P007,Karan,Chamber,Ascent,14,10,5,3,1897.0,21,Win,Silver
105165,2026-09-08,P004,Rohan,Viper,Bind,28,12,6,6,4388.0,23,Loss,Ascendant
109783,2026-03-25,P015,Nikhil,Sage,Sunset,24,8,5,8,3472.0,21,Loss,Diamond
103085,2026-06-30,P013,Ankit,Chamber,Bind,17,16,3,8,2733.0,19,Win,Platinum
105924,2026-03-19,P015,Nikhil,Cypher,Bind,20,16,6,9,2116.0,18,Loss,Ascendant
108410,2026-08-13,P008,Aditya,Sage,Split,30,15,3,17,3269.0,27,Win,Platinum
103649,2026-08-27,P008,Aditya,Sova,Haven,16,13,1,2,3680.0,25,Loss,Ascendant
104180,2026-05-08,P018,Manish,Jett,Lotus,10,15,4,3,1941.0,30,Loss,Gold
109110,2026-07-15,P003,Amit,Chamber,Breeze,19,20,7,7,3022.0,24,Win,Iron
100495,2026-01-25,P019,Ritesh,Viper,Breeze,20,11,2,11,2412.0,27,Loss,Gold
103790,2026-06-04,P017,Siddhant,Jett,Split,12,16,7,2,1755.0,29,Loss,Platinum
102321,2026-09-22,P003,Amit,Omen,Pearl,17,16,2,10,2316.0,23,Loss,Diamond
104828,2026-09-04,P004,Rohan,Sova,Lotus,5,10,5,1,591.0,30,Win,Platinum
105519,2026-09-25,P009,Sahil,Fade,Icebox,18,16,8,6,2552.0,18,Win,Bronze
100151,2026-09-15,P015,Nikhil,Reyna,Split,17,16,6,10,3052.0,30,Loss,Silver
108551,2026-03-14,P013,Ankit,Jett,Icebox,14,16,6,2,1907.0,24,Win,Platinum
100694,2026-09-26,P009,Sahil,Sage,Bind,14,14,4,5,1211.0,25,Loss,Ascendant
104438,2026-04-07,P004,Rohan,Reyna,Split,11,13,3,5,1754.0,21,Win,Platinum
105723,2026-09-04,P013,Ankit,,Split,21,9,1,7,3836.0,18,Loss,Silver
101738,2026-06-02,P018,Manish,Killjoy,Haven,21,7,11,5,3371.0,22,Loss,Gold
103001,2026-02-07,P006,Vivek,Gekko,Split,28,10,4,9,4144.0,29,Win,Ascendant
100167,2026-02-22,P018,Manish,Fade,Lotus,13,11,10,6,2340.0,25,Win,Gold
107552,2026-04-21,P014,Varun,Gekko,Lotus,15,11,8,8,1590.0,23,Loss,Bronze
107520,2026-05-14,P018,Manish,Brimstone,Ascent,18,11,7,11,2948.0,30,Loss,Ascendant
102865,2026-07-06,P012,Yash,Viper,Icebox,8,11,8,2,1263.0,20,Loss,Platinum
108563,2026-03-01,P001,Shubham,Jett,Ascent,23,17,7,6,3963.0,23,Loss,Ascendant
105266,2026-08-10,P008,Aditya,Cypher,Pearl,6,15,9,2,908.0,18,Win,Diamond
102883,2026-06-20,P016,Arjun,Jett,Sunset,19,14,11,8,3915.0,18,Win,Platinum
103031,2026-01-16,P014,Varun,Omen,Sunset,14,14,6,5,2375.0,19,Win,Ascendant
105804,2026-05-10,P003,Amit,Reyna,Sunset,3,15,6,0,425.0,27,Loss,Iron
108552,2026-09-20,P016,Arjun,Killjoy,Lotus,19,14,2,9,3047.0,27,Win,Gold
107536,2026-03-13,P010,Pratik,Viper,Haven,14,15,8,10,1707.0,21,Loss,Iron
106756,2026-05-18,P016,Arjun,Jett,Pearl,13,13,3,5,2391.0,27,Loss,Diamond
104706,2026-06-13,P013,Ankit,Sova,Ascent,12,19,8,0,2163.0,26,Win,Ascendant
106018,2026-09-27,P019,Ritesh,Sova,Lotus,24,10,8,4,3778.0,28,Loss,Bronze
102276,2026-01-15,P017,Siddhant,Killjoy,Breeze,17,15,5,8,1802.0,23,Win,Bronze
107064,2026-07-25,P011,Neeraj,Omen,Pearl,19,11,7,4,2504.0,22,Win,Silver
105731,2026-08-06,P015,Nikhil,Fade,Icebox,29,17,8,12,3723.0,24,Loss,Diamond
108033,2026-08-06,P011,Neeraj,Jett,Sunset,9,15,4,4,950.0,26,Loss,Platinum
105317,2026-05-24,P003,Amit,Fade,Icebox,20,14,3,10,3287.0,21,Win,Iron
109193,2026-04-07,P012,Yash,Sova,Split,24,10,6,8,2881.0,20,Loss,Ascendant
109613,2026-02-27,P013,Ankit,Sage,Sunset,13,11,4,3,2835.0,23,Loss,Bronze
100428,2026-08-06,P013,Ankit,Jett,Sunset,11,18,1,4,1401.0,30,Win,Ascendant
108856,2026-08-13,P005,Akash,Killjoy,Breeze,20,14,6,11,4042.0,19,Loss,Diamond
106393,2026-04-22,P019,Ritesh,Omen,Breeze,25,15,10,11,4679.0,19,Win,Platinum
105794,2026-09-04,P011,Neeraj,Phoenix,Breeze,31,19,7,14,5350.0,30,Win,Diamond
100426,2026-05-25,P017,Siddhant,Killjoy,Lotus,10,15,7,3,1330.0,23,Loss,Platinum
102223,2026-03-28,P003,Amit,Chamber,Breeze,11,13,2,4,1506.0,22,Win,Platinum
100100,2026-05-01,P009,Sahil,Phoenix,Breeze,25,15,3,12,4150.0,30,Win,Gold
105265,2026-08-27,P004,Rohan,Raze,Ascent,15,21,0,7,2043.0,28,Loss,Gold
106956,2026-04-29,P016,Arjun,Killjoy,Lotus,21,13,3,12,2136.0,30,Win,Gold
102762,2026-02-10,P001,Shubham,Killjoy,Pearl,10,16,7,1,1536.0,23,Win,Silver
105884,2026-02-18,P016,Arjun,Omen,Breeze,29,12,6,13,3500.0,27,Loss,Platinum
104759,2026-04-17,P005,Akash,Sage,Pearl,13,14,4,7,1855.0,27,Win,Iron
104905,2026-08-11,P001,Shubham,Viper,Ascent,18,15,7,5,2948.0,20,Loss,Bronze
109652,2026-02-07,P017,Siddhant,Killjoy,Sunset,13,14,3,7,2222.0,24,Loss,Silver
103286,2026-08-14,P004,Rohan,Sage,Sunset,18,21,4,7,2300.0,28,Loss,Diamond
105006,2026-06-28,P010,Pratik,Reyna,Icebox,23,16,4,11,3150.0,24,Win,Diamond
106259,2026-03-17,P009,Sahil,Brimstone,Icebox,16,15,4,3,1720.0,18,Win,Gold
106095,2026-05-01,P007,Karan,Brimstone,Breeze,32,16,6,19,5119.0,22,Win,Silver
109254,2026-04-28,P010,Pratik,Cypher,Lotus,14,15,6,9,1705.0,21,Win,Silver
103616,2026-07-10,P001,Shubham,Phoenix,Lotus,13,14,9,7,2627.0,26,Loss,Platinum
101465,2026-07-11,P003,Amit,Brimstone,Bind,18,17,4,7,2206.0,20,Loss,Gold
104993,2026-08-06,P007,Karan,Omen,Sunset,9,20,2,4,1825.0,22,Win,Diamond
102234,2026-05-11,P011,Neeraj,Phoenix,Split,15,11,6,4,2340.0,23,Loss,Gold
101744,2026-02-02,P008,Aditya,Chamber,Split,22,10,9,8,2097.0,25,Win,Iron
105746,2026-05-16,P005,Akash,Reyna,Haven,11,15,6,6,2010.0,28,Loss,Gold
108854,2026-09-22,P013,Ankit,Jett,Bind,24,17,9,8,3461.0,27,Win,Silver
106449,2026-05-18,P012,Yash,Chamber,Ascent,30,11,6,6,3761.0,28,Win,Bronze
106199,2026-09-04,P007,Karan,Gekko,Pearl,8,9,2,5,1866.0,27,Win,Iron
107522,2026-02-09,P016,Arjun,Brimstone,Ascent,18,18,4,5,2531.0,27,Win,Ascendant
108229,2026-04-02,P007,Karan,Omen,Bind,15,15,3,1,3106.0,21,Loss,Gold
109253,2026-05-29,P011,Neeraj,Reyna,Bind,13,14,4,7,1831.0,24,Win,Gold
109753,2026-04-02,P014,Varun,Cypher,Bind,18,18,8,8,,30,Win,Platinum
108557,2026-05-05,P016,Arjun,Cypher,Sunset,5,12,6,2,646.0,19,Win,Ascendant
105375,2026-09-02,P019,Ritesh,Sage,Breeze,6,11,8,1,841.0,30,Loss,Gold
109441,2026-02-26,P003,Amit,Reyna,Lotus,20,9,5,5,2956.0,26,Loss,Ascendant
102121,2026-09-29,P002,Rahul,Killjoy,Pearl,16,16,8,5,2785.0,21,Loss,Bronze
103393,2026-09-19,P012,Yash,Phoenix,Lotus,12,7,2,5,1381.0,21,Loss,Gold
107885,2026-03-26,P012,Yash,Cypher,Lotus,9,11,10,5,2088.0,30,Win,Platinum
103826,2026-07-27,P009,Sahil,Sova,Bind,23,16,5,9,3451.0,21,Loss,Silver
103487,2026-07-08,P009,Sahil,Cypher,Split,31,12,7,12,4689.0,26,Win,Silver
100916,2026-04-04,P013,Ankit,Chamber,Icebox,27,16,3,11,5701.0,23,Loss,Gold
108568,2026-05-22,P014,Varun,Raze,Icebox,23,21,15,7,4089.0,27,Win,Platinum
108283,2026-04-04,P019,Ritesh,Killjoy,Ascent,22,19,9,9,2463.0,27,Win,Platinum
106250,2026-08-02,P013,Ankit,Phoenix,Sunset,16,6,8,9,1320.0,28,Loss,Ascendant
107917,2026-05-30,P004,Rohan,Gekko,Icebox,15,6,1,6,1691.0,19,Loss,Gold
109049,2026-07-07,P014,Varun,Sage,Breeze,9,11,7,3,1385.0,25,Win,Gold
108709,2026-05-11,P011,Neeraj,Gekko,Breeze,27,8,7,13,4215.0,28,Loss,Diamond
108534,2026-07-29,P006,Vivek,Sage,Lotus,11,16,8,5,1626.0,29,Loss,Ascendant
105447,2026-08-25,P009,Sahil,Raze,Sunset,13,15,3,6,1900.0,21,Loss,Silver
107768,2026-06-08,P013,Ankit,Omen,Icebox,38,14,5,12,5941.0,20,Loss,Silver
101203,2026-03-29,P007,Karan,Brimstone,Ascent,36,15,6,17,6320.0,30,Win,Platinum
108765,2026-01-13,P010,Pratik,Omen,Bind,27,11,3,9,3781.0,30,Loss,Diamond
104977,2026-02-12,P007,Karan,Sova,Breeze,17,16,4,12,2726.0,18,Win,Silver
103894,2026-02-05,P004,Rohan,Cypher,Breeze,13,9,5,7,1016.0,30,Win,Iron
101926,2026-07-07,P017,Siddhant,Killjoy,Icebox,20,10,3,10,2057.0,21,Win,Gold
103114,2026-02-18,P008,Aditya,Fade,Split,20,9,6,9,3716.0,27,Loss,Ascendant
102641,2026-07-18,P007,Karan,Raze,Icebox,18,17,3,10,2683.0,29,Win,Gold
107928,2026-02-05,P007,Karan,Killjoy,Split,3,12,2,2,494.0,20,Loss,Platinum
107951,2026-07-04,P011,Neeraj,Fade,Sunset,11,11,5,7,1404.0,29,Win,Silver
102562,2026-05-10,P011,Neeraj,Jett,Split,28,9,5,15,4692.0,25,Loss,Gold
107644,2026-08-18,P014,Varun,Gekko,Split,12,13,4,3,1996.0,24,Loss,Platinum
102728,2026-01-31,P011,Neeraj,Reyna,Breeze,22,10,7,10,2492.0,27,Loss,Platinum
107840,2026-05-20,P001,Shubham,Omen,Icebox,14,13,3,6,1894.0,19,Loss,Gold
109422,2026-06-16,P007,Karan,Killjoy,Lotus,11,14,10,4,1200.0,18,Win,Bronze
109084,2026-07-03,P014,Varun,Omen,Breeze,25,8,4,8,3415.0,27,Loss,Bronze
107732,2026-09-12,P012,Yash,Raze,Split,7,14,7,2,1217.0,21,Loss,Gold
105908,2026-09-18,P010,Pratik,Reyna,Pearl,25,12,3,5,4384.0,23,Loss,Gold
102626,2026-07-25,P004,Rohan,Gekko,Bind,17,12,9,5,2721.0,23,Win,Platinum
106029,2026-09-23,P010,Pratik,Killjoy,Haven,12,13,8,5,1517.0,30,Loss,Immortal
108273,2026-07-24,P011,Neeraj,Killjoy,Icebox,10,13,10,4,1945.0,18,Loss,Gold
109222,2026-01-15,P014,Varun,Sage,Split,17,10,5,8,2152.0,20,Win,Platinum
100805,2026-06-13,P018,Manish,Brimstone,Lotus,12,14,4,10,1657.0,18,Win,Silver
105768,2026-04-21,P012,Yash,Brimstone,Bind,9,11,4,5,1107.0,23,Loss,Ascendant
106148,2026-06-19,P018,Manish,Fade,Ascent,23,16,6,15,3640.0,20,Loss,Silver
107477,2026-03-11,P005,Akash,Phoenix,Haven,18,15,7,11,2774.0,20,Loss,Platinum
104215,2026-01-06,P012,Yash,Killjoy,Icebox,17,16,10,4,2663.0,27,Loss,Gold
104712,2026-09-24,P017,Siddhant,Jett,Ascent,15,12,3,9,3040.0,27,Loss,Bronze
105595,2026-08-18,P016,Arjun,Gekko,Pearl,8,12,5,6,1268.0,19,Win,Silver
104480,2026-03-26,P017,Siddhant,Killjoy,Breeze,12,19,5,3,2077.0,27,Win,Diamond
101242,2026-04-27,P014,Varun,Sova,Lotus,26,15,8,14,4477.0,25,Loss,Silver
106978,2026-01-30,P012,Yash,Reyna,Bind,21,19,2,7,3534.0,20,Win,Bronze
107432,2026-06-25,P003,Amit,Sova,Pearl,3,12,8,1,341.0,25,Win,Platinum
109309,2026-05-01,P016,Arjun,Phoenix,Pearl,15,19,7,6,2502.0,28,Win,Gold
100547,2026-05-11,P008,Aditya,Brimstone,Pearl,16,14,8,7,2297.0,22,Win,Silver
103022,2026-07-02,P015,Nikhil,Sova,Icebox,19,19,7,10,2746.0,29,Loss,Bronze
104903,2026-07-16,P002,Rahul,Phoenix,Icebox,15,19,1,6,2429.0,24,Loss,Diamond
104075,2026-09-12,P003,Amit,Reyna,Lotus,32,15,8,11,4361.0,30,Win,Gold
100026,2026-09-30,P013,Ankit,Killjoy,Pearl,22,14,5,3,3467.0,18,Loss,Platinum
106625,2026-07-12,P018,Manish,Chamber,Bind,20,13,9,11,2309.0,28,Win,Diamond
104294,2026-01-28,P005,Akash,Reyna,Split,26,13,8,16,3837.0,29,Win,Iron
102508,2026-01-31,P018,Manish,Cypher,Icebox,36,14,8,24,5474.0,18,Win,Diamond
101433,2026-05-16,P015,Nikhil,Sage,Haven,8,14,9,4,823.0,23,Loss,Ascendant
102582,2026-07-10,P006,Vivek,Brimstone,Icebox,28,19,6,11,4913.0,23,Win,Platinum
101302,2026-01-30,P008,Aditya,Brimstone,Breeze,12,15,5,5,2640.0,21,Win,Platinum
105839,2026-08-21,P004,Rohan,Killjoy,Breeze,8,15,5,3,1168.0,25,Loss,Platinum
109187,2026-08-08,P015,Nikhil,Sage,Haven,19,13,7,2,1942.0,30,Win,Gold
104001,2026-03-19,P006,Vivek,Reyna,Sunset,17,13,8,3,2267.0,19,Loss,Diamond
109919,2026-08-04,P016,Arjun,Gekko,Ascent,27,16,3,8,3576.0,25,Win,Silver
101221,2026-08-25,P019,Ritesh,Raze,Bind,15,12,6,5,1721.0,21,Loss,Gold
105015,2026-06-17,P012,Yash,Jett,Ascent,8,12,7,3,1414.0,29,Win,Bronze
102548,2026-09-14,P010,Pratik,Cypher,Lotus,9,11,11,4,1392.0,28,Loss,Gold
100750,2026-09-26,P009,Sahil,Brimstone,Bind,23,17,5,6,3092.0,21,Win,Ascendant
100437,2026-07-23,P009,Sahil,Viper,Bind,17,19,3,4,2500.0,27,Loss,Bronze
104392,2026-03-02,P009,Sahil,Omen,Lotus,26,13,2,16,2631.0,30,Win,Silver
103411,2026-02-16,P016,Arjun,Cypher,Ascent,14,16,4,7,2972.0,28,Loss,Gold
103942,2026-08-24,P003,Amit,Viper,Sunset,23,15,5,8,3469.0,22,Loss,Gold
102847,2026-05-08,P019,Ritesh,Sage,Breeze,3,15,4,1,555.0,26,Win,Platinum
101173,2026-06-17,P020,Harsh,Sage,Bind,11,13,6,3,1568.0,18,Win,Ascendant
107529,2026-05-04,P002,Rahul,Chamber,Ascent,32,17,7,9,4873.0,20,Loss,Platinum
102699,2026-09-16,P009,Sahil,Omen,Sunset,15,17,3,7,1573.0,22,Loss,Ascendant
106486,2026-02-25,P012,Yash,Reyna,Split,14,19,7,7,2735.0,23,Loss,Bronze
105944,2026-09-03,P016,Arjun,Gekko,Split,16,18,11,5,2624.0,23,Loss,Diamond
104649,2026-06-04,P003,Amit,Killjoy,Breeze,9,13,1,4,1069.0,29,Loss,Diamond
102481,2026-02-04,P012,Yash,Sage,Sunset,26,13,2,11,4221.0,25,Loss,Silver
103936,2026-09-19,P002,Rahul,Jett,Sunset,14,12,10,9,2543.0,25,Loss,Gold
108462,2026-02-27,P017,Siddhant,Raze,Sunset,12,26,8,5,1678.0,18,Loss,Gold
102706,2026-06-01,P001,Shubham,Cypher,Bind,16,15,2,5,1875.0,30,Loss,Gold
104682,2026-06-11,P018,Manish,Brimstone,Bind,21,12,6,4,3636.0,23,Win,Silver
100326,2026-04-29,P014,Varun,Killjoy,Icebox,35,9,9,12,6500.0,19,Loss,Diamond
101039,2026-01-01,P006,Vivek,Reyna,Bind,15,18,5,3,2053.0,25,Win,Platinum
102637,2026-08-20,P003,Amit,Chamber,Haven,24,13,8,4,3668.0,19,Win,Silver
105046,2026-07-05,P009,Sahil,Sage,Breeze,6,14,9,3,930.0,30,Win,Gold
102499,2026-06-23,P014,Varun,Viper,Haven,16,10,0,4,2177.0,20,Win,Diamond
101004,2026-06-15,P015,Nikhil,Reyna,Ascent,34,6,3,15,5905.0,29,Loss,Silver
102861,2026-06-27,P012,Yash,Jett,Lotus,13,19,4,6,2103.0,25,Loss,Gold
103233,2026-08-30,P018,Manish,Gekko,Lotus,19,16,0,5,3199.0,26,Win,Iron
101870,2026-01-13,P008,Aditya,Sage,Bind,21,13,1,14,3217.0,22,Loss,Silver
104265,2026-02-19,P002,Rahul,Reyna,Bind,18,16,5,7,2922.0,29,Win,Platinum
104513,2026-01-19,P015,Nikhil,Gekko,Split,3,11,11,2,421.0,20,Win,Diamond
108403,2026-09-11,P002,Rahul,Chamber,Ascent,29,18,1,11,3753.0,30,Win,Platinum
100534,2026-06-29,P015,Nikhil,Viper,Icebox,12,13,6,6,2139.0,25,Win,Diamond
103620,2026-04-21,P003,Amit,Sage,Pearl,16,12,1,6,2384.0,25,Loss,Platinum
106143,2026-06-08,P003,Amit,Cypher,Split,11,13,3,6,1850.0,21,Win,Silver
107399,2026-04-22,P005,Akash,Cypher,Bind,10,12,7,6,1372.0,25,Loss,Gold
100585,2026-02-11,P004,Rohan,Raze,Haven,4,13,3,1,727.0,28,Loss,Bronze
109934,2026-02-08,P012,Yash,Gekko,Lotus,12,18,6,3,1654.0,22,Win,Silver
103035,2026-02-05,P010,Pratik,Phoenix,Sunset,16,20,0,5,1743.0,20,Win,Bronze
106487,2026-01-08,P007,Karan,Sage,Lotus,28,16,5,9,3385.0,28,Win,Platinum
102585,2026-09-17,P011,Neeraj,Brimstone,Icebox,30,8,3,9,4092.0,30,Loss,Immortal
101703,2026-01-16,P002,Rahul,Omen,Pearl,25,17,11,14,3720.0,30,Win,Bronze
104315,2026-03-27,P001,Shubham,Phoenix,Breeze,17,12,9,3,2751.0,24,Win,Platinum
105593,2026-07-16,P004,Rohan,Reyna,Haven,21,17,5,14,2537.0,29,Win,Gold
100491,2026-01-09,P020,Harsh,Cypher,Sunset,18,10,6,2,2429.0,26,Loss,Diamond
106369,2026-09-16,P006,Vivek,Sova,Ascent,23,13,2,11,3653.0,24,Loss,Bronze
104373,2026-01-20,P001,Shubham,Killjoy,Icebox,17,14,4,8,2480.0,21,Win,Platinum
102836,2026-01-12,P003,Amit,Sage,Haven,19,16,1,8,1920.0,28,Win,Ascendant
102266,2026-09-17,P018,Manish,Brimstone,Breeze,30,15,5,15,3853.0,19,Win,Ascendant
104800,2026-06-28,P017,Siddhant,Jett,Bind,13,16,7,6,1229.0,23,Win,Diamond
106512,2026-08-27,P008,Aditya,Jett,Ascent,9,17,2,1,1533.0,25,Loss,Diamond
106518,2026-03-05,P016,Arjun,Viper,Haven,28,11,7,19,6055.0,30,Loss,Silver
106464,2026-09-24,P019,Ritesh,Sova,Lotus,13,20,7,3,1890.0,26,Loss,Ascendant
109623,2026-05-30,P017,Siddhant,Killjoy,Ascent,15,15,6,7,2775.0,30,Loss,Diamond
102900,2026-05-03,P006,Vivek,Gekko,Split,11,22,5,5,1696.0,22,Win,Gold
108022,2026-06-03,P016,Arjun,Reyna,Split,36,14,6,14,4124.0,30,Loss,Bronze
102944,2026-07-19,P009,Sahil,Sage,Pearl,18,17,7,9,1663.0,18,Loss,Gold
101916,2026-07-04,P001,Shubham,Raze,Icebox,19,10,5,7,2743.0,22,Win,Gold
103185,2026-04-17,P020,Harsh,Brimstone,Lotus,4,15,6,1,739.0,24,Win,Ascendant
105398,2026-06-14,P003,Amit,Killjoy,Icebox,26,13,3,11,4038.0,21,Loss,Diamond
105837,2026-02-03,P011,Neeraj,Viper,Ascent,12,10,7,4,1611.0,20,Win,Diamond
107288,2026-06-14,P014,Varun,Brimstone,Haven,13,15,1,2,1526.0,18,Win,Gold
106983,2026-06-08,P016,Arjun,Brimstone,Icebox,7,12,3,4,922.0,30,Win,Gold
108108,2026-09-25,P002,Rahul,Omen,Split,17,16,7,8,2596.0,29,Win,Platinum
105170,2026-04-24,P001,Shubham,Gekko,Breeze,19,16,6,12,2308.0,20,Loss,Platinum
108584,2026-06-12,P001,Shubham,Chamber,Bind,14,8,8,7,1953.0,18,Loss,Gold
102518,2026-04-19,P013,Ankit,Phoenix,Sunset,17,11,3,10,3028.0,18,Win,Ascendant
100397,2026-04-16,P007,Karan,Chamber,Breeze,29,14,7,6,1818.0,18,Win,Diamond
101317,2026-07-08,P002,Rahul,Jett,Sunset,4,11,9,3,563.0,20,Win,Silver
105820,2026-09-30,P008,Aditya,Cypher,Pearl,13,17,4,5,1796.0,26,Loss,Platinum
100121,2026-09-26,P011,Neeraj,Reyna,Icebox,11,14,0,6,1352.0,19,Win,Bronze
102449,2026-03-04,P014,Varun,Killjoy,Pearl,7,11,7,4,898.0,28,Win,Silver
104024,2026-01-22,P020,Harsh,Gekko,Lotus,10,12,4,5,1468.0,26,Win,Silver
108143,2026-08-11,P014,Varun,Jett,Icebox,18,9,10,12,2668.0,29,Loss,Gold
101566,2026-03-05,P017,Siddhant,Omen,Pearl,7,15,0,3,661.0,29,Loss,Silver
101984,2026-04-10,P002,Rahul,Cypher,Bind,14,22,0,6,2099.0,25,Loss,Gold
104353,2026-03-14,P007,Karan,Sage,Ascent,16,16,8,7,2605.0,20,Win,Immortal
107945,2026-04-20,P005,Akash,Cypher,Icebox,3,17,6,2,480.0,30,Loss,Bronze
105474,2026-06-13,P009,Sahil,Viper,Split,13,6,6,8,2406.0,26,Loss,Silver
109356,2026-02-22,P020,Harsh,Gekko,Haven,8,7,10,5,1381.0,24,Win,Platinum
105467,2026-02-02,P010,Pratik,Gekko,Breeze,19,10,9,9,2343.0,26,Loss,Platinum
102173,2026-07-31,P006,Vivek,Phoenix,Lotus,21,19,7,8,3712.0,27,Win,Diamond
103283,2026-04-22,P015,Nikhil,Cypher,Bind,25,11,9,7,4731.0,20,Win,Platinum
108513,2026-04-02,P014,Varun,Sage,Breeze,17,21,10,6,3264.0,19,Loss,Gold
108603,2026-03-02,P016,Arjun,Sova,Lotus,6,18,8,1,705.0,20,Win,Silver
102333,2026-02-23,P002,Rahul,Viper,Breeze,15,18,0,6,2073.0,23,Win,Silver
100573,2026-04-14,P013,Ankit,Killjoy,Split,14,6,7,11,2257.0,22,Loss,Gold
105484,2026-05-28,P002,Rahul,Omen,Bind,13,17,8,7,1549.0,18,Win,Bronze
109094,2026-02-10,P017,Siddhant,Killjoy,Lotus,6,17,2,3,872.0,18,Win,Iron
100981,2026-08-13,P014,Varun,Jett,Ascent,26,11,0,10,3120.0,24,Win,Silver
105739,2026-09-08,P019,Ritesh,Jett,Lotus,12,16,3,5,1754.0,20,Loss,Gold
101407,2026-09-11,P012,Yash,Cypher,Bind,3,17,5,1,499.0,18,Loss,Immortal
100535,2026-02-23,P018,Manish,Cypher,Breeze,17,12,4,10,2167.0,22,Win,Immortal
104161,2026-04-22,P007,Karan,Cypher,Haven,12,13,3,2,2428.0,29,Loss,Gold
104619,2026-06-15,P005,Akash,Phoenix,Breeze,13,16,6,3,2216.0,25,Win,Silver
108707,2026-04-11,P016,Arjun,Brimstone,Bind,23,13,9,6,3224.0,24,Loss,Silver
107159,2026-08-26,P013,Ankit,Killjoy,Split,23,12,9,8,2510.0,19,Win,Gold
101434,2026-02-10,P007,Karan,Gekko,Bind,7,10,1,1,580.0,29,Win,Ascendant
108610,2026-09-04,P005,Akash,Cypher,Lotus,21,13,5,8,3618.0,24,Win,Platinum
102579,2026-03-12,P005,Akash,Gekko,Haven,20,15,3,6,2391.0,26,Loss,Ascendant
107608,2026-06-01,P001,Shubham,Killjoy,Split,6,7,4,2,908.0,24,Loss,Bronze
103269,2026-03-12,P019,Ritesh,Sage,Pearl,15,15,8,7,2301.0,25,Loss,Bronze
109573,2026-08-24,P010,Pratik,Chamber,Icebox,22,14,5,10,3298.0,22,Loss,Gold
107893,2026-08-19,P012,Yash,Fade,Breeze,26,12,4,9,4296.0,22,Win,Bronze
103880,2026-06-04,P015,Nikhil,Brimstone,Pearl,22,8,8,3,3712.0,19,Win,Platinum
101867,2026-07-01,P001,Shubham,Chamber,Lotus,25,10,2,11,4999.0,21,Win,Bronze
101454,2026-06-06,P007,Karan,Sage,Pearl,11,22,5,5,1952.0,28,Loss,Diamond
101786,2026-03-26,P007,Karan,Chamber,Bind,26,11,3,13,2864.0,26,Win,
109932,2026-04-08,P003,Amit,Raze,Lotus,13,12,2,9,1998.0,21,Win,Gold
108312,2026-02-15,P014,Varun,Omen,Bind,14,11,7,7,2071.0,18,Win,Ascendant
102521,2026-02-14,P015,Nikhil,Jett,Icebox,12,14,7,3,1367.0,20,Loss,Diamond
109479,2026-05-02,P017,Siddhant,Omen,Pearl,29,8,4,8,4195.0,21,Loss,Ascendant
101820,2026-05-05,P011,Neeraj,Reyna,Ascent,17,19,4,8,2812.0,21,Win,Ascendant
104534,2026-04-08,P012,Yash,Viper,Breeze,24,12,7,13,5087.0,18,Loss,Gold
102929,2026-04-21,P017,Siddhant,Fade,Split,15,16,5,4,1482.0,29,Loss,Ascendant
100051,2026-09-18,P020,Harsh,Cypher,Breeze,24,11,10,11,3027.0,30,Win,Ascendant
107202,2026-02-04,P011,Neeraj,Fade,Icebox,18,15,7,4,2178.0,27,Win,Gold
109102,2026-01-15,P016,Arjun,Viper,Pearl,21,14,5,11,3497.0,27,Win,Platinum
108874,2026-08-28,P015,Nikhil,Chamber,Ascent,21,8,8,7,3163.0,20,Loss,Platinum
100469,2026-08-11,P019,Ritesh,Chamber,Sunset,20,17,7,3,3277.0,24,Win,Platinum
102629,2026-01-22,P001,Shubham,Sova,Lotus,13,15,9,2,1510.0,18,Win,Silver
106260,2026-08-23,P017,Siddhant,Viper,Pearl,22,8,2,11,3563.0,30,Loss,Gold
107501,2026-04-19,P019,Ritesh,Fade,Sunset,10,12,3,6,1424.0,24,Win,Platinum
107786,2026-07-29,P006,Vivek,Fade,Bind,11,11,5,5,2452.0,18,Win,Platinum
109172,2026-03-17,P001,Shubham,Phoenix,Sunset,17,12,5,9,3678.0,23,Loss,Silver
105425,2026-03-04,P009,Sahil,Brimstone,Ascent,25,17,10,8,5027.0,27,Loss,Immortal
101858,2026-05-21,P015,Nikhil,Raze,Icebox,24,18,1,8,3980.0,30,Win,Platinum
109552,2026-06-26,P002,Rahul,Raze,Icebox,10,7,4,3,,29,Loss,Silver
100865,2026-09-11,P020,Harsh,Jett,Pearl,8,11,7,3,1419.0,21,Loss,Iron
105032,2026-06-25,P012,Yash,Cypher,Bind,26,11,7,14,2803.0,21,Win,Diamond
109354,2026-06-26,P002,Rahul,Raze,Lotus,20,10,0,11,1994.0,18,Loss,Silver
108057,2026-07-30,P004,Rohan,Jett,Bind,15,13,2,6,1428.0,30,Loss,Silver
106195,2026-02-18,P008,Aditya,Chamber,Pearl,13,13,10,6,1956.0,24,Win,Bronze
104279,2026-05-23,P013,Ankit,Brimstone,Ascent,22,12,7,7,3955.0,21,Win,Diamond
106861,2026-04-12,P002,Rahul,Jett,Split,19,19,3,3,2750.0,20,Loss,Platinum
109566,2026-02-09,P014,Varun,Gekko,Ascent,22,10,5,12,3407.0,29,Win,Platinum
105963,2026-09-04,P011,Neeraj,Sova,Sunset,29,14,8,13,5282.0,18,Win,Ascendant
100425,2026-06-02,P005,Akash,Gekko,Split,16,15,2,6,2316.0,18,Loss,Diamond
100188,2026-07-25,P016,Arjun,Brimstone,Haven,13,12,10,6,2023.0,26,Loss,Silver
105654,2026-09-27,P003,Amit,Brimstone,Sunset,19,19,8,7,3489.0,27,Win,Platinum
104379,2026-01-31,P002,Rahul,Gekko,Sunset,20,16,7,11,2580.0,27,Loss,Bronze
100228,2026-08-24,P008,Aditya,Cypher,Breeze,9,9,7,4,957.0,25,Win,Immortal
107792,2026-01-21,P014,Varun,Jett,Ascent,18,12,6,7,2953.0,18,Win,Silver
105202,2026-02-26,P018,Manish,Brimstone,Sunset,9,16,7,2,1606.0,26,Loss,Ascendant
102741,2026-03-10,P005,Akash,Sage,Haven,17,13,4,9,2572.0,29,Win,Diamond
101041,2026-01-10,P010,Pratik,Raze,Pearl,21,15,6,7,2770.0,28,Loss,Immortal
108760,2026-09-15,P011,Neeraj,Jett,Split,19,22,4,8,3382.0,24,Loss,Platinum
109159,2026-04-26,P005,Akash,Sage,Split,18,11,0,4,2101.0,20,Loss,Ascendant
104269,2026-01-31,P020,Harsh,Sage,Pearl,16,8,3,4,2126.0,19,Loss,Ascendant
104140,2026-07-22,P020,Harsh,Gekko,Ascent,10,19,10,5,1453.0,22,Loss,Gold
100471,2026-07-25,P015,Nikhil,Sova,Breeze,37,15,1,10,6500.0,24,Loss,Platinum
102921,2026-05-06,P013,Ankit,Brimstone,Split,14,14,0,8,2694.0,20,Win,Ascendant
101905,2026-07-22,P006,Vivek,Brimstone,Sunset,21,17,6,10,3671.0,24,Loss,Silver
108895,2026-06-09,P012,Yash,Killjoy,Breeze,27,12,6,10,3455.0,23,Loss,Gold
100801,2026-07-18,P017,Siddhant,Reyna,Pearl,31,15,12,12,3548.0,30,Win,Platinum
101487,2026-08-21,P011,Neeraj,Raze,Pearl,15,16,4,3,1924.0,18,Loss,Diamond
108459,2026-08-12,P006,Vivek,,Haven,6,13,9,2,1030.0,23,Loss,Platinum
100227,2026-09-25,P007,Karan,Sage,Split,15,12,10,4,2238.0,18,Loss,Immortal
104115,2026-04-06,P009,Sahil,Sova,Split,23,21,4,14,3231.0,25,Win,Gold
101128,2026-06-26,P004,Rohan,Fade,Haven,21,13,1,12,3473.0,19,Win,Bronze
105094,2026-01-26,P016,Arjun,Killjoy,Split,8,9,3,1,1363.0,20,Win,Gold
107134,2026-07-04,P004,Rohan,Omen,Pearl,16,16,6,5,2758.0,24,Win,Gold
102208,2026-04-16,P017,Siddhant,Viper,Icebox,10,10,8,2,2151.0,20,Win,Diamond
108181,2026-05-26,P011,Neeraj,Viper,Icebox,16,23,9,7,2827.0,18,Win,Gold
108920,2026-09-09,P019,Ritesh,Omen,Bind,20,12,0,9,3702.0,18,Loss,Diamond
104228,2026-01-14,P016,Arjun,Sage,Lotus,13,14,6,5,1585.0,30,Loss,Diamond
109819,2026-09-29,P006,Vivek,Fade,Haven,21,14,7,6,4587.0,21,Win,Gold
103153,2026-09-11,P007,Karan,Fade,Ascent,3,12,11,0,789.0,22,Win,Diamond
104899,2026-07-05,P005,Akash,Sova,Split,14,11,10,6,1992.0,24,Win,Gold
107539,2026-06-06,P019,Ritesh,Viper,Bind,16,15,6,5,2248.0,25,Loss,Diamond
103615,2026-08-03,P016,Arjun,Reyna,Sunset,32,13,4,7,4306.0,25,Win,Ascendant
106244,2026-01-19,P003,Amit,Sage,Ascent,27,14,4,9,3362.0,20,Loss,Platinum
109618,2026-06-07,P008,Aditya,Fade,Sunset,9,11,8,5,1438.0,25,Loss,Diamond
102144,2026-02-10,P018,Manish,Killjoy,Haven,5,11,5,3,643.0,27,Win,Silver
107445,2026-05-15,P006,Vivek,Reyna,Breeze,27,16,3,13,3542.0,18,Loss,Gold
106096,2026-09-30,P018,Manish,Cypher,Lotus,14,15,8,5,1205.0,21,Win,Gold
102374,2026-04-10,P014,Varun,Gekko,Lotus,15,14,2,8,1961.0,22,Win,Silver
102577,2026-03-14,P019,Ritesh,Fade,Bind,21,10,7,10,3126.0,20,Win,Diamond
101632,2026-02-25,P003,Amit,Killjoy,Haven,10,15,8,5,1483.0,22,Loss,Diamond
105816,2026-04-16,P014,Varun,Viper,Bind,17,24,6,5,2522.0,28,Win,Silver
102298,2026-08-22,P007,Karan,Sage,Icebox,14,12,3,7,1734.0,22,Win,Bronze
105464,2026-01-19,P013,Ankit,Sova,Sunset,26,9,6,13,3833.0,21,Win,Diamond
100156,2026-09-19,P014,Varun,Viper,Haven,18,9,5,6,1267.0,28,Loss,Platinum
103773,2026-01-19,P009,Sahil,Phoenix,Sunset,14,11,3,5,2668.0,25,Loss,Diamond
109054,2026-09-16,P009,Sahil,Raze,Icebox,21,15,9,9,2542.0,30,Loss,Silver
103349,2026-09-15,P002,Rahul,Killjoy,Icebox,17,13,6,4,2730.0,19,Win,Gold
102879,2026-01-07,P006,Vivek,Omen,Icebox,21,15,7,13,3182.0,23,Win,Platinum
103413,2026-08-17,P014,Varun,Cypher,Split,14,13,6,9,2440.0,25,Loss,Gold
107161,2026-08-30,P003,Amit,Reyna,Icebox,29,8,6,12,4362.0,24,Win,Silver
104209,2026-08-15,P007,Karan,Reyna,Lotus,20,19,4,8,3295.0,27,Win,Gold
107463,2026-07-29,P007,Karan,Fade,Lotus,18,11,8,12,3206.0,24,Win,Ascendant
107201,2026-01-24,P019,Ritesh,Phoenix,Icebox,19,20,9,8,2177.0,21,Loss,Platinum
104385,2026-02-19,P020,Harsh,Sova,Sunset,13,10,5,6,2439.0,26,Win,Platinum
107237,2026-03-14,P020,Harsh,Raze,Bind,13,10,7,5,1662.0,24,Win,Bronze
106156,2026-09-28,P005,Akash,Killjoy,Sunset,17,14,1,10,2653.0,19,Loss,Silver
106740,2026-04-20,P020,Harsh,Sova,Lotus,7,20,3,1,1156.0,29,Loss,Silver
107841,2026-05-22,P014,Varun,Sage,Bind,16,12,5,5,3017.0,24,Loss,Ascendant
104816,2026-09-29,P017,Siddhant,Cypher,Icebox,23,12,4,9,3371.0,26,Win,Bronze
105955,2026-02-05,P004,Rohan,Gekko,Split,27,13,4,14,4500.0,30,Win,Diamond
102495,2026-06-01,P012,Yash,Cypher,Lotus,12,15,3,2,1979.0,18,Loss,Immortal
107692,2026-03-18,P009,Sahil,Jett,Icebox,7,20,8,1,1158.0,28,Loss,Ascendant
102372,2026-02-16,P002,Rahul,Sova,Ascent,15,12,7,3,2066.0,29,Win,Gold
104113,2026-09-13,P014,Varun,Gekko,Sunset,22,10,5,12,2875.0,23,Win,Gold
105359,2026-05-29,P013,Ankit,Viper,Icebox,3,17,7,2,693.0,28,Loss,Diamond
103461,2026-05-21,P002,Rahul,Sova,Lotus,21,21,6,9,3369.0,23,Win,Gold
104885,2026-07-14,P007,Karan,Omen,Breeze,12,13,2,3,2063.0,19,Loss,Gold
107342,2026-09-02,P010,Pratik,Omen,Ascent,16,21,2,5,3130.0,19,Win,Diamond
107205,2026-05-28,P016,Arjun,Killjoy,Bind,26,17,7,8,3090.0,20,Loss,Silver
107260,2026-04-25,P010,Pratik,Reyna,Bind,18,14,3,7,1694.0,27,Loss,Iron
107199,2026-08-04,P013,Ankit,Omen,Sunset,22,11,3,10,2678.0,28,Win,Gold
107751,2026-03-06,P018,Manish,Chamber,Haven,20,16,0,7,3833.0,26,Loss,Diamond
102550,2026-07-05,P005,Akash,Chamber,Breeze,24,18,7,8,4231.0,27,Win,Gold
107331,2026-06-24,P006,Vivek,Phoenix,Breeze,29,7,6,9,2741.0,19,Win,Ascendant
100847,2026-04-03,P014,Varun,Omen,Bind,14,16,2,2,1709.0,29,Win,Gold
103344,2026-08-10,P011,Neeraj,Phoenix,Pearl,15,18,3,8,2230.0,29,Win,Silver
100938,2026-08-12,P015,Nikhil,Fade,Sunset,13,16,4,3,2062.0,19,Win,Platinum
104848,2026-04-13,P010,Pratik,Reyna,Haven,8,16,6,4,1288.0,23,Loss,Ascendant
105112,2026-04-14,P009,Sahil,Reyna,Bind,8,20,6,4,1373.0,25,Win,Platinum
108882,2026-04-26,P001,Shubham,Omen,Split,15,16,6,2,2313.0,29,Win,Immortal
108629,2026-08-26,P005,Akash,Jett,Breeze,10,9,4,3,2166.0,28,Win,Platinum
105379,2026-05-20,P012,Yash,Reyna,Lotus,17,11,0,4,2048.0,28,Win,Silver
104411,2026-01-22,P007,Karan,Reyna,Bind,15,19,3,6,2150.0,20,Loss,Ascendant
109743,2026-07-06,P003,Amit,Killjoy,Haven,9,14,5,6,1409.0,28,Loss,Iron
100756,2026-01-29,P009,Sahil,Killjoy,Split,11,8,5,2,1845.0,20,Loss,Gold
104772,2026-07-18,P010,Pratik,Chamber,Breeze,18,17,5,4,2863.0,24,Win,Platinum
102644,2026-05-12,P006,Vivek,Raze,Haven,14,12,1,3,1839.0,25,Loss,Gold
104872,2026-05-16,P011,Neeraj,Sova,Breeze,9,14,1,6,1161.0,18,Win,Ascendant
109515,2026-08-25,P001,Shubham,Fade,Sunset,11,17,5,6,2302.0,22,Win,Bronze
103165,2026-01-17,P012,Yash,Fade,Lotus,20,11,5,12,3361.0,23,Loss,Bronze
108390,2026-05-18,P011,Neeraj,Reyna,Haven,22,16,5,9,2837.0,19,Win,Gold
106014,2026-09-05,P014,Varun,Sage,Lotus,24,15,7,10,4610.0,27,Loss,Diamond
106870,2026-02-24,P010,Pratik,Brimstone,Bind,12,15,4,7,1792.0,21,Win,Platinum
109219,2026-03-10,P011,Neeraj,Reyna,Ascent,29,15,6,10,4956.0,22,Win,Immortal
104089,2026-07-30,P008,Aditya,Fade,Sunset,16,7,2,1,2973.0,28,Loss,Diamond
103418,2026-07-09,P002,Rahul,Phoenix,Haven,23,11,10,9,3974.0,26,Loss,Ascendant
109924,2026-08-15,P018,Manish,Phoenix,Haven,14,9,11,6,2196.0,28,Loss,Silver
102061,2026-07-10,P002,Rahul,Killjoy,Lotus,16,8,1,7,3028.0,18,Win,Immortal
100549,2026-02-25,P013,Ankit,Reyna,Breeze,25,10,8,11,4264.0,26,Loss,Bronze
105434,2026-01-29,P002,Rahul,Jett,Breeze,11,11,5,0,1783.0,29,Win,Platinum
102812,2026-06-20,P011,Neeraj,Jett,Lotus,13,12,2,4,2004.0,18,Loss,Gold
108796,2026-07-29,P001,Shubham,Sova,Split,18,13,2,6,2998.0,18,Win,Silver
109014,2026-08-02,P015,Nikhil,Fade,Haven,13,17,8,8,2519.0,22,Loss,Platinum
102549,2026-09-17,P001,Shubham,Cypher,Icebox,3,18,9,2,595.0,23,Loss,Diamond
107481,2026-02-26,P008,Aditya,Fade,Bind,27,18,6,9,5007.0,30,Win,Silver
103169,2026-07-17,P013,Ankit,Raze,Sunset,20,11,3,4,2900.0,18,Win,Silver
106611,2026-06-10,P011,Neeraj,Chamber,Ascent,20,13,2,10,3551.0,22,Loss,Gold
104851,2026-04-16,P012,Yash,Killjoy,Ascent,32,19,11,21,4627.0,20,Loss,Platinum
104313,2026-05-06,P020,Harsh,Omen,Pearl,22,16,12,9,4124.0,23,Win,Gold
101259,2026-06-17,P008,Aditya,Viper,Bind,18,11,8,4,3389.0,29,Win,Gold
107913,2026-02-23,P020,Harsh,Omen,Bind,15,16,0,3,1880.0,19,Win,Platinum
106522,2026-08-20,P015,Nikhil,Raze,Haven,6,12,5,3,1029.0,21,Win,Platinum
107957,2026-01-08,P013,Ankit,Killjoy,Split,21,14,5,12,2929.0,24,Loss,Platinum
101024,2026-08-02,P016,Arjun,Raze,Ascent,11,13,4,5,1862.0,19,Loss,Diamond
104989,2026-01-21,P002,Rahul,Cypher,Icebox,32,13,2,11,4648.0,30,Win,Platinum
100752,2026-02-14,P012,Yash,Reyna,Icebox,11,18,8,2,1663.0,27,Loss,Gold
108397,2026-01-13,P007,Karan,Viper,Pearl,27,9,3,10,3474.0,30,Loss,Ascendant
107407,2026-05-15,P012,Yash,Omen,Haven,5,18,4,0,390.0,18,Loss,Silver
105418,2026-01-27,P003,Amit,Omen,Icebox,21,14,8,4,4247.0,19,Loss,Silver
101951,2026-06-16,P006,Vivek,Raze,Bind,15,23,7,5,1905.0,29,Loss,Platinum
105003,2026-08-16,P009,Sahil,Viper,Bind,21,19,4,7,3163.0,23,Loss,Diamond
100351,2026-07-19,P009,Sahil,Brimstone,Pearl,23,23,5,13,3432.0,20,Loss,Silver
101511,2026-06-04,P016,Arjun,Cypher,Bind,29,12,5,7,4593.0,20,Loss,Silver
104852,2026-08-05,P018,Manish,Cypher,Haven,23,15,3,9,2978.0,19,Win,Diamond
104486,2026-05-15,P009,Sahil,Cypher,Ascent,6,8,11,2,852.0,25,Loss,Ascendant
109452,2026-04-11,P016,Arjun,Killjoy,Haven,25,10,6,10,4471.0,28,Win,Diamond
105826,2026-03-06,P005,Akash,Raze,Haven,17,19,2,4,2287.0,25,Loss,Silver
100701,2026-01-15,P014,Varun,Viper,Sunset,11,18,6,4,1851.0,21,Loss,Bronze
107212,2026-04-04,P010,Pratik,Fade,Haven,3,14,11,1,679.0,21,Loss,Bronze
103662,2026-05-05,P010,Pratik,Jett,Haven,15,13,2,6,2948.0,25,Win,Platinum
103909,2026-03-03,P006,Vivek,Viper,Pearl,11,11,7,4,1936.0,21,Loss,Immortal
107968,2026-08-03,P016,Arjun,Chamber,Breeze,26,11,9,9,4196.0,29,Win,Iron
100561,2026-02-04,P016,Arjun,Phoenix,Bind,38,13,5,18,4945.0,20,Loss,Ascendant
102318,2026-04-02,P019,Ritesh,Jett,Sunset,13,10,5,8,1977.0,26,Loss,Gold
103098,2026-01-06,P011,Neeraj,Fade,Ascent,14,20,2,8,2272.0,28,Win,Ascendant
105272,2026-08-24,P019,Ritesh,Killjoy,Haven,17,17,10,7,2994.0,22,Win,Gold
103150,2026-06-04,P001,Shubham,Reyna,Split,23,15,9,11,3851.0,18,Win,Platinum
105792,2026-06-09,P005,Akash,Jett,Haven,11,8,6,3,1560.0,19,Win,Gold
108631,2026-02-16,P017,Siddhant,Brimstone,Icebox,17,19,5,7,3086.0,27,Win,Diamond
104639,2026-05-21,P001,Shubham,Brimstone,Haven,18,13,6,6,2192.0,29,Win,Platinum
103573,2026-09-26,P004,Rohan,Viper,Lotus,18,13,5,5,3046.0,21,Loss,Silver
104038,2026-05-25,P006,Vivek,Jett,Breeze,25,20,5,10,3557.0,25,Win,Diamond
105120,2026-07-04,P014,Varun,Viper,Icebox,17,13,7,4,2204.0,20,Loss,Platinum
104696,2026-03-22,P013,Ankit,Brimstone,Pearl,19,18,8,8,1784.0,28,Loss,Immortal
101047,2026-07-05,P008,Aditya,Jett,Icebox,9,15,6,3,938.0,30,Win,Platinum
102939,2026-02-18,P010,Pratik,Chamber,Sunset,27,14,1,5,3472.0,18,Win,Platinum
101808,2026-03-12,P010,Pratik,Reyna,Bind,18,19,7,10,1893.0,26,Loss,Gold
103166,2026-08-12,P020,Harsh,Sage,Bind,25,13,7,8,4389.0,30,Loss,Platinum
100414,2026-06-19,P015,Nikhil,Jett,Lotus,29,15,8,13,4848.0,29,Win,Bronze
101340,2026-03-12,P001,Shubham,Jett,Sunset,20,15,6,9,3316.0,26,Win,Gold
109390,2026-04-14,P016,Arjun,Phoenix,Ascent,26,8,6,10,4307.0,26,Win,Platinum
106051,2026-04-29,P014,Varun,Jett,Pearl,11,14,5,2,1272.0,20,Loss,Iron
108641,2026-03-20,P005,Akash,Sage,Ascent,14,12,7,3,1989.0,25,Loss,Diamond
107336,2026-08-30,P001,Shubham,Phoenix,Bind,16,11,3,10,2472.0,25,Loss,Platinum
104630,2026-02-23,P014,Varun,Raze,Split,27,14,9,7,3621.0,22,Loss,Platinum
109518,2026-05-11,P015,Nikhil,Sage,Icebox,24,17,7,9,3833.0,23,Win,Platinum
101469,2026-06-22,P004,Rohan,Gekko,Breeze,20,19,3,8,3467.0,24,Win,Gold
101710,2026-09-13,P015,Nikhil,Raze,Lotus,11,15,7,6,2207.0,19,Win,Silver
104423,2026-08-30,P001,Shubham,Raze,Ascent,38,17,6,21,5089.0,21,Loss,Gold
108751,2026-01-15,P003,Amit,Sage,Ascent,16,16,5,3,3208.0,24,Win,Ascendant
102271,2026-06-24,P014,Varun,Viper,Lotus,5,9,3,3,1004.0,26,Loss,Bronze
101583,2026-09-20,P017,Siddhant,Omen,Bind,24,17,8,9,4709.0,26,Win,Silver
101412,2026-05-20,P013,Ankit,Raze,Split,18,14,4,7,2900.0,22,Win,Platinum
109594,2026-01-11,P005,Akash,Viper,Haven,15,22,3,6,2242.0,30,Win,Bronze
109816,2026-08-31,P006,Vivek,Phoenix,Icebox,20,21,4,8,2610.0,23,Loss,Platinum
107907,2026-02-07,P019,Ritesh,Fade,Breeze,16,16,6,2,2106.0,26,Win,Gold
101722,2026-03-20,P003,Amit,Omen,Lotus,25,15,4,9,4047.0,20,Loss,Gold
102024,2026-03-03,P018,Manish,Sage,Split,26,9,6,5,3815.0,24,Loss,Bronze
102212,2026-05-25,P010,Pratik,Gekko,Lotus,14,12,5,6,2224.0,22,Loss,Gold
101507,2026-07-02,P016,Arjun,Fade,Icebox,5,12,4,3,956.0,29,Win,Iron
102622,2026-05-01,P005,Akash,Jett,Split,19,13,4,8,2401.0,22,Loss,Diamond
109646,2026-08-30,P015,Nikhil,Phoenix,Bind,17,15,9,7,1821.0,18,Loss,Bronze
109147,2026-07-20,P006,Vivek,Killjoy,Lotus,12,15,5,7,1984.0,23,Loss,Gold
101321,2026-04-21,P005,Akash,Phoenix,Ascent,11,17,6,5,1953.0,25,Win,Diamond
100842,2026-08-22,P016,Arjun,Omen,Pearl,16,17,9,3,1987.0,25,Loss,Diamond
101146,2026-01-30,P001,Shubham,Raze,Sunset,18,8,0,10,2639.0,28,Loss,Silver
103624,2026-05-06,P002,Rahul,Cypher,Icebox,19,17,9,10,1915.0,28,Loss,Gold
109298,2026-07-25,P002,Rahul,Cypher,Lotus,20,15,7,4,3814.0,22,Win,Ascendant
108119,2026-01-26,P016,Arjun,Reyna,Haven,28,10,3,14,4742.0,23,Loss,Immortal
109005,2026-08-08,P002,Rahul,Raze,Sunset,20,14,4,6,3344.0,25,Win,Silver
104702,2026-06-27,P010,Pratik,Gekko,Ascent,30,18,7,13,4925.0,30,Loss,Silver
100463,2026-04-11,P018,Manish,Brimstone,Sunset,19,12,4,9,2423.0,25,Loss,Bronze
101754,2026-09-24,P003,Amit,Cypher,Icebox,13,10,2,4,1517.0,20,Win,Ascendant
103979,2026-03-20,P010,Pratik,Jett,Ascent,16,10,3,1,1957.0,28,Win,Bronze
104607,2026-05-30,P011,Neeraj,Phoenix,Icebox,23,16,5,11,4207.0,26,Win,Platinum
109480,2026-01-26,P005,Akash,Sova,Lotus,6,9,5,5,1153.0,18,Loss,Diamond
107974,2026-09-28,P020,Harsh,Sova,Breeze,6,19,4,2,960.0,22,Loss,Platinum
104721,2026-07-22,P018,Manish,Fade,Pearl,10,12,3,5,1646.0,19,Win,Platinum
106349,2026-03-25,P019,Ritesh,Brimstone,Haven,18,17,4,8,2212.0,19,Win,Diamond
100378,2026-09-10,P003,Amit,Phoenix,Pearl,14,15,8,1,2167.0,26,Loss,Gold
103106,2026-06-14,P018,Manish,Jett,Ascent,12,5,0,5,1495.0,24,Loss,Iron
108233,2026-04-25,P011,Neeraj,Raze,Haven,4,15,7,1,662.0,21,Win,Platinum
101335,2026-01-21,P016,Arjun,Raze,Breeze,19,16,5,8,3333.0,27,Loss,Gold
101223,2026-08-22,P010,Pratik,Phoenix,Icebox,12,15,11,7,2088.0,24,Loss,Gold
109982,2026-01-05,P001,Shubham,Reyna,Ascent,17,9,9,7,3308.0,18,Win,Gold
102716,2026-05-12,P004,Rohan,Sova,Haven,18,15,4,7,2564.0,28,Loss,Gold
106805,2026-04-17,P013,Ankit,Reyna,Lotus,6,12,6,2,1024.0,27,Loss,Diamond
102952,2026-09-11,P001,Shubham,Brimstone,Split,20,16,2,5,3210.0,19,Loss,Diamond
101350,2026-08-07,P015,Nikhil,Raze,Ascent,18,15,9,9,2434.0,30,Win,Gold
101082,2026-01-15,P010,Pratik,Sova,Breeze,11,14,3,3,1206.0,28,Loss,Diamond
108711,2026-05-27,P020,Harsh,Reyna,Split,22,13,0,7,3696.0,30,Loss,Bronze
101811,2026-07-29,P009,Sahil,Phoenix,Lotus,19,14,3,12,2358.0,29,Win,Ascendant
104335,2026-04-28,P020,Harsh,Raze,Sunset,12,19,11,6,2089.0,25,Loss,Gold
101351,2026-03-17,P002,Rahul,Reyna,Bind,7,18,6,3,1147.0,22,Loss,Gold
105696,2026-07-21,P006,Vivek,Viper,Icebox,12,13,5,6,1630.0,28,Loss,Platinum
105344,2026-02-01,P013,Ankit,Omen,Haven,13,15,1,6,2551.0,28,Win,Ascendant
101894,2026-07-06,P011,Neeraj,Viper,Split,3,14,3,2,329.0,29,Win,Bronze
106670,2026-01-11,P016,Arjun,Killjoy,Lotus,7,12,11,3,1032.0,30,Loss,Diamond
100565,2026-08-13,P017,Siddhant,Cypher,Sunset,10,18,7,4,1641.0,29,Loss,Immortal
109179,2026-05-01,P018,Manish,Raze,Sunset,26,6,2,11,3024.0,19,Loss,Diamond
106723,2026-08-11,P006,Vivek,Gekko,Pearl,9,22,7,3,1349.0,26,Loss,Ascendant
103673,2026-02-28,P015,Nikhil,Omen,Bind,15,11,8,8,1936.0,21,Loss,Platinum
104387,2026-02-15,P016,Arjun,Gekko,Ascent,23,10,8,11,2761.0,23,Loss,Bronze
107579,2026-04-24,P019,Ritesh,Fade,Bind,20,13,1,9,3168.0,18,Win,Diamond
101212,2026-07-01,P003,Amit,Brimstone,Split,19,18,4,3,2946.0,20,Loss,Diamond
101189,2026-01-06,P013,Ankit,Phoenix,Icebox,12,9,5,3,1811.0,29,Win,Diamond
103999,2026-01-10,P016,Arjun,Viper,Lotus,13,12,3,6,1716.0,23,Loss,Silver
100898,2026-01-10,P005,Akash,Gekko,Breeze,15,11,6,11,2417.0,25,Loss,Platinum
104722,2026-07-11,P008,Aditya,Phoenix,Split,19,20,6,9,2872.0,21,Win,Gold
109469,2026-05-22,P018,Manish,Sage,Haven,18,14,2,8,2625.0,22,Loss,Silver
104623,2026-05-02,P004,Rohan,Viper,Bind,14,19,4,2,2185.0,22,Win,Diamond
109177,2026-06-23,P009,Sahil,Cypher,Pearl,21,20,4,8,2261.0,28,Loss,Platinum
103454,2026-03-17,P019,Ritesh,Jett,Lotus,12,13,7,7,2183.0,24,Win,Ascendant
103609,2026-04-22,P007,Karan,Fade,Pearl,23,12,2,8,2469.0,20,Loss,Immortal
109496,2026-03-11,P002,Rahul,Gekko,Split,22,12,2,4,3883.0,30,Win,Silver
108784,2026-04-04,P002,Rahul,Sage,Split,22,13,6,4,3987.0,27,Win,Diamond
109697,2026-07-10,P005,Akash,Chamber,Pearl,15,9,8,8,2638.0,19,Win,Platinum
104830,2026-01-06,P002,Rahul,Fade,Lotus,14,17,8,7,2111.0,18,Loss,Platinum
103952,2026-06-22,P003,Amit,Fade,Pearl,11,8,7,5,1677.0,24,Loss,Silver
108721,2026-06-02,P015,Nikhil,Viper,Lotus,17,16,7,12,2835.0,26,Loss,Ascendant
109554,2026-09-04,P015,Nikhil,Omen,Pearl,15,8,3,10,1685.0,26,Loss,Gold
102332,2026-06-23,P013,Ankit,Viper,Icebox,14,19,4,6,2029.0,21,Loss,Gold
105414,2026-01-09,P005,Akash,Omen,Haven,27,13,0,9,4309.0,30,Win,Gold
102262,2026-08-24,P008,Aditya,Omen,Icebox,19,9,5,4,1866.0,19,Loss,Bronze
106808,2026-04-28,P010,Pratik,Chamber,Icebox,14,14,3,7,2174.0,25,Win,Silver
105807,2026-03-26,P008,Aditya,Brimstone,Sunset,15,11,7,6,2663.0,24,Win,Ascendant
102595,2026-02-10,P014,Varun,Omen,Bind,31,6,5,18,3172.0,20,Win,Gold
107233,2026-09-06,P020,Harsh,Raze,Pearl,7,16,2,5,1022.0,29,Win,Gold
103593,2026-02-12,P010,Pratik,Viper,Ascent,19,12,7,5,3545.0,22,Win,Gold
109263,2026-05-25,P015,Nikhil,Brimstone,Haven,16,9,15,4,2735.0,18,Loss,Bronze
101030,2026-02-19,P018,Manish,Killjoy,Ascent,24,13,0,4,2832.0,21,Loss,Platinum
106889,2026-01-04,P006,Vivek,Raze,Ascent,19,16,2,8,2920.0,24,Win,Diamond
107132,2026-03-19,P012,Yash,Gekko,Ascent,3,12,5,2,466.0,22,Loss,Diamond
103774,2026-06-30,P018,Manish,Sage,Breeze,19,14,7,6,2391.0,25,Win,Platinum
106510,2026-05-24,P003,Amit,Sova,Haven,4,11,6,0,696.0,27,Win,Platinum
107361,2026-06-11,P003,Amit,Brimstone,Bind,9,9,2,4,1517.0,21,Loss,Silver
109799,2026-06-04,P001,Shubham,Phoenix,Haven,6,19,5,2,871.0,25,Loss,Gold
105403,2026-01-01,P012,Yash,Cypher,Split,15,11,9,5,2455.0,26,Loss,Platinum
107585,2026-03-04,P002,Rahul,Phoenix,Split,20,16,8,10,3415.0,30,Win,Platinum
101755,2026-04-19,P009,Sahil,Phoenix,Sunset,20,14,5,8,3289.0,30,Win,Gold
109955,2026-08-07,P017,Siddhant,Sova,Icebox,26,21,8,16,4940.0,22,Win,Silver
106556,2026-07-27,P016,Arjun,Omen,Breeze,24,11,10,9,3469.0,23,Win,Platinum
104181,2026-05-02,P009,Sahil,Phoenix,Bind,3,12,8,1,447.0,20,Win,Ascendant
100231,2026-05-28,P017,Siddhant,Reyna,Breeze,17,10,11,9,3082.0,27,Win,Gold
107663,2026-05-14,P017,Siddhant,Killjoy,Haven,19,14,3,7,1971.0,28,Win,Bronze
100110,2026-05-26,P013,Ankit,Chamber,Lotus,21,8,2,7,2670.0,30,Loss,Bronze
106975,2026-02-04,P010,Pratik,Killjoy,Breeze,22,9,5,5,2571.0,18,Win,Ascendant
106739,2026-07-13,P010,Pratik,Brimstone,Split,15,16,8,5,1979.0,22,Loss,Silver
102514,2026-02-21,P020,Harsh,Cypher,Lotus,17,19,9,6,3017.0,22,Loss,Platinum
109543,2026-05-28,P016,Arjun,Phoenix,Bind,21,13,6,10,3577.0,20,Win,Immortal
104299,2026-07-01,P011,Neeraj,Reyna,Ascent,23,12,4,5,4042.0,23,Loss,Bronze
107171,2026-03-28,P005,Akash,Sage,Sunset,11,17,3,1,1759.0,20,Loss,Platinum
102917,2026-08-05,P010,Pratik,Viper,Icebox,17,15,7,8,2024.0,19,Loss,Silver
105492,2026-02-27,P014,Varun,Omen,Sunset,20,15,5,7,3704.0,18,Loss,Platinum
102992,2026-04-01,P020,Harsh,Brimstone,Pearl,19,14,7,7,3065.0,29,Win,Diamond
102317,2026-05-10,P017,Siddhant,Reyna,Ascent,20,10,6,12,3178.0,26,Loss,Gold
104870,2026-07-07,P019,Ritesh,Jett,Bind,10,13,6,6,1586.0,21,Win,Diamond
107839,2026-02-01,P008,Aditya,Viper,Lotus,16,11,6,9,2124.0,20,Loss,Iron
107087,2026-04-13,P009,Sahil,Sage,Haven,11,14,0,2,2108.0,24,Win,Bronze
101515,2026-07-02,P001,Shubham,Fade,Haven,16,15,7,5,2964.0,27,Loss,Diamond
100216,2026-03-03,P005,Akash,Sage,Icebox,12,12,10,4,2293.0,27,Loss,Diamond
109232,2026-09-27,P006,Vivek,Brimstone,Icebox,12,11,5,5,2679.0,20,Loss,Ascendant
109080,2026-05-01,P007,Karan,Brimstone,Split,16,17,3,8,2190.0,18,Loss,Gold
108435,2026-04-09,P008,Aditya,Killjoy,Haven,10,14,0,5,1757.0,25,Loss,Platinum
102263,2026-09-03,P017,Siddhant,Raze,Lotus,14,16,11,9,2044.0,27,Win,Bronze
105351,2026-09-24,P012,Yash,Killjoy,Breeze,15,15,5,11,1428.0,28,Loss,Platinum
104522,2026-04-11,P012,Yash,Reyna,Ascent,23,11,8,11,3043.0,30,Win,Gold
108516,2026-05-11,P018,Manish,Omen,Bind,27,24,6,8,4359.0,30,Win,Gold
106037,2026-08-06,P013,Ankit,Sova,Sunset,18,20,2,10,3206.0,23,Win,Silver
100893,2026-07-01,P003,Amit,Viper,Breeze,23,11,3,8,2773.0,19,Win,Platinum
101490,2026-06-10,P007,Karan,Viper,Icebox,16,12,4,5,2691.0,22,Win,
103003,2026-06-11,P017,Siddhant,Raze,Haven,10,12,7,4,1098.0,19,Win,Bronze
101850,2026-08-28,P009,Sahil,Gekko,Breeze,10,13,3,2,1292.0,27,Loss,Immortal
108725,2026-06-12,P010,Pratik,Sova,Sunset,18,10,5,9,2570.0,29,Win,Diamond
104829,2026-01-31,P001,Shubham,Killjoy,Pearl,10,14,8,2,1761.0,24,Win,Diamond
100324,2026-01-18,P006,Vivek,Gekko,Lotus,10,18,4,4,1615.0,29,Win,Gold
101215,2026-02-10,P018,Manish,Killjoy,Haven,22,15,3,4,3871.0,23,Loss,Immortal
102899,2026-01-13,P001,Shubham,Brimstone,Breeze,6,25,5,0,801.0,27,Win,Silver
102933,2026-03-11,P004,Rohan,Viper,Icebox,25,8,5,10,4376.0,21,Win,Silver
103658,2026-01-27,P002,Rahul,Sage,Sunset,23,14,7,8,2830.0,24,Win,Gold
106914,2026-09-15,P008,Aditya,Killjoy,Lotus,21,10,8,5,3949.0,30,Win,Gold
108231,2026-09-09,P016,Arjun,Fade,Breeze,13,20,5,8,2078.0,23,Win,Diamond
106535,2026-04-07,P012,Yash,Cypher,Split,24,15,11,12,3867.0,27,Loss,Diamond
108605,2026-09-17,P001,Shubham,Viper,Lotus,11,16,5,2,1684.0,29,Loss,Ascendant
109774,2026-01-05,P014,Varun,Cypher,Breeze,21,13,8,9,4680.0,25,Loss,Gold
109744,2026-08-10,P014,Varun,Killjoy,Bind,10,9,2,4,1226.0,18,Loss,Platinum
101129,2026-02-11,P003,Amit,Reyna,Breeze,18,11,8,7,3114.0,20,Win,Gold
106649,2026-09-12,P019,Ritesh,Raze,Sunset,17,14,7,8,2690.0,22,Win,Gold
102918,2026-07-06,P006,Vivek,Sage,Icebox,8,18,4,4,1313.0,25,Loss,Bronze
103945,2026-09-24,P018,Manish,Cypher,Haven,18,13,3,5,2242.0,28,Win,Diamond
108826,2026-01-20,P011,Neeraj,Phoenix,Ascent,11,9,5,3,1607.0,21,Win,Gold
109116,2026-05-04,P018,Manish,Chamber,Icebox,27,11,2,13,4488.0,27,Loss,Ascendant
103869,2026-08-30,P011,Neeraj,Phoenix,Haven,8,19,6,4,1797.0,25,Win,Silver
104947,2026-02-06,P007,Karan,Jett,Bind,12,9,2,3,1886.0,27,Loss,Gold
100208,2026-05-02,P017,Siddhant,Chamber,Haven,16,15,4,4,1945.0,27,Win,Diamond
103254,2026-05-09,P009,Sahil,Chamber,Pearl,16,12,7,2,2522.0,25,Loss,Gold
102795,2026-02-15,P020,Harsh,Chamber,Breeze,8,9,6,2,1115.0,19,Win,Gold
104726,2026-04-11,P019,Ritesh,Raze,Split,22,16,5,5,2334.0,21,Win,Ascendant
108810,2026-08-18,P016,Arjun,Cypher,Breeze,8,6,1,5,972.0,29,Loss,Platinum
100798,2026-07-01,P011,Neeraj,Jett,Haven,22,12,4,8,4182.0,26,Win,Platinum
109124,2026-03-09,P012,Yash,Omen,Ascent,18,17,10,7,3708.0,28,Win,Immortal
100734,2026-04-21,P015,Nikhil,Brimstone,Split,28,15,4,8,3835.0,25,Loss,Gold
102244,2026-07-16,P012,Yash,Omen,Split,20,15,3,12,1968.0,24,Win,Gold
100178,2026-08-14,P001,Shubham,Sova,Icebox,16,17,2,9,2779.0,30,Loss,Silver
105857,2026-07-19,P013,Ankit,Phoenix,Haven,12,11,7,7,1148.0,30,Loss,Silver
109160,2026-05-24,P005,Akash,Cypher,Bind,21,11,4,11,3143.0,25,Loss,Gold
101174,2026-06-18,P006,Vivek,Reyna,Breeze,21,15,3,12,3237.0,29,Win,Gold
106673,2026-03-25,P010,Pratik,Sage,Pearl,22,15,9,12,3385.0,20,Win,Platinum
105875,2026-07-23,P015,Nikhil,Cypher,Icebox,10,15,9,2,2289.0,29,Loss,Platinum
101831,2026-06-12,P005,Akash,Raze,Pearl,15,17,0,10,2295.0,28,Loss,Diamond
108030,2026-02-24,P008,Aditya,,Breeze,8,12,1,3,530.0,20,Win,Ascendant
108276,2026-09-07,P007,Karan,Chamber,Lotus,15,6,7,8,2210.0,29,Win,Gold
107932,2026-06-30,P018,Manish,Phoenix,Pearl,3,14,3,0,416.0,20,Loss,Immortal
107300,2026-01-17,P018,Manish,Brimstone,Lotus,7,10,8,5,1325.0,25,Win,Diamond
108067,2026-01-28,P002,Rahul,Omen,Pearl,26,15,6,10,3353.0,24,Loss,Bronze
100198,2026-03-06,P004,Rohan,Brimstone,Bind,16,8,6,8,2193.0,20,Win,Platinum
107963,2026-04-26,P005,Akash,Omen,Icebox,17,18,5,6,2210.0,24,Win,Silver
105716,2026-04-08,P012,Yash,Viper,Bind,23,14,6,7,3628.0,21,Win,Gold
109303,2026-01-29,P019,Ritesh,Cypher,Haven,24,13,3,12,2051.0,23,Loss,Gold
101097,2026-04-08,P017,Siddhant,Reyna,Lotus,21,13,4,10,3025.0,25,Win,Silver
100548,2026-08-27,P004,Rohan,Brimstone,Lotus,9,10,5,4,1658.0,28,Win,Platinum
109133,2026-02-06,P015,Nikhil,Cypher,Sunset,26,20,13,9,3708.0,20,Loss,Gold
107011,2026-04-10,P010,Pratik,Omen,Ascent,31,15,5,9,6244.0,18,Win,Diamond
104343,2026-08-29,P008,Aditya,Phoenix,Haven,9,16,0,7,1368.0,20,Win,Gold
104572,2026-06-12,P017,Siddhant,Cypher,Split,19,16,11,3,2997.0,21,Loss,Ascendant
103369,2026-04-23,P014,Varun,Viper,Lotus,30,16,4,15,4582.0,28,Loss,Platinum
104770,2026-08-18,P010,Pratik,Fade,Ascent,11,19,4,9,1591.0,21,Win,Diamond
102532,2026-02-22,P020,Harsh,Phoenix,Ascent,18,15,2,6,3554.0,22,Loss,Gold
101634,2026-05-21,P001,Shubham,Raze,Split,22,17,6,10,3931.0,28,Win,Gold
102314,2026-04-19,P008,Aditya,Fade,Split,19,12,6,7,3125.0,24,Loss,Silver
107756,2026-07-10,P004,Rohan,Cypher,Ascent,6,13,2,0,616.0,20,Win,Platinum
106918,2026-01-05,P019,Ritesh,Chamber,Lotus,23,22,2,10,3016.0,27,Loss,Ascendant
105964,2026-07-26,P011,Neeraj,Sage,Lotus,20,18,7,10,3254.0,29,Loss,Platinum
102815,2026-06-29,P001,Shubham,Brimstone,Breeze,15,4,5,5,1965.0,24,Loss,Iron
103437,2026-04-06,P020,Harsh,Killjoy,Lotus,23,16,5,8,2855.0,26,Win,Bronze
109493,2026-09-12,P013,Ankit,Gekko,Lotus,18,16,5,6,2463.0,21,Win,Diamond
105438,2026-05-23,P009,Sahil,Phoenix,Ascent,23,28,5,7,4325.0,24,Loss,Platinum
100066,2026-01-25,P016,Arjun,Viper,Breeze,23,14,6,7,3711.0,19,Loss,Ascendant
109335,2026-01-29,P019,Ritesh,Raze,Bind,19,17,9,6,3794.0,25,Loss,Ascendant
100616,2026-04-17,P006,Vivek,Fade,Sunset,18,14,7,12,2416.0,24,Loss,Silver
101118,2026-04-04,P010,Pratik,Omen,Bind,15,16,7,3,2148.0,20,Loss,Silver
103260,2026-04-25,P005,Akash,Sage,Lotus,25,13,8,9,4242.0,21,Win,Gold
103401,2026-09-30,P005,Akash,Killjoy,Lotus,22,17,4,6,3349.0,23,Win,Diamond
103692,2026-04-12,P008,Aditya,Raze,Split,26,14,10,17,2847.0,26,Loss,Platinum
100937,2026-04-08,P018,Manish,Gekko,Icebox,22,11,5,8,3388.0,26,Loss,Immortal
106634,2026-08-12,P018,Manish,Killjoy,Bind,12,14,8,1,1555.0,21,Win,Silver
102572,2026-06-02,P006,Vivek,Omen,Pearl,15,15,10,11,2587.0,26,Loss,Gold
105718,2026-02-16,P004,Rohan,Raze,Split,24,21,11,5,3941.0,29,Loss,Ascendant
108630,2026-08-26,P018,Manish,Raze,Bind,27,6,7,5,4133.0,18,Loss,Gold
100622,2026-02-09,P004,Rohan,Viper,Breeze,13,14,10,4,1278.0,30,Win,Gold
101681,2026-06-26,P009,Sahil,Chamber,Ascent,20,17,6,3,2726.0,28,Win,Diamond
102126,2026-05-06,P014,Varun,Killjoy,Sunset,12,16,6,4,2143.0,27,Win,Bronze
100787,2026-02-07,P005,Akash,Raze,Pearl,16,19,6,7,2239.0,24,Loss,Platinum
103332,2026-02-12,P008,Aditya,Viper,Pearl,16,7,2,6,2290.0,24,Win,Platinum
105049,2026-06-01,P012,Yash,Cypher,Bind,14,15,6,8,2406.0,21,Win,Immortal
101092,2026-02-18,P002,Rahul,Sova,Breeze,22,18,2,13,4699.0,25,Win,Gold
103891,2026-04-25,P011,Neeraj,Reyna,Lotus,15,7,9,6,2694.0,24,Win,Gold
104332,2026-03-22,P015,Nikhil,Jett,Haven,11,16,3,4,966.0,28,Loss,Silver
105044,2026-01-31,P016,Arjun,Viper,Bind,16,17,7,5,2554.0,19,Loss,Gold
109240,2026-04-25,P016,Arjun,Gekko,Sunset,18,17,5,6,2803.0,23,Loss,Silver
106997,2026-08-11,P018,Manish,Killjoy,Icebox,16,13,8,6,2128.0,28,Loss,Gold
103280,2026-09-28,P020,Harsh,Phoenix,Bind,14,21,5,7,2124.0,20,Win,Gold
107051,2026-02-01,P009,Sahil,Reyna,Split,21,13,7,7,3482.0,27,Win,Platinum
102201,2026-06-10,P001,Shubham,Viper,Pearl,30,8,4,9,3260.0,20,Loss,Platinum
101160,2026-06-10,P015,Nikhil,Killjoy,Bind,23,21,6,10,3878.0,19,Win,Gold
105606,2026-01-24,P010,Pratik,Viper,Sunset,6,17,2,2,865.0,19,Loss,Platinum
103592,2026-07-18,P005,Akash,Chamber,Icebox,37,19,5,7,5426.0,30,Loss,Silver
103534,2026-05-12,P006,Vivek,Viper,Haven,21,6,10,10,3019.0,25,Loss,Silver
109711,2026-06-09,P019,Ritesh,Chamber,Ascent,24,14,5,8,2750.0,18,Win,Immortal
109196,2026-01-21,P002,Rahul,Brimstone,Haven,20,13,5,9,2675.0,20,Win,Silver
106472,2026-09-08,P017,Siddhant,Viper,Split,20,13,7,7,2385.0,21,Win,Platinum
100478,2026-02-04,P005,Akash,Chamber,Ascent,11,10,8,4,1318.0,21,Loss,Silver
101352,2026-04-24,P001,Shubham,Fade,Bind,32,13,6,9,4588.0,29,Win,Ascendant
104329,2026-07-17,P014,Varun,Jett,Haven,14,16,8,3,1963.0,27,Win,Silver
108437,2026-03-24,P013,Ankit,Chamber,Sunset,11,13,1,5,1443.0,19,Win,Gold
102647,2026-05-17,P002,Rahul,Jett,Ascent,9,9,1,4,1023.0,27,Win,Platinum
108478,2026-07-23,P010,Pratik,Raze,Bind,26,14,9,5,4392.0,23,Loss,Platinum
107955,2026-03-04,P001,Shubham,Jett,Split,14,15,7,7,2284.0,26,Win,
106308,2026-05-03,P015,Nikhil,Chamber,Haven,17,13,7,6,2216.0,19,Loss,Diamond
105192,2026-02-12,P003,Amit,Sova,Lotus,35,14,6,9,4230.0,26,Win,Gold
102589,2026-09-26,P002,Rahul,Sage,Sunset,23,13,6,8,3372.0,30,Loss,Gold
101033,2026-05-01,P013,Ankit,Chamber,Sunset,18,14,3,9,2989.0,20,Win,Platinum
104707,2026-07-18,P011,Neeraj,Reyna,Ascent,16,10,4,4,2733.0,20,Loss,Silver
105035,2026-02-07,P015,Nikhil,Brimstone,Breeze,4,12,9,1,650.0,21,Loss,Gold
102598,2026-06-02,P012,Yash,Fade,Breeze,25,11,0,8,3151.0,18,Loss,Diamond
104165,2026-03-17,P012,Yash,Omen,Breeze,20,19,8,9,3634.0,25,Loss,Immortal
104629,2026-07-27,P003,Amit,Reyna,Split,25,12,6,5,3462.0,24,Win,Immortal
108488,2026-04-25,P004,Rohan,Killjoy,Ascent,15,8,8,7,2544.0,28,Loss,Immortal
104472,2026-04-14,P018,Manish,Jett,Split,21,14,5,11,3317.0,27,Loss,Ascendant
107484,2026-09-06,P009,Sahil,Killjoy,Sunset,15,16,4,6,2038.0,29,Win,Gold
104692,2026-07-24,P009,Sahil,Cypher,Breeze,20,11,7,3,3643.0,19,Win,Ascendant
105608,2026-07-10,P009,Sahil,Fade,Icebox,19,9,10,4,2616.0,28,Win,Ascendant
103717,2026-02-18,P006,Vivek,Cypher,Haven,17,15,5,9,2094.0,30,Win,Platinum
104565,2026-06-27,P007,Karan,Phoenix,Icebox,17,14,10,9,2598.0,23,Loss,Platinum
103971,2026-02-07,P016,Arjun,Sage,Haven,21,12,4,6,3741.0,27,Loss,Diamond
103617,2026-07-02,P002,Rahul,Fade,Bind,6,12,4,3,1385.0,27,Loss,Immortal
101425,2026-02-13,P002,Rahul,Sage,Pearl,16,18,12,6,2050.0,29,Win,Diamond
107680,2026-04-09,P003,Amit,Jett,Ascent,7,14,7,3,1349.0,26,Loss,Iron
102919,2026-06-02,P005,Akash,Phoenix,Pearl,35,8,6,16,5894.0,23,Win,Silver
103819,2026-03-09,P002,Rahul,Killjoy,Icebox,18,22,3,6,2065.0,26,Loss,Diamond
101871,2026-09-06,P005,Akash,Sova,Icebox,10,10,4,5,2106.0,20,Win,Iron
107695,2026-08-01,P001,Shubham,Gekko,Sunset,5,9,0,2,1045.0,22,Loss,Ascendant
100480,2026-09-15,P018,Manish,Gekko,Split,27,15,3,5,5199.0,19,Loss,Diamond
104963,2026-05-30,P008,Aditya,Brimstone,Ascent,10,14,9,3,1168.0,21,Loss,Silver
109620,2026-09-06,P015,Nikhil,Sova,Pearl,23,10,3,10,4079.0,23,Loss,Diamond
102888,2026-01-20,P019,Ritesh,Omen,Ascent,24,15,7,9,3275.0,29,Win,Diamond
106717,2026-09-17,P008,Aditya,Gekko,Bind,22,23,7,12,2959.0,29,Loss,Bronze
106753,2026-02-15,P014,Varun,Jett,Breeze,16,13,4,9,2002.0,25,Loss,Gold
100527,2026-09-02,P019,Ritesh,Reyna,Lotus,6,14,4,2,845.0,19,Win,Platinum
104149,2026-04-21,P016,Arjun,Brimstone,Lotus,13,14,6,5,1972.0,29,Win,Silver
100722,2026-09-24,P012,Yash,Phoenix,Lotus,10,11,4,5,995.0,23,Win,Platinum
105144,2026-02-06,P016,Arjun,Viper,Icebox,17,14,3,7,2575.0,22,Loss,Gold
107048,2026-01-17,P020,Harsh,Raze,Sunset,18,11,7,3,3064.0,22,Loss,Diamond
100220,2026-06-12,P020,Harsh,Fade,Haven,16,19,5,3,2560.0,30,Win,Silver
109587,2026-05-24,P003,Amit,Reyna,Icebox,22,14,9,10,3992.0,29,Win,Platinum
101935,2026-01-31,P004,Rohan,Jett,Icebox,16,15,3,8,2394.0,18,Loss,Silver
100344,2026-06-15,P020,Harsh,Gekko,Breeze,6,19,13,4,1118.0,28,Loss,Ascendant
108350,2026-06-07,P001,Shubham,Cypher,Icebox,20,10,3,7,3091.0,28,Win,Platinum
104058,2026-02-22,P008,Aditya,Raze,Icebox,15,17,4,5,2290.0,22,Win,Gold
104098,2026-05-02,P007,Karan,Gekko,Lotus,12,20,5,3,1772.0,30,Win,Gold
104275,2026-02-03,P017,Siddhant,Gekko,Haven,27,16,3,15,3781.0,24,Win,Gold
104129,2026-04-05,P009,Sahil,Omen,Icebox,14,16,1,3,2038.0,21,Loss,Gold
105953,2026-04-10,P013,Ankit,Jett,Bind,20,16,1,5,2583.0,25,Loss,Diamond
106161,2026-04-20,P003,Amit,Reyna,Ascent,28,17,4,16,3725.0,20,Win,Silver
109173,2026-04-14,P007,Karan,Phoenix,Breeze,32,14,7,10,4960.0,18,Win,Platinum
105987,2026-02-11,P019,Ritesh,Jett,Lotus,7,16,10,2,997.0,23,Win,Gold
107067,2026-01-17,P004,Rohan,Reyna,Haven,21,22,2,14,2654.0,26,Loss,Diamond
106079,2026-03-15,P011,Neeraj,Gekko,Split,33,20,4,10,5523.0,29,Loss,Immortal
102391,2026-07-01,P017,Siddhant,Killjoy,Sunset,20,12,4,3,3121.0,26,Loss,Diamond
109252,2026-02-27,P010,Pratik,Brimstone,Haven,14,20,4,4,1803.0,27,Loss,Iron
108455,2026-07-29,P019,Ritesh,Omen,Icebox,24,14,5,13,3410.0,20,Loss,Gold
106482,2026-05-04,P004,Rohan,Brimstone,Haven,32,14,5,14,4033.0,18,Loss,Ascendant
101983,2026-02-13,P002,Rahul,Fade,Bind,22,17,9,9,3610.0,24,Win,Diamond
108264,2026-04-25,P008,Aditya,Brimstone,Icebox,27,6,1,6,5186.0,20,Win,Ascendant
101554,2026-08-30,P014,Varun,Raze,Ascent,28,11,10,8,5250.0,29,Loss,Platinum
109968,2026-08-23,P005,Akash,Omen,Icebox,20,15,5,5,2580.0,20,Win,Diamond
109114,2026-09-12,P008,Aditya,Chamber,Ascent,21,14,4,9,2756.0,19,Loss,Iron
109754,2026-03-15,P018,Manish,Phoenix,Bind,8,17,4,3,1619.0,23,Loss,Silver
104233,2026-09-19,P002,Rahul,Chamber,Haven,38,17,10,13,6500.0,30,Win,Ascendant
105092,2026-05-16,P020,Harsh,Sova,Split,20,9,10,12,3014.0,26,Loss,Gold
106885,2026-05-31,P014,Varun,Brimstone,Pearl,5,24,3,1,749.0,25,Win,Gold
106951,2026-07-09,P014,Varun,Brimstone,Split,19,20,9,6,2922.0,23,Loss,Silver
102881,2026-06-08,P009,Sahil,Gekko,Sunset,7,15,6,1,1004.0,26,Loss,Bronze
101677,2026-07-03,P010,Pratik,Jett,Icebox,18,11,8,6,2570.0,18,Win,Silver
105306,2026-05-14,P002,Rahul,Sova,Split,30,19,8,14,3753.0,25,Win,Diamond
101964,2026-01-27,P007,Karan,Chamber,Breeze,13,15,8,7,1553.0,22,Loss,Ascendant
100901,2026-08-09,P018,Manish,Sage,Breeze,31,13,6,9,3488.0,29,Win,Bronze
107163,2026-01-11,P006,Vivek,Phoenix,Split,14,18,12,5,1962.0,28,Loss,Diamond
103068,2026-08-18,P017,Siddhant,Reyna,Pearl,21,11,6,12,3208.0,27,Loss,Silver
102296,2026-03-01,P019,Ritesh,Sage,Ascent,20,13,4,8,2242.0,27,Win,Ascendant
106266,2026-09-19,P015,Nikhil,Chamber,Breeze,22,13,11,5,3412.0,18,Loss,Diamond
104220,2026-08-24,P012,Yash,Phoenix,Ascent,3,8,6,1,609.0,30,Win,Bronze
100296,2026-03-01,P007,Karan,Sova,Icebox,16,15,3,8,2281.0,24,Win,Bronze
108797,2026-09-12,P008,Aditya,Chamber,Haven,21,18,11,6,2149.0,18,Loss,Diamond
100057,2026-04-23,P019,Ritesh,Sova,Bind,15,14,3,5,2418.0,19,Loss,Diamond
107275,2026-03-06,P003,Amit,Chamber,Haven,7,17,11,2,803.0,22,Win,Diamond
109142,2026-06-22,P001,Shubham,Cypher,Split,29,15,1,10,4391.0,30,Loss,Platinum
102984,2026-06-15,P004,Rohan,Phoenix,Sunset,8,18,8,4,1290.0,22,Win,Bronze
100027,2026-04-09,P015,Nikhil,Sage,Sunset,23,12,8,8,3027.0,29,Loss,Gold
104428,2026-06-03,P018,Manish,Brimstone,Pearl,19,16,6,10,2052.0,26,Loss,Platinum
106715,2026-07-13,P006,Vivek,Brimstone,Lotus,21,20,6,11,2220.0,25,Win,Immortal
102676,2026-04-16,P015,Nikhil,Reyna,Bind,16,13,4,3,2784.0,22,Loss,Platinum
108479,2026-02-28,P004,Rohan,Jett,Breeze,3,19,5,1,555.0,27,Loss,Ascendant
105846,2026-01-13,P010,Pratik,Viper,Ascent,20,12,7,10,3025.0,19,Win,Bronze
105868,2026-01-29,P007,Karan,Killjoy,Haven,19,10,7,8,2650.0,28,Loss,Gold
106733,2026-07-18,P007,Karan,Sova,Bind,24,12,11,13,3179.0,23,Loss,Platinum
103248,2026-01-31,P004,Rohan,Phoenix,Ascent,13,14,5,3,1850.0,25,Win,Immortal
104504,2026-04-21,P012,Yash,Brimstone,Haven,26,16,4,16,4284.0,27,Loss,Platinum
103884,2026-03-25,P005,Akash,Fade,Lotus,12,15,4,2,2170.0,19,Loss,Immortal
107780,2026-08-26,P001,Shubham,Phoenix,Sunset,16,13,6,3,2144.0,21,Loss,Diamond
100295,2026-04-19,P002,Rahul,Gekko,Lotus,8,10,9,1,820.0,27,Loss,Bronze
103161,2026-02-22,P016,Arjun,Fade,Lotus,20,10,6,12,3418.0,20,Loss,Diamond
102580,2026-07-14,P002,Rahul,Brimstone,Bind,21,14,5,3,3493.0,21,Loss,Platinum
103870,2026-06-04,P019,Ritesh,Viper,Haven,8,21,1,3,1417.0,29,Win,Ascendant
106013,2026-06-11,P012,Yash,Reyna,Lotus,24,14,9,11,3147.0,19,Win,Gold
108943,2026-03-27,P009,Sahil,Brimstone,Split,15,6,2,8,2219.0,18,Win,Gold
105799,2026-03-10,P007,Karan,Killjoy,Split,29,11,4,12,4499.0,24,Loss,Diamond
100648,2026-06-08,P016,Arjun,Chamber,Haven,23,21,10,5,2894.0,26,Loss,Gold
101370,2026-05-17,P002,Rahul,Chamber,Lotus,10,10,0,6,1554.0,19,Loss,Diamond
109875,2026-05-26,P015,Nikhil,Gekko,Bind,19,17,5,2,2534.0,25,Win,Platinum
107025,2026-06-11,P001,Shubham,Phoenix,Breeze,3,8,4,3,583.0,18,Win,Immortal
109600,2026-01-14,P009,Sahil,Reyna,Pearl,22,8,0,4,3010.0,21,Loss,Gold
109060,2026-07-11,P010,Pratik,Gekko,Bind,21,10,10,13,2196.0,26,Win,Platinum
104734,2026-09-29,P015,Nikhil,Cypher,Bind,15,13,1,6,3301.0,29,Loss,Silver
104229,2026-09-16,P016,Arjun,Sage,Lotus,23,9,9,6,3644.0,18,Loss,Gold
100681,2026-05-26,P017,Siddhant,Reyna,Haven,14,15,3,6,2256.0,26,Win,Gold
100434,2026-09-27,P001,Shubham,Chamber,Ascent,8,11,8,3,1098.0,21,Loss,Gold
108061,2026-04-07,P011,Neeraj,Chamber,Sunset,24,16,6,13,2166.0,18,Win,Silver
104847,2026-05-15,P013,Ankit,Chamber,Sunset,26,17,1,7,3451.0,20,Loss,Platinum
106646,2026-04-14,P010,Pratik,Cypher,Bind,25,6,9,13,4559.0,22,Loss,Gold
103159,2026-09-26,P017,Siddhant,Gekko,Split,13,14,4,5,2127.0,25,Loss,Platinum
101489,2026-06-12,P011,Neeraj,Fade,Lotus,18,13,4,12,2599.0,28,Win,Silver
102987,2026-09-20,P020,Harsh,Fade,Bind,20,11,0,9,2891.0,22,Win,Silver
100812,2026-07-08,P009,Sahil,Sage,Haven,25,15,10,12,3374.0,21,Loss,Ascendant
101882,2026-02-09,P001,Shubham,Fade,Pearl,19,13,3,3,2938.0,27,Win,Bronze
108247,2026-06-01,P017,Siddhant,Gekko,Pearl,20,11,7,10,2729.0,22,Win,Ascendant
104960,2026-05-30,P020,Harsh,Fade,Pearl,24,19,3,10,3540.0,21,Win,Immortal
104317,2026-01-24,P004,Rohan,Reyna,Pearl,32,17,3,22,5356.0,19,Win,Bronze
101940,2026-02-28,P006,Vivek,Omen,Lotus,18,17,3,5,2533.0,23,Loss,Gold
103296,2026-08-09,P005,Akash,Reyna,Ascent,15,11,7,5,1762.0,19,Win,Platinum
103534,2026-05-12,P006,Vivek,Viper,Haven,21,6,10,10,3019.0,25,Loss,Silver
106315,2026-07-12,P001,Shubham,Gekko,Split,12,14,6,8,1897.0,25,Win,Platinum
103729,2026-09-11,P009,Sahil,Sage,Ascent,17,15,5,7,1502.0,28,Win,Diamond
106247,2026-05-23,P019,Ritesh,Fade,Haven,23,10,1,14,2865.0,22,Loss,Diamond
101612,2026-01-26,P011,Neeraj,Sova,Haven,12,14,3,2,1888.0,18,Loss,Bronze
101181,2026-06-14,P007,Karan,Reyna,Split,12,10,9,4,1567.0,30,Win,Gold
101375,2026-03-19,P016,Arjun,Gekko,Bind,17,13,0,6,2201.0,21,Win,Diamond
109243,2026-01-10,P018,Manish,Cypher,Bind,25,7,0,6,3664.0,26,Win,Gold
103946,2026-06-07,P012,Yash,Jett,Sunset,19,18,5,9,3089.0,24,Win,Bronze
102986,2026-03-02,P015,Nikhil,Fade,Icebox,26,12,6,12,3898.0,18,Win,Immortal
105235,2026-04-04,P007,Karan,Sage,Haven,21,19,5,12,3271.0,27,Loss,Platinum
100063,2026-09-24,P004,Rohan,Omen,Sunset,23,13,10,13,2373.0,25,Loss,Silver
100626,2026-06-21,P008,Aditya,Phoenix,Bind,19,13,10,6,2462.0,24,Win,Silver
104442,2026-08-01,P005,Akash,Fade,Split,29,14,7,8,2904.0,29,Win,Gold
101669,2026-07-07,P020,Harsh,Phoenix,Breeze,14,20,3,7,2137.0,19,Loss,Gold
102112,2026-04-16,P009,Sahil,Cypher,Breeze,21,8,7,10,2156.0,22,Win,Platinum
105831,2026-02-05,P013,Ankit,Gekko,Breeze,23,12,9,8,3330.0,30,Loss,Gold
104339,2026-04-05,P020,Harsh,Omen,Icebox,11,13,2,6,1622.0,18,Loss,Platinum
104076,2026-02-16,P007,Karan,Viper,Lotus,26,16,6,9,5613.0,24,Win,Diamond
106575,2026-05-16,P015,Nikhil,Raze,Ascent,17,6,5,12,1781.0,23,Loss,Silver
106237,2026-05-12,P001,Shubham,Viper,Split,30,14,6,13,2836.0,29,Loss,Platinum
100084,2026-06-27,P012,Yash,Cypher,Breeze,18,18,8,9,3152.0,29,Loss,Bronze
107019,2026-05-15,P011,Neeraj,Killjoy,Lotus,25,16,10,13,3684.0,27,Win,Diamond
101462,2026-03-02,P008,Aditya,Viper,Haven,16,12,7,7,2194.0,22,Win,Gold
102283,2026-05-30,P012,Yash,Cypher,Haven,12,11,7,3,2800.0,27,Loss,Gold
102887,2026-03-18,P014,Varun,Sova,Sunset,19,17,4,8,2346.0,19,Loss,Platinum
104429,2026-01-30,P009,Sahil,Sage,Ascent,26,10,12,11,2321.0,19,Win,Platinum
100684,2026-08-19,P017,Siddhant,Sage,Icebox,17,15,12,4,2858.0,23,Win,Platinum
105361,2026-07-09,P009,Sahil,Sage,Pearl,11,15,2,2,1554.0,23,Win,Gold
100418,2026-04-06,P016,Arjun,Cypher,Pearl,17,10,0,5,2071.0,27,Loss,Ascendant
107243,2026-04-01,P015,Nikhil,Phoenix,Ascent,10,16,3,4,1788.0,18,Win,Diamond
107384,2026-09-10,P018,Manish,Killjoy,Haven,17,8,0,6,1874.0,18,Win,Platinum
104273,2026-01-30,P012,Yash,Sage,Breeze,23,12,0,7,2144.0,26,Win,Gold
102709,2026-08-18,P008,Aditya,Gekko,Sunset,18,12,13,9,3471.0,28,Loss,Ascendant
102357,2026-03-27,P017,Siddhant,Viper,Breeze,19,17,6,11,3204.0,21,Loss,Platinum
107593,2026-03-04,P001,Shubham,Killjoy,Sunset,17,19,10,7,2922.0,23,Win,Ascendant
101366,2026-03-24,P014,Varun,Cypher,Bind,32,24,10,12,4095.0,27,Win,Immortal
106306,2026-02-24,P014,Varun,Brimstone,Bind,12,13,0,4,1264.0,28,Win,Gold
103916,2026-04-26,P018,Manish,Omen,Bind,14,18,7,4,1519.0,21,Win,Platinum
100293,2026-05-09,P019,Ritesh,Reyna,Icebox,13,10,3,5,1540.0,27,Loss,Bronze
102639,2026-09-10,P005,Akash,Gekko,Icebox,17,10,5,11,2646.0,24,Loss,Silver
109478,2026-06-12,P004,Rohan,Fade,Bind,11,16,8,6,1301.0,18,Win,Iron
109056,2026-07-09,P009,Sahil,Cypher,Split,15,22,7,7,2142.0,25,Loss,Ascendant
107908,2026-02-17,P013,Ankit,Chamber,Sunset,18,21,8,3,2655.0,21,Loss,Silver
102300,2026-03-02,P018,Manish,Viper,Breeze,12,14,4,3,1783.0,25,Win,Platinum
102938,2026-05-22,P012,Yash,Raze,Sunset,24,18,7,5,2768.0,18,Win,Diamond
105715,2026-01-18,P011,Neeraj,Sova,Haven,25,14,7,9,3650.0,27,Win,Iron
108677,2026-07-31,P001,Shubham,Raze,Ascent,11,12,2,5,2003.0,24,Loss,Platinum
107109,2026-06-10,P011,Neeraj,Killjoy,Lotus,22,10,2,11,4001.0,18,Loss,Diamond
101979,2026-09-30,P011,Neeraj,Phoenix,Pearl,22,11,0,5,3430.0,23,Loss,Platinum
103803,2026-05-03,P008,Aditya,Chamber,Icebox,21,11,7,6,3203.0,29,Loss,Platinum
104549,2026-08-26,P020,Harsh,Sova,Breeze,15,18,7,6,2994.0,21,Win,Platinum
104352,2026-08-17,P005,Akash,Fade,Icebox,14,18,4,7,1844.0,23,Win,Platinum
104587,2026-01-14,P001,Shubham,Reyna,Lotus,14,11,8,5,2574.0,20,Loss,Immortal
107562,2026-06-25,P013,Ankit,Raze,Haven,22,12,9,7,3921.0,27,Loss,
102280,2026-09-17,P005,Akash,Jett,Lotus,27,12,1,16,4219.0,22,Loss,Silver
105814,2026-01-16,P020,Harsh,Cypher,Bind,18,17,7,6,2198.0,19,Win,Iron
108558,2026-08-24,P001,Shubham,Fade,Haven,35,10,4,14,5646.0,22,Loss,Diamond
106696,2026-09-03,P005,Akash,Reyna,Breeze,12,5,4,1,2372.0,24,Win,Gold
106087,2026-07-02,P009,Sahil,Fade,Lotus,17,14,6,6,2320.0,19,Loss,Immortal
109829,2026-09-16,P008,Aditya,Chamber,Pearl,16,13,5,10,3134.0,21,Win,Diamond
101784,2026-01-03,P015,Nikhil,Jett,Bind,6,6,7,2,887.0,19,Loss,Bronze
103182,2026-06-05,P010,Pratik,Brimstone,Lotus,13,16,11,7,1504.0,25,Loss,Silver
100494,2026-09-22,P016,Arjun,Omen,Sunset,12,9,11,6,2173.0,26,Loss,Bronze
108225,2026-01-07,P014,Varun,Fade,Bind,29,15,2,9,5113.0,20,Loss,Diamond
102860,2026-06-20,P001,Shubham,Brimstone,Breeze,25,12,5,10,1983.0,24,Win,Silver
106064,2026-09-09,P009,Sahil,Chamber,Icebox,18,18,3,4,2205.0,23,Win,Gold
104041,2026-05-07,P006,Vivek,Sova,Sunset,16,20,9,5,3044.0,30,Loss,Diamond
107211,2026-08-11,P014,Varun,Gekko,Pearl,21,18,4,9,3268.0,30,Loss,Diamond
102897,2026-06-26,P019,Ritesh,Cypher,Split,20,18,11,6,3094.0,24,Win,Bronze
100366,2026-09-06,P008,Aditya,Phoenix,Bind,21,14,10,5,3927.0,30,Win,Bronze
100849,2026-03-07,P007,Karan,Phoenix,Haven,19,14,5,10,2742.0,26,Loss,Iron
108359,2026-05-24,P013,Ankit,Omen,Split,28,15,5,13,2556.0,29,Loss,Immortal
107366,2026-05-17,P018,Manish,Brimstone,Breeze,19,13,7,5,3369.0,26,Loss,Silver
104321,2026-04-14,P018,Manish,Sova,Pearl,10,13,5,4,1644.0,24,Win,Platinum
102653,2026-04-16,P017,Siddhant,Cypher,Bind,15,12,7,5,3008.0,24,Win,Gold
103503,2026-03-06,P018,Manish,Jett,Sunset,22,12,7,11,2687.0,28,Win,Platinum
101541,2026-04-24,P012,Yash,Gekko,Sunset,26,9,4,11,3051.0,25,Win,Platinum
104185,2026-09-30,P004,Rohan,Omen,Split,22,14,3,6,3460.0,20,Win,Ascendant
108885,2026-01-14,P017,Siddhant,Fade,Split,28,17,4,12,3241.0,20,Loss,Diamond
100322,2026-03-09,P013,Ankit,Raze,Haven,13,13,8,7,2677.0,30,Loss,Platinum
102031,2026-09-18,P009,Sahil,Omen,Breeze,15,16,4,9,2621.0,24,Win,Silver
100813,2026-05-23,P014,Varun,Raze,Icebox,19,18,3,3,1691.0,23,Win,Diamond
108103,2026-06-26,P015,Nikhil,Phoenix,Pearl,9,15,7,1,1488.0,27,Win,Bronze
109394,2026-01-11,P005,Akash,Fade,Pearl,22,14,9,11,2646.0,25,Loss,Platinum
101079,2026-05-10,P011,Neeraj,Cypher,Bind,25,18,10,13,4766.0,19,Win,Immortal
102226,2026-01-20,P007,Karan,Raze,Haven,18,15,3,2,3355.0,21,Loss,Ascendant
109155,2026-05-02,P016,Arjun,Killjoy,Split,10,13,7,2,1217.0,25,Win,Gold
105698,2026-08-07,P009,Sahil,Brimstone,Bind,15,16,8,5,2410.0,25,Loss,Silver
102705,2026-01-07,P004,Rohan,Raze,Icebox,22,16,8,10,3059.0,29,Win,Bronze
106887,2026-05-17,P010,Pratik,Killjoy,Split,12,9,1,6,1502.0,27,Win,Ascendant
106084,2026-07-23,P013,Ankit,Sage,Icebox,14,24,5,4,2444.0,29,Loss,Diamond
101164,2026-09-20,P002,Rahul,Omen,Split,27,13,6,14,3148.0,21,Win,Platinum
103261,2026-02-27,P017,Siddhant,Sage,Ascent,16,13,3,5,2740.0,26,Loss,Ascendant
104833,2026-03-17,P020,Harsh,Raze,Icebox,26,17,9,14,3486.0,18,Win,Gold
101450,2026-08-08,P018,Manish,Raze,Ascent,23,15,3,14,3658.0,23,Loss,Diamond
103862,2026-07-17,P020,Harsh,Jett,Icebox,24,9,10,13,3157.0,24,Win,Platinum
106131,2026-01-30,P014,Varun,Omen,Lotus,29,11,11,12,2943.0,20,Loss,Bronze
106915,2026-04-25,P006,Vivek,Cypher,Haven,16,12,5,7,1384.0,27,Win,Gold
107153,2026-05-19,P007,Karan,Sova,Bind,29,14,3,13,4115.0,26,Loss,Gold
109771,2026-01-04,P014,Varun,Chamber,Split,13,14,2,8,2582.0,28,Win,Gold
108165,2026-03-15,P006,Vivek,Fade,Ascent,11,16,1,6,1340.0,20,Loss,Gold
106243,2026-05-07,P018,Manish,Viper,Lotus,13,17,2,1,1819.0,27,Loss,Gold
108564,2026-03-23,P001,Shubham,Reyna,Bind,13,10,5,8,2557.0,26,Win,Ascendant
104511,2026-04-20,P018,Manish,Omen,Breeze,3,17,7,0,585.0,27,Loss,Diamond
104056,2026-08-26,P004,Rohan,Sova,Split,20,15,8,8,3375.0,24,Loss,Iron
109531,2026-02-14,P006,Vivek,Phoenix,Icebox,22,15,4,12,2884.0,21,Loss,Iron
102999,2026-05-01,P018,Manish,Phoenix,Ascent,20,15,9,9,3211.0,28,Win,Ascendant
109043,2026-08-05,P007,Karan,Sova,Icebox,9,18,2,5,1180.0,21,Win,Ascendant
101231,2026-07-07,P007,Karan,Killjoy,Sunset,11,13,5,5,1907.0,18,Win,Platinum
101514,2026-04-15,P009,Sahil,Gekko,Breeze,17,6,9,10,2920.0,18,Loss,Silver
102313,2026-05-29,P003,Amit,Raze,Ascent,21,21,10,4,3031.0,25,Win,Platinum
101451,2026-07-01,P020,Harsh,Phoenix,Split,14,12,6,2,1707.0,20,Win,Platinum
104467,2026-09-12,P014,Varun,Killjoy,Lotus,24,20,10,6,4430.0,22,Loss,Silver
107093,2026-09-03,P004,Rohan,Gekko,Bind,18,14,1,7,3165.0,19,Win,Silver
108550,2026-03-10,P005,Akash,Raze,Haven,17,17,6,9,2601.0,21,Win,Ascendant
105615,2026-05-28,P002,Rahul,Raze,Icebox,25,11,11,10,4646.0,22,Win,Silver
100838,2026-02-25,P018,Manish,Brimstone,Icebox,24,15,6,13,2949.0,28,Win,Diamond
109935,2026-03-26,P008,Aditya,Killjoy,Bind,17,13,6,6,2750.0,19,Win,Diamond
105457,2026-04-12,P013,Ankit,Raze,Ascent,30,11,3,9,4241.0,22,Win,Silver
106443,2026-08-28,P017,Siddhant,Cypher,Pearl,13,17,3,6,2378.0,22,Win,Silver
108522,2026-07-18,P018,Manish,Phoenix,Breeze,12,9,2,1,2272.0,30,Loss,Diamond
103567,2026-03-01,P020,Harsh,Sova,Bind,14,15,3,2,2436.0,23,Loss,Diamond
109283,2026-06-14,P009,Sahil,Viper,Bind,18,10,6,8,2001.0,29,Loss,Ascendant
103087,2026-09-29,P004,Rohan,Sova,Split,31,12,3,16,4991.0,29,Win,Bronze
109418,2026-04-05,P006,Vivek,Reyna,Sunset,19,18,4,8,3439.0,30,Loss,Platinum
101714,2026-01-22,P007,Karan,Fade,Breeze,29,12,5,7,5045.0,29,Loss,Ascendant
100339,2026-06-16,P005,Akash,Sova,Ascent,25,19,4,5,2670.0,27,Loss,Silver
106762,2026-02-21,P016,Arjun,Omen,Icebox,9,10,4,1,1458.0,19,Loss,Ascendant
105969,2026-02-11,P014,Varun,Chamber,Haven,12,10,4,4,1768.0,27,Win,Ascendant
105140,2026-05-06,P012,Yash,Brimstone,Pearl,14,12,9,6,2428.0,29,Win,Platinum
108137,2026-09-10,P008,Aditya,Cypher,Icebox,16,9,6,6,2695.0,23,Loss,Gold
105227,2026-02-09,P013,Ankit,Brimstone,Split,23,15,11,7,3325.0,24,Loss,Gold
100588,2026-07-28,P013,Ankit,Fade,Pearl,24,14,7,11,4370.0,28,Loss,Diamond
103365,2026-01-02,P012,Yash,Chamber,Breeze,12,19,1,2,1689.0,30,Win,Silver
102670,2026-05-01,P007,Karan,Gekko,Sunset,18,10,3,12,3017.0,22,Win,Gold
103589,2026-02-11,P004,Rohan,Cypher,Sunset,23,12,4,9,2800.0,27,Loss,Platinum
100034,2026-04-09,P001,Shubham,Sova,Pearl,20,16,6,10,2769.0,18,Win,Silver
100028,2026-08-27,P011,Neeraj,Brimstone,Bind,18,16,6,5,3143.0,29,Win,Platinum
107036,2026-03-24,P004,Rohan,Chamber,Lotus,13,18,6,2,2145.0,23,Loss,Gold
104606,2026-04-07,P020,Harsh,Fade,Lotus,23,17,2,7,4120.0,27,Win,Silver
102170,2026-08-21,P008,Aditya,Chamber,Haven,15,11,5,5,2850.0,30,Loss,Ascendant
108601,2026-05-24,P003,Amit,Brimstone,Lotus,17,9,8,3,2450.0,25,Win,Gold
104684,2026-07-05,P013,Ankit,Cypher,Bind,21,13,8,12,3204.0,30,Loss,Bronze
100889,2026-04-10,P017,Siddhant,Sage,Icebox,13,18,2,7,2249.0,22,Win,Ascendant
107383,2026-05-05,P006,Vivek,Reyna,Split,22,17,1,10,4137.0,20,Loss,Platinum
103322,2026-04-04,P003,Amit,Viper,Ascent,18,13,3,9,2375.0,20,Win,Diamond
109415,2026-06-05,P007,Karan,Reyna,Sunset,13,15,4,4,2307.0,30,Win,Diamond
103514,2026-04-13,P001,Shubham,Killjoy,Icebox,20,15,2,7,3453.0,25,Win,Diamond
104441,2026-03-17,P012,Yash,Brimstone,Lotus,14,8,0,3,1701.0,25,Win,Ascendant
108369,2026-03-13,P007,Karan,Gekko,Lotus,16,15,9,5,2652.0,29,Win,Platinum
105386,2026-03-15,P017,Siddhant,Viper,Icebox,8,15,0,2,1178.0,18,Win,Silver
103733,2026-03-09,P010,Pratik,Cypher,Pearl,18,10,6,6,2656.0,22,Loss,Platinum
109483,2026-06-14,P001,Shubham,Omen,Ascent,15,14,7,5,3096.0,23,Loss,Platinum
108354,2026-04-23,P016,Arjun,Phoenix,Bind,17,13,0,12,2641.0,26,Win,Platinum
101654,2026-03-03,P002,Rahul,Killjoy,Breeze,12,10,0,2,1872.0,23,Loss,Diamond
109910,2026-02-12,P009,Sahil,Sage,Sunset,16,16,9,10,2478.0,22,Win,Iron
100223,2026-03-16,P018,Manish,Cypher,Split,19,15,6,5,3316.0,22,Win,Silver
108644,2026-01-07,P019,Ritesh,Raze,Bind,30,16,4,19,4855.0,26,Win,Ascendant
105143,2026-09-03,P008,Aditya,Phoenix,Split,16,14,3,5,1769.0,18,Loss,Diamond
101590,2026-06-15,P018,Manish,Chamber,Ascent,24,18,1,14,2961.0,24,Loss,Platinum
106460,2026-04-02,P013,Ankit,Chamber,Icebox,13,15,2,5,1660.0,18,Win,Platinum
103256,2026-08-07,P017,Siddhant,Sage,Split,13,8,5,5,1896.0,24,Loss,Platinum
104641,2026-02-15,P001,Shubham,Brimstone,Sunset,3,16,8,1,671.0,29,Loss,Platinum
104792,2026-03-02,P013,Ankit,Fade,Breeze,21,20,4,5,2535.0,25,Loss,Silver
102181,2026-05-16,P013,Ankit,Killjoy,Bind,19,12,0,4,3100.0,27,Win,Platinum
106835,2026-08-15,P015,Nikhil,Gekko,Split,19,18,10,6,2786.0,28,Loss,Gold
105730,2026-03-03,P020,Harsh,Cypher,Breeze,17,6,2,9,3054.0,21,Loss,Bronze
106817,2026-07-29,P006,Vivek,Brimstone,Sunset,29,16,5,12,4600.0,29,Loss,Silver
108624,2026-08-04,P018,Manish,Cypher,Icebox,19,11,5,4,1891.0,21,Loss,Gold
101209,2026-08-25,P019,Ritesh,Fade,Lotus,18,13,2,14,3218.0,30,Win,Platinum
100421,2026-05-25,P009,Sahil,Chamber,Bind,23,14,10,8,3320.0,25,Loss,Silver
108759,2026-04-30,P007,Karan,Sova,Bind,11,14,15,4,2031.0,20,Loss,Diamond
101706,2026-05-29,P011,Neeraj,Viper,Ascent,23,13,10,5,3624.0,30,Win,Iron
101158,2026-08-12,P020,Harsh,Sova,Split,16,11,4,6,2779.0,27,Win,Silver
102306,2026-03-21,P006,Vivek,Killjoy,Sunset,24,11,7,11,2967.0,29,Loss,Platinum
100273,2026-08-18,P006,Vivek,Chamber,Lotus,20,15,9,9,2966.0,18,Win,Diamond
100171,2026-08-17,P007,Karan,Reyna,Bind,24,13,5,12,4073.0,30,Win,Gold
103956,2026-08-07,P016,Arjun,Killjoy,Breeze,19,15,5,9,3396.0,28,Loss,Diamond
104880,2026-08-24,P009,Sahil,Raze,Bind,3,14,6,2,382.0,28,Win,Gold
103188,2026-08-26,P011,Neeraj,Phoenix,Icebox,26,9,5,12,2947.0,28,Win,Platinum
108167,2026-06-18,P007,Karan,Chamber,Haven,17,7,4,1,2696.0,19,Loss,Platinum
106859,2026-02-14,P007,Karan,Chamber,Haven,29,17,1,9,5212.0,22,Loss,Ascendant
105681,2026-02-02,P010,Pratik,Cypher,Icebox,7,13,2,3,966.0,27,Win,Gold
101564,2026-02-27,P004,Rohan,Fade,Bind,18,13,1,11,2705.0,25,Win,Ascendant
101782,2026-08-08,P010,Pratik,Reyna,Ascent,25,9,4,7,4283.0,24,Win,Gold
100843,2026-04-20,P018,Manish,Brimstone,Split,13,14,3,4,1603.0,21,Win,Platinum
109364,2026-09-03,P012,Yash,Chamber,Sunset,22,13,1,13,3176.0,21,Loss,Platinum
106072,2026-07-28,P001,Shubham,Sage,Lotus,9,19,7,6,1061.0,23,Loss,Platinum
100904,2026-03-21,P007,Karan,Cypher,Bind,20,16,4,8,2619.0,28,Win,Platinum
105938,2026-07-28,P002,Rahul,Killjoy,Ascent,22,14,9,13,2097.0,22,Win,Bronze
109690,2026-09-28,P017,Siddhant,Omen,Pearl,17,9,9,3,3706.0,20,Loss,Diamond
106669,2026-01-01,P013,Ankit,Fade,Bind,13,10,1,3,2694.0,30,Win,Bronze
101547,2026-07-17,P017,Siddhant,Phoenix,Pearl,26,18,3,9,2795.0,21,Loss,Gold
102080,2026-08-24,P016,Arjun,Omen,Split,3,17,6,0,499.0,24,Win,Gold
104509,2026-08-25,P006,Vivek,Chamber,Icebox,21,14,6,8,3334.0,27,Win,Gold
103985,2026-09-15,P008,Aditya,Omen,Lotus,3,18,5,1,455.0,26,Loss,Bronze
106418,2026-08-03,P006,Vivek,Phoenix,Haven,13,16,3,4,2574.0,19,Win,Platinum
105261,2026-06-24,P008,Aditya,Cypher,Icebox,12,20,6,10,1176.0,18,Loss,Platinum
107032,2026-03-20,P017,Siddhant,Reyna,Breeze,29,11,2,11,3337.0,21,Win,Gold
106597,2026-08-10,P017,Siddhant,Sage,Icebox,9,10,3,2,1411.0,24,Win,Gold
108224,2026-09-18,P018,Manish,Raze,Bind,19,17,9,4,4071.0,24,Loss,Ascendant
103820,2026-06-03,P012,Yash,Gekko,Pearl,20,19,6,10,2858.0,25,Win,Diamond
102646,2026-02-07,P018,Manish,Fade,Breeze,5,12,7,2,645.0,25,Loss,Ascendant
104475,2026-04-18,P002,Rahul,Phoenix,Haven,18,9,4,9,2077.0,22,Loss,Immortal
109505,2026-03-05,P004,Rohan,Brimstone,Icebox,15,10,1,7,2337.0,28,Loss,Diamond
105125,2026-01-06,P015,Nikhil,Fade,Bind,17,14,7,7,2178.0,29,Win,Diamond
109704,2026-05-29,P006,Vivek,Viper,Lotus,3,13,9,1,674.0,21,Loss,Diamond
107037,2026-09-14,P005,Akash,Reyna,Icebox,9,11,2,0,1359.0,25,Loss,Platinum
107798,2026-03-06,P017,Siddhant,Cypher,Haven,22,16,9,6,4656.0,21,Loss,Ascendant
102155,2026-03-05,P009,Sahil,Phoenix,Sunset,29,16,6,18,4604.0,23,Loss,Platinum
106743,2026-01-03,P017,Siddhant,Reyna,Breeze,17,16,7,10,2626.0,30,Loss,Diamond
103715,2026-09-12,P020,Harsh,Cypher,Pearl,9,14,3,6,916.0,28,Loss,Diamond
104057,2026-06-23,P017,Siddhant,Chamber,Pearl,21,9,7,4,3426.0,27,Loss,Diamond
105979,2026-09-23,P002,Rahul,Killjoy,Haven,24,9,9,6,4715.0,19,Loss,Bronze
103102,2026-06-08,P007,Karan,Fade,Sunset,13,13,7,7,3010.0,29,Loss,Diamond
100558,2026-04-15,P010,Pratik,Cypher,Pearl,26,13,6,7,4338.0,25,Win,Platinum
104631,2026-04-14,P001,Shubham,Killjoy,Bind,19,14,2,12,2158.0,19,Loss,Diamond
104712,2026-09-24,P017,Siddhant,Jett,Ascent,15,12,3,9,3040.0,27,Loss,Bronze
101436,2026-03-21,P006,Vivek,Raze,Pearl,19,11,4,8,2724.0,24,Loss,Bronze
100507,2026-08-16,P002,Rahul,Viper,Breeze,12,16,1,6,1577.0,26,Win,Immortal
101869,2026-03-11,P015,Nikhil,Fade,Lotus,15,16,7,7,2226.0,23,Win,Silver
100755,2026-03-25,P002,Rahul,Sova,Pearl,18,22,5,7,2819.0,22,Loss,Ascendant
106637,2026-03-28,P012,Yash,Reyna,Sunset,16,7,9,9,2064.0,19,Loss,Ascendant
104050,2026-09-14,P012,Yash,Chamber,Ascent,3,24,2,0,441.0,24,Win,Platinum
106466,2026-05-03,P005,Akash,Cypher,Pearl,17,13,2,10,1494.0,19,Win,Platinum
103836,2026-01-17,P015,Nikhil,Raze,Pearl,18,10,2,6,1916.0,21,Win,Gold
102118,2026-01-25,P010,Pratik,Brimstone,Sunset,19,9,7,10,3630.0,29,Win,Gold
106180,2026-09-18,P017,Siddhant,Chamber,Icebox,15,17,6,8,2514.0,26,Win,Bronze
107012,2026-05-16,P011,Neeraj,Sova,Haven,18,15,1,9,2701.0,29,Win,Gold
100501,2026-08-08,P006,Vivek,Cypher,Ascent,26,15,5,15,3479.0,26,Win,Platinum
109221,2026-07-19,P020,Harsh,Raze,Ascent,10,18,8,6,1220.0,29,Win,Gold
105885,2026-08-07,P008,Aditya,Killjoy,Lotus,10,9,4,3,1856.0,21,Win,Platinum
101539,2026-02-10,P018,Manish,Sova,Split,14,16,9,7,2194.0,28,Loss,Gold
106169,2026-02-02,P012,Yash,Cypher,Haven,10,12,11,3,1498.0,29,Win,Gold
101211,2026-08-25,P019,Ritesh,Omen,Lotus,15,14,8,6,2701.0,23,Win,Diamond
109141,2026-07-26,P011,Neeraj,Gekko,Split,13,13,6,7,2066.0,26,Loss,Gold
100672,2026-08-19,P012,Yash,Killjoy,Sunset,11,18,1,5,1297.0,26,Loss,Gold
103377,2026-03-21,P003,Amit,Jett,Haven,17,15,8,5,3401.0,28,Loss,Silver
108802,2026-03-06,P020,Harsh,Cypher,Bind,11,20,4,1,1669.0,26,Win,Diamond
101464,2026-08-28,P019,Ritesh,Sova,Ascent,23,10,2,7,3784.0,22,Win,Ascendant
101192,2026-04-09,P019,Ritesh,Cypher,Lotus,16,18,13,5,2529.0,30,Loss,Diamond
107017,2026-09-18,P007,Karan,Cypher,Sunset,19,15,3,8,3312.0,18,Win,Gold
101872,2026-01-24,P017,Siddhant,Omen,Split,7,10,6,3,830.0,20,Loss,Diamond
103590,2026-06-24,P007,Karan,Brimstone,Bind,16,8,5,2,2994.0,19,Win,Gold
107144,2026-07-21,P002,Rahul,Brimstone,Icebox,17,5,3,2,2788.0,22,Loss,Ascendant
100505,2026-08-21,P012,Yash,Reyna,Lotus,19,14,6,8,3238.0,29,Loss,Immortal
108153,2026-05-04,P015,Nikhil,Jett,Breeze,25,14,0,6,3320.0,21,Win,Platinum
100506,2026-09-26,P018,Manish,Viper,Split,12,14,2,1,2090.0,24,Loss,Platinum
108318,2026-01-08,P002,Rahul,Gekko,Haven,18,13,9,10,2534.0,27,Win,Gold
108537,2026-05-02,P015,Nikhil,Jett,Breeze,25,9,7,6,4890.0,25,Loss,Platinum
104689,2026-07-26,P019,Ritesh,Jett,Split,9,12,8,2,1247.0,23,Win,Gold
106444,2026-08-14,P010,Pratik,Fade,Sunset,19,9,1,9,3393.0,26,Loss,Gold
101773,2026-01-05,P016,Arjun,Chamber,Icebox,31,12,6,9,5454.0,18,Win,Gold
105684,2026-05-12,P016,Arjun,Phoenix,Haven,10,16,4,4,926.0,22,Loss,Platinum
108169,2026-04-09,P013,Ankit,Reyna,Bind,25,12,8,11,2954.0,19,Loss,Silver
100797,2026-01-19,P007,Karan,Sova,Split,26,16,2,12,4065.0,30,Win,Silver
107157,2026-02-01,P013,Ankit,Fade,Ascent,20,18,1,5,3015.0,25,Win,Ascendant
107103,2026-08-31,P001,Shubham,Brimstone,Lotus,17,14,7,6,3313.0,28,Loss,Ascendant
102829,2026-03-09,P007,Karan,Fade,Breeze,17,10,3,10,3290.0,21,Loss,Platinum
109338,2026-04-02,P016,Arjun,Sova,Pearl,9,13,2,6,1033.0,29,Win,Diamond
108756,2026-02-13,P005,Akash,Sova,Breeze,8,12,4,4,1629.0,26,Win,Ascendant
100312,2026-06-30,P017,Siddhant,Reyna,Split,32,14,2,12,5781.0,24,Loss,Gold
100746,2026-07-27,P004,Rohan,Killjoy,Ascent,23,22,7,11,4184.0,22,Loss,Silver
103569,2026-07-28,P003,Amit,Killjoy,Icebox,18,16,2,4,2863.0,27,Win,Ascendant
100790,2026-07-09,P006,Vivek,Sova,Ascent,13,17,5,4,2077.0,25,Win,Silver
102476,2026-09-23,P013,Ankit,Omen,Ascent,12,12,4,6,1716.0,25,Win,Gold
109344,2026-01-12,P013,Ankit,Cypher,Split,7,10,3,1,1448.0,28,Win,Diamond
102570,2026-08-08,P006,Vivek,Phoenix,Bind,21,12,10,16,2887.0,30,Win,Ascendant
100270,2026-02-23,P011,Neeraj,Killjoy,Icebox,4,14,5,3,926.0,27,Win,Diamond
105239,2026-08-19,P007,Karan,Jett,Split,12,14,6,8,1495.0,19,Win,Diamond
102163,2026-05-10,P003,Amit,Gekko,Pearl,26,22,4,9,2259.0,29,Loss,Diamond
106607,2026-07-16,P007,Karan,Phoenix,Split,21,16,4,5,2197.0,18,Loss,Silver
106364,2026-04-25,P019,Ritesh,Brimstone,Split,13,12,4,5,1938.0,19,Win,Gold
100380,2026-01-11,P017,Siddhant,Phoenix,Ascent,15,20,6,5,1377.0,24,Win,Platinum
106118,2026-09-04,P005,Akash,Sage,Bind,12,14,5,8,2228.0,27,Win,Diamond
101292,2026-08-07,P009,Sahil,Sage,Ascent,21,15,3,2,2143.0,18,Win,Ascendant
101912,2026-01-18,P005,Akash,Brimstone,Split,16,15,8,9,2277.0,28,Win,Gold
100599,2026-08-24,P011,Neeraj,Fade,Sunset,17,16,11,9,1981.0,19,Win,Bronze
103892,2026-06-20,P012,Yash,Raze,Split,18,13,2,4,2555.0,19,Win,Silver
104141,2026-09-14,P015,Nikhil,Raze,Bind,20,9,5,9,3136.0,27,Win,Platinum
101652,2026-05-24,P012,Yash,Sova,Lotus,3,10,1,3,402.0,18,Win,Platinum
108619,2026-03-04,P013,Ankit,Gekko,Haven,13,12,4,9,1644.0,24,Loss,Silver
101893,2026-08-08,P013,Ankit,Phoenix,Lotus,23,17,4,11,2806.0,25,Loss,Iron
101944,2026-06-30,P002,Rahul,Cypher,Sunset,14,10,5,9,2350.0,23,Loss,Ascendant
103395,2026-06-14,P001,Shubham,Omen,Lotus,14,15,8,6,1899.0,30,Win,Silver
105504,2026-02-19,P011,Neeraj,Fade,Icebox,14,17,5,6,2705.0,28,Win,Iron
109876,2026-01-31,P018,Manish,Sova,Breeze,6,7,5,4,1275.0,24,Win,Platinum
100375,2026-04-16,P012,Yash,Omen,Sunset,22,21,1,11,2841.0,27,Win,Diamond
101966,2026-08-10,P015,Nikhil,Raze,Icebox,14,17,5,7,1063.0,27,Loss,Platinum
103957,2026-03-16,P009,Sahil,Viper,Lotus,18,11,2,9,2138.0,28,Loss,Iron
107168,2026-06-06,P020,Harsh,Gekko,Lotus,16,13,7,6,2090.0,18,Loss,Iron
107512,2026-06-23,P009,Sahil,Sage,Bind,21,17,3,9,2426.0,28,Win,Platinum
106428,2026-09-22,P020,Harsh,Viper,Lotus,20,21,8,5,3425.0,24,Loss,Immortal
105186,2026-06-24,P011,Neeraj,Sage,Sunset,19,16,13,6,2436.0,24,Win,Platinum
105313,2026-04-27,P015,Nikhil,Reyna,Split,21,16,6,8,3784.0,25,Loss,Diamond
101471,2026-01-14,P020,Harsh,Cypher,Breeze,20,17,6,6,3052.0,22,Win,Gold
103346,2026-02-13,P002,Rahul,Phoenix,Ascent,19,18,5,11,2794.0,20,Loss,Bronze
106282,2026-01-31,P002,Rahul,Phoenix,Breeze,3,14,9,3,558.0,19,Win,Silver
102853,2026-01-02,P004,Rohan,Phoenix,Haven,18,17,4,7,3080.0,26,Win,Platinum
109730,2026-09-01,P013,Ankit,Phoenix,Haven,9,11,4,4,1177.0,18,Win,Platinum
109795,2026-09-21,P001,Shubham,Jett,Breeze,19,15,8,8,2565.0,26,Win,Iron
106489,2026-09-24,P011,Neeraj,Omen,Pearl,25,16,7,11,4907.0,29,Win,Diamond
104062,2026-03-13,P016,Arjun,Phoenix,Lotus,17,12,6,11,2451.0,25,Win,Gold
104818,2026-06-16,P011,Neeraj,Sage,Pearl,21,8,6,6,3507.0,29,Win,Ascendant
104306,2026-06-23,P013,Ankit,Cypher,Sunset,19,11,3,8,1821.0,22,Loss,Silver
104900,2026-03-21,P020,Harsh,Phoenix,Split,18,11,5,13,2168.0,26,Loss,Immortal
107282,2026-03-02,P011,Neeraj,Gekko,Sunset,16,16,5,7,2148.0,19,Loss,Ascendant
105298,2026-05-08,P002,Rahul,Sova,Lotus,17,14,9,12,2831.0,25,Win,Platinum
103990,2026-06-08,P012,Yash,Brimstone,Pearl,3,8,5,1,615.0,20,Loss,Bronze
101049,2026-09-03,P007,Karan,Sova,Breeze,10,21,9,7,824.0,21,Win,Platinum
106204,2026-01-23,P002,Rahul,Sova,Split,30,12,4,11,3658.0,20,Win,Platinum
105354,2026-05-11,P017,Siddhant,Raze,Split,24,9,7,5,3331.0,26,Loss,Silver
107899,2026-04-17,P011,Neeraj,Sage,Ascent,18,15,0,4,3087.0,25,Loss,Gold
102035,2026-03-18,P018,Manish,Raze,Ascent,27,20,6,9,3014.0,24,Loss,Immortal
104039,2026-04-05,P018,Manish,Sage,Icebox,27,15,5,6,2140.0,25,Win,Platinum
105257,2026-05-15,P015,Nikhil,Gekko,Lotus,8,14,1,6,1337.0,23,Loss,Immortal
109373,2026-04-23,P014,Varun,Gekko,Ascent,8,16,8,3,1687.0,19,Win,Diamond
101972,2026-02-28,P014,Varun,Sova,Ascent,27,13,5,9,5200.0,25,Loss,Diamond
107567,2026-09-21,P003,Amit,Cypher,Haven,17,12,6,8,2757.0,19,Win,Gold
102099,2026-02-01,P004,Rohan,Sova,Pearl,15,8,5,8,2170.0,21,Win,Gold
101499,2026-08-26,P012,Yash,Reyna,Ascent,26,10,4,9,3624.0,19,Loss,Platinum
108180,2026-02-14,P007,Karan,Chamber,Bind,22,10,4,7,3285.0,30,Win,Bronze
100652,2026-08-31,P006,Vivek,Chamber,Lotus,7,14,7,6,1315.0,24,Loss,Gold
100170,2026-04-04,P012,Yash,Brimstone,Ascent,20,16,5,8,2163.0,26,Win,Gold
104085,2026-03-12,P012,Yash,Sage,Lotus,22,11,7,6,3486.0,19,Win,Diamond
100242,2026-05-12,P018,Manish,Raze,Split,29,12,4,15,4483.0,24,Win,Gold
105736,2026-05-03,P004,Rohan,Raze,Bind,15,9,2,6,3701.0,23,Win,Ascendant
104371,2026-03-19,P006,Vivek,Omen,Ascent,11,15,11,4,2001.0,21,Win,Diamond
108484,2026-02-09,P002,Rahul,Omen,Split,33,16,5,10,4349.0,18,Loss,Platinum
102756,2026-03-30,P005,Akash,Sova,Ascent,25,11,1,7,1849.0,23,Win,Gold
108521,2026-04-02,P014,Varun,Viper,Sunset,9,14,6,4,1626.0,25,Win,Gold
105471,2026-08-26,P019,Ritesh,Gekko,Lotus,16,13,7,4,2259.0,25,Loss,Ascendant
102076,2026-08-16,P019,Ritesh,Gekko,Breeze,23,13,0,12,3802.0,27,Win,Diamond
104103,2026-01-01,P002,Rahul,Phoenix,Lotus,30,13,4,8,5302.0,23,Loss,Ascendant
109579,2026-07-25,P005,Akash,Brimstone,Haven,20,12,4,6,3098.0,23,Win,Bronze
107468,2026-01-27,P013,Ankit,Viper,Icebox,22,21,1,8,2384.0,27,Loss,Diamond
107358,2026-08-27,P011,Neeraj,Viper,Split,10,13,7,4,1632.0,20,Loss,Platinum
104918,2026-07-12,P001,Shubham,Jett,Split,16,19,11,3,2197.0,23,Loss,Diamond
105123,2026-01-06,P001,Shubham,Omen,Sunset,7,10,4,4,1373.0,20,Loss,Iron
109593,2026-02-16,P012,Yash,Chamber,Bind,22,17,8,4,3788.0,25,Loss,Immortal
104836,2026-01-25,P006,Vivek,Cypher,Pearl,25,13,5,6,3622.0,18,Loss,Iron
109392,2026-01-17,P011,Neeraj,Brimstone,Haven,14,16,7,6,1850.0,27,Win,Gold
107770,2026-07-04,P011,Neeraj,Sage,Ascent,14,11,2,9,1637.0,18,Win,Diamond
105371,2026-03-15,P015,Nikhil,Brimstone,Bind,17,17,8,5,2259.0,25,Win,Silver
105224,2026-08-02,P019,Ritesh,Cypher,Split,15,11,1,7,2210.0,30,Win,Diamond
108344,2026-03-14,P004,Rohan,Sova,Bind,20,12,6,13,3337.0,19,Win,Platinum
104078,2026-05-20,P001,Shubham,Killjoy,Lotus,23,17,4,12,2723.0,29,Win,Platinum
100640,2026-07-13,P011,Neeraj,Jett,Breeze,11,18,10,2,1351.0,18,Win,Immortal
101270,2026-05-19,P016,Arjun,Sage,Ascent,15,14,4,9,1702.0,30,Win,Ascendant
102778,2026-09-23,P006,Vivek,Gekko,Icebox,4,10,7,0,830.0,22,Win,Gold
108117,2026-01-10,P005,Akash,Viper,Sunset,16,15,6,4,2235.0,22,Loss,Silver
103861,2026-04-24,P013,Ankit,Cypher,Bind,21,9,6,11,2680.0,27,Loss,Ascendant
103480,2026-04-11,P009,Sahil,Raze,Breeze,11,14,0,5,1982.0,20,Loss,Silver
101534,2026-04-23,P019,Ritesh,Brimstone,Sunset,24,18,8,11,3219.0,19,Win,Gold
100325,2026-03-10,P005,Akash,Brimstone,Haven,14,17,3,7,2358.0,24,Loss,Diamond
102338,2026-01-23,P002,Rahul,Fade,Sunset,22,14,7,6,4322.0,21,Win,Silver
103980,2026-05-11,P006,Vivek,Phoenix,Split,17,13,4,3,3011.0,30,Win,Platinum
107835,2026-04-24,P008,Aditya,Raze,Ascent,12,11,9,6,2325.0,21,Loss,Gold
104054,2026-04-01,P016,Arjun,Omen,Split,12,11,5,7,2009.0,25,Loss,Bronze
102237,2026-07-29,P014,Varun,Killjoy,Sunset,3,17,3,1,533.0,28,Loss,Platinum
107139,2026-06-16,P016,Arjun,Killjoy,Split,17,10,7,11,2636.0,29,Win,Ascendant
109688,2026-04-13,P009,Sahil,Omen,Ascent,22,21,5,14,2610.0,21,Loss,Platinum
104766,2026-04-09,P003,Amit,Omen,Pearl,4,16,1,1,772.0,23,Loss,Gold
100864,2026-08-18,P005,Akash,Sova,Pearl,5,12,11,1,679.0,25,Loss,Silver
105711,2026-06-18,P011,Neeraj,Sage,Split,19,12,3,8,2722.0,26,Loss,Iron
108314,2026-03-04,P005,Akash,Gekko,Split,15,14,10,10,2758.0,30,Loss,Silver
105225,2026-09-09,P017,Siddhant,Phoenix,Bind,22,14,8,5,3820.0,22,Win,Immortal
100371,2026-04-13,P003,Amit,Gekko,Bind,20,12,5,9,3087.0,26,Loss,Silver
106325,2026-04-17,P015,Nikhil,Chamber,Split,16,8,8,8,1858.0,19,Loss,Platinum
105576,2026-01-03,P006,Vivek,Jett,Sunset,16,14,7,7,2367.0,20,Win,Gold
105749,2026-05-04,P012,Yash,Jett,Icebox,21,7,6,12,2956.0,21,Win,Silver
106982,2026-04-07,P003,Amit,Gekko,Ascent,25,12,9,11,2932.0,27,Loss,Diamond
109306,2026-08-01,P015,Nikhil,Gekko,Bind,11,9,9,6,1942.0,24,Loss,Diamond
109596,2026-03-24,P016,Arjun,Raze,Icebox,30,7,1,11,4996.0,30,Win,Gold
102364,2026-01-11,P016,Arjun,Sova,Split,24,16,6,11,4025.0,25,Win,Ascendant
103213,2026-07-03,P010,Pratik,Viper,Ascent,23,17,1,1,4232.0,24,Loss,Platinum
100911,2026-03-01,P018,Manish,Killjoy,Icebox,15,13,7,4,2229.0,30,Win,Ascendant
109066,2026-09-16,P008,Aditya,Cypher,Lotus,28,11,4,12,4519.0,28,Win,Ascendant
107131,2026-03-23,P012,Yash,Killjoy,Haven,19,18,13,10,3960.0,29,Loss,Diamond
106560,2026-04-19,P014,Varun,Reyna,Sunset,13,9,14,8,2765.0,20,Loss,Silver
108451,2026-05-26,P016,Arjun,Chamber,Haven,18,17,0,7,2598.0,28,Win,Platinum
107431,2026-04-14,P007,Karan,Gekko,Sunset,22,23,10,7,2485.0,18,Loss,Immortal
106153,2026-01-19,P013,Ankit,Sage,Bind,21,12,11,9,3059.0,30,Win,Diamond
101423,2026-09-07,P015,Nikhil,Reyna,Sunset,14,18,10,7,1961.0,19,Loss,Platinum
109827,2026-08-02,P007,Karan,Jett,Haven,25,11,4,12,3788.0,23,Loss,Diamond
100479,2026-04-16,P009,Sahil,Gekko,Bind,10,12,3,2,1633.0,29,Loss,Platinum
100662,2026-09-10,P003,Amit,Viper,Haven,8,13,3,3,1391.0,19,Win,Diamond
108790,2026-07-22,P014,Varun,Viper,Icebox,14,9,13,5,2805.0,25,Win,Platinum
109001,2026-09-20,P012,Yash,Raze,Breeze,20,16,5,8,3608.0,26,Win,Diamond
108112,2026-07-06,P009,Sahil,Raze,Pearl,19,10,2,11,3299.0,23,Win,Diamond
102988,2026-04-09,P012,Yash,Chamber,Pearl,19,16,4,4,2612.0,22,Win,Silver
101119,2026-03-09,P009,Sahil,Cypher,Bind,21,16,9,5,3903.0,29,Loss,Gold
102776,2026-07-23,P013,Ankit,Sova,Bind,6,14,3,0,769.0,23,Loss,Platinum
105580,2026-02-25,P012,Yash,Omen,Haven,10,13,2,6,1237.0,20,Loss,Gold
105027,2026-02-16,P003,Amit,Brimstone,Ascent,20,16,11,9,4024.0,26,Loss,Platinum
106680,2026-09-20,P010,Pratik,Raze,Lotus,19,19,3,6,2863.0,26,Win,Silver
109958,2026-04-02,P002,Rahul,Sova,Sunset,22,10,7,12,2908.0,26,Loss,Gold
104427,2026-06-08,P008,Aditya,Phoenix,Icebox,18,17,6,10,1941.0,20,Loss,Ascendant
107465,2026-03-07,P019,Ritesh,Sova,Icebox,11,16,5,3,2159.0,21,Win,Diamond
103981,2026-06-02,P015,Nikhil,Sage,Icebox,26,12,4,3,4035.0,20,Loss,Bronze
106380,2026-05-29,P018,Manish,Sova,Pearl,26,22,2,11,2492.0,24,Win,Platinum
102893,2026-05-01,P019,Ritesh,Phoenix,Bind,21,16,2,9,2228.0,24,Loss,Gold
102669,2026-05-18,P016,Arjun,Reyna,Pearl,25,14,4,7,4137.0,25,Loss,Silver
103977,2026-07-06,P014,Varun,Reyna,Lotus,16,15,3,3,2313.0,22,Loss,Silver
105284,2026-05-14,P007,Karan,Omen,Lotus,16,14,0,11,2462.0,27,Win,Ascendant
100279,2026-01-18,P011,Neeraj,Sova,Lotus,21,25,0,12,3098.0,27,Loss,Immortal
108109,2026-05-31,P007,Karan,Viper,Lotus,10,17,4,2,1768.0,18,Win,Silver
109123,2026-03-14,P011,Neeraj,Sova,Lotus,21,16,8,9,3210.0,25,Loss,Platinum
107053,2026-03-18,P002,Rahul,Viper,Split,32,17,4,18,4508.0,30,Win,Ascendant
101694,2026-08-05,P004,Rohan,Raze,Breeze,23,18,9,10,3574.0,28,Win,Diamond
108931,2026-03-27,P009,Sahil,Gekko,Pearl,20,18,7,8,2942.0,18,Loss,Gold
103479,2026-02-11,P015,Nikhil,Gekko,Pearl,3,14,8,1,431.0,19,Loss,Silver
104416,2026-07-06,P014,Varun,Jett,Bind,30,11,6,8,2675.0,24,Win,Gold
107626,2026-07-05,P013,Ankit,Raze,Split,12,12,6,2,1806.0,29,Win,Immortal
106227,2026-08-02,P013,Ankit,Jett,Bind,20,15,3,6,2742.0,23,Loss,Bronze
105349,2026-08-30,P008,Aditya,Jett,Split,17,13,6,9,2444.0,30,Win,Diamond
108638,2026-04-06,P005,Akash,Killjoy,Icebox,3,8,0,2,630.0,28,Win,Platinum
107815,2026-04-03,P018,Manish,Sova,Sunset,8,12,6,5,1276.0,23,Loss,Platinum
104296,2026-05-03,P015,Nikhil,Gekko,Haven,25,18,6,5,3801.0,19,Win,Diamond
104614,2026-05-25,P017,Siddhant,Sage,Lotus,13,14,3,5,1930.0,18,Loss,Bronze
104867,2026-05-25,P011,Neeraj,Gekko,Ascent,12,18,10,4,2345.0,24,Win,Diamond
102209,2026-09-06,P010,Pratik,Reyna,Lotus,18,16,3,5,2373.0,22,Win,Ascendant
107639,2026-05-14,P004,Rohan,Viper,Bind,6,19,6,3,1004.0,28,Win,Silver
107747,2026-02-11,P002,Rahul,Gekko,Lotus,19,10,0,7,3437.0,22,Loss,Bronze
100184,2026-08-09,P002,Rahul,Cypher,Pearl,21,15,13,9,3711.0,21,Loss,Ascendant
104822,2026-03-31,P007,Karan,Sova,Icebox,32,12,4,8,4063.0,29,Loss,Silver
104868,2026-09-02,P014,Varun,Phoenix,Ascent,17,12,10,6,2164.0,29,Win,Silver
102350,2026-07-27,P004,Rohan,Sage,Bind,5,10,2,1,807.0,25,Loss,Gold
100553,2026-01-26,P005,Akash,Viper,Split,23,17,6,6,3709.0,27,Win,Silver
101397,2026-06-27,P012,Yash,Fade,Pearl,17,7,9,7,3311.0,21,Loss,Bronze
101384,2026-03-24,P011,Neeraj,Chamber,Pearl,8,20,8,4,1327.0,27,Loss,Ascendant
107757,2026-04-19,P015,Nikhil,Sage,Split,18,15,6,4,2210.0,25,Loss,Platinum
106213,2026-06-21,P006,Vivek,Phoenix,Haven,27,11,11,13,4810.0,29,Loss,Diamond
100297,2026-01-13,P013,Ankit,Sova,Pearl,4,15,6,2,663.0,27,Win,Silver
100443,2026-07-24,P017,Siddhant,Reyna,Breeze,19,10,4,9,2795.0,28,Loss,Platinum
107372,2026-07-23,P008,Aditya,Reyna,Pearl,12,10,11,3,1664.0,20,Win,Bronze
102077,2026-05-15,P007,Karan,Jett,Sunset,24,8,5,8,4241.0,20,Loss,Platinum
107850,2026-03-23,P016,Arjun,Viper,Icebox,19,15,5,7,3182.0,23,Win,Silver
102229,2026-01-18,P013,Ankit,Viper,Bind,28,13,9,10,4299.0,26,Loss,Platinum
102842,2026-07-28,P001,Shubham,Phoenix,Sunset,18,20,6,11,3134.0,27,Loss,Diamond
102537,2026-04-27,P006,Vivek,Cypher,Ascent,24,12,6,9,3215.0,20,Win,Gold
107188,2026-02-13,P020,Harsh,Viper,Split,21,15,13,9,3792.0,19,Win,Platinum
108324,2026-06-17,P004,Rohan,Phoenix,Ascent,3,15,10,1,589.0,28,Win,Gold
106473,2026-02-19,P017,Siddhant,Cypher,Split,16,10,1,11,2303.0,29,Loss,Silver
103367,2026-05-19,P014,Varun,Viper,Lotus,5,9,10,1,605.0,25,Win,Silver
105527,2026-01-30,P007,Karan,Fade,Icebox,16,14,11,6,2116.0,23,Loss,Ascendant
102578,2026-03-08,P013,Ankit,Viper,Split,19,14,12,4,2666.0,26,Loss,Bronze
101131,2026-02-01,P006,Vivek,Cypher,Haven,22,21,6,5,2066.0,20,Win,Immortal
109683,2026-04-02,P002,Rahul,Brimstone,Sunset,20,19,6,10,2799.0,26,Win,Platinum
100320,2026-09-30,P003,Amit,Sova,Ascent,15,12,9,10,2986.0,29,Loss,Diamond
101371,2026-02-20,P020,Harsh,Phoenix,Pearl,20,20,5,9,3476.0,19,Loss,Silver
104042,2026-01-03,P001,Shubham,Raze,Pearl,27,13,1,10,4079.0,25,Loss,Gold
109370,2026-04-24,P011,Neeraj,Sova,Haven,7,9,3,3,1130.0,22,Win,Diamond
105169,2026-09-28,P018,Manish,Viper,Ascent,13,17,0,7,1871.0,21,Loss,Gold
100907,2026-08-30,P003,Amit,Raze,Sunset,18,10,8,6,3245.0,27,Loss,Ascendant
109361,2026-08-28,P004,Rohan,Viper,Icebox,7,18,0,1,1233.0,23,Win,Diamond
103950,2026-05-19,P004,Rohan,Omen,Lotus,16,18,3,5,2284.0,19,Win,Ascendant
108855,2026-05-02,P019,Ritesh,Cypher,Lotus,12,13,11,3,1923.0,22,Loss,Diamond
109229,2026-04-02,P018,Manish,Viper,Icebox,17,16,6,7,2254.0,30,Loss,Bronze
106726,2026-04-07,P012,Yash,Gekko,Bind,14,13,9,7,2304.0,22,Win,Gold
105153,2026-08-09,P012,Yash,Omen,Lotus,14,13,8,2,1829.0,20,Loss,Ascendant
106120,2026-01-16,P002,Rahul,Cypher,Haven,18,16,11,8,2257.0,23,Win,Platinum
108426,2026-02-27,P006,Vivek,Phoenix,Ascent,15,9,4,11,2237.0,20,Loss,Iron
100926,2026-05-17,P015,Nikhil,Jett,Split,13,18,2,2,1851.0,29,Loss,Diamond
107435,2026-07-27,P009,Sahil,Sova,Haven,26,13,4,8,3818.0,24,Loss,Gold
100015,2026-08-18,P014,Varun,Chamber,Icebox,4,14,3,2,637.0,30,Win,Platinum
100143,2026-06-13,P019,Ritesh,Raze,Breeze,6,11,7,1,1041.0,25,Loss,Bronze
102363,2026-04-29,P004,Rohan,Cypher,Sunset,21,14,4,8,3266.0,30,Loss,Gold
100129,2026-06-23,P006,Vivek,Reyna,Icebox,17,9,8,3,2069.0,29,Loss,Immortal
101161,2026-09-14,P013,Ankit,Viper,Pearl,13,12,11,8,2281.0,27,Win,Gold
105898,2026-05-16,P012,Yash,Phoenix,Pearl,3,4,2,0,623.0,21,Loss,Gold
106157,2026-04-07,P012,Yash,Killjoy,Ascent,12,17,2,7,2027.0,24,Loss,Gold
104686,2026-07-25,P001,Shubham,Viper,Lotus,11,18,3,4,1329.0,23,Loss,Gold
105065,2026-04-10,P001,Shubham,Sova,Bind,22,22,6,2,3027.0,22,Loss,Diamond
104767,2026-06-15,P004,Rohan,Cypher,Ascent,14,16,4,6,1836.0,25,Loss,Diamond
101876,2026-08-06,P015,Nikhil,Viper,Bind,11,17,6,2,1984.0,29,Loss,Diamond
102488,2026-08-03,P008,Aditya,Chamber,Split,12,12,4,8,1840.0,28,Loss,Platinum
104775,2026-08-24,P015,Nikhil,Cypher,Breeze,12,18,8,6,1381.0,25,Loss,Ascendant
107452,2026-05-08,P015,Nikhil,Chamber,Bind,18,11,9,8,3523.0,18,Win,Silver
101182,2026-01-02,P009,Sahil,Killjoy,Icebox,16,12,1,7,2167.0,18,Loss,Ascendant
106163,2026-08-02,P003,Amit,Jett,Ascent,13,15,6,5,1411.0,26,Loss,Platinum
108013,2026-09-14,P002,Rahul,Sova,Bind,14,15,6,5,2081.0,25,Win,Platinum
101170,2026-09-11,P003,Amit,Sova,Breeze,14,16,9,10,2065.0,25,Loss,Ascendant
102182,2026-03-05,P008,Aditya,Jett,Haven,13,15,3,1,2592.0,20,Win,Platinum
103371,2026-06-22,P014,Varun,Reyna,Bind,25,9,7,7,4936.0,21,Win,Ascendant
108075,2026-04-21,P005,Akash,Sova,Pearl,3,15,5,0,648.0,26,Loss,Silver
101859,2026-05-10,P020,Harsh,Killjoy,Breeze,20,9,1,7,2767.0,28,Win,Diamond
104883,2026-08-23,P007,Karan,Killjoy,Split,8,12,8,4,1469.0,24,Loss,Diamond
106648,2026-03-21,P006,Vivek,Cypher,Icebox,12,14,7,6,1753.0,22,Loss,Silver
105628,2026-05-23,P009,Sahil,Raze,Ascent,11,7,8,7,2028.0,19,Win,Diamond
106385,2026-07-19,P006,Vivek,Gekko,Pearl,30,14,4,12,4790.0,23,Loss,Gold
109942,2026-06-29,P007,Karan,Killjoy,Bind,20,13,10,11,3361.0,23,Loss,Silver
109462,2026-07-25,P020,Harsh,Fade,Sunset,20,22,8,8,2717.0,20,Win,Bronze
105646,2026-08-16,P009,Sahil,Chamber,Ascent,21,11,3,3,3329.0,25,Loss,Platinum
103121,2026-05-15,P020,Harsh,Fade,Lotus,9,19,5,3,1285.0,19,Loss,Gold
100387,2026-05-19,P003,Amit,Viper,Lotus,12,15,5,5,1833.0,24,Loss,Platinum
107820,2026-01-17,P011,Neeraj,Reyna,Split,17,16,5,6,2258.0,29,Loss,Gold
101032,2026-06-30,P001,Shubham,Sova,Pearl,24,15,9,6,2972.0,21,Win,Iron
107887,2026-08-14,P016,Arjun,Killjoy,Sunset,30,11,7,13,3381.0,23,Loss,Platinum
106919,2026-02-14,P015,Nikhil,Gekko,Pearl,20,17,5,7,2777.0,19,Win,Platinum
100931,2026-09-12,P015,Nikhil,Reyna,Haven,14,17,9,5,1718.0,20,Win,Platinum
104019,2026-08-15,P019,Ritesh,Killjoy,Icebox,16,13,14,6,2064.0,25,Loss,Gold
100691,2026-08-04,P008,Aditya,Jett,Bind,19,17,6,10,2565.0,29,Win,Gold
105323,2026-01-31,P019,Ritesh,Omen,Lotus,17,14,5,3,2136.0,21,Loss,Gold
106689,2026-09-30,P010,Pratik,Cypher,Haven,18,6,7,8,2964.0,25,Win,Gold
100829,2026-07-05,P008,Aditya,Jett,Sunset,29,10,5,9,4212.0,25,Loss,Silver
103498,2026-03-29,P002,Rahul,Sova,Lotus,28,20,5,12,4090.0,24,Loss,Platinum
102081,2026-03-03,P007,Karan,Omen,Lotus,5,24,1,3,485.0,21,Win,Bronze
109460,2026-02-19,P006,Vivek,Jett,Ascent,11,14,7,0,1833.0,29,Win,Bronze
100044,2026-08-31,P009,Sahil,Killjoy,Haven,17,20,7,10,2887.0,25,Win,Diamond
103939,2026-07-10,P010,Pratik,Viper,Lotus,3,10,0,2,450.0,30,Win,Silver
105282,2026-06-15,P011,Neeraj,Sova,Breeze,8,14,1,2,1594.0,22,Loss,Ascendant
105028,2026-06-17,P003,Amit,Cypher,Pearl,23,13,3,15,2474.0,26,Win,Silver
104319,2026-02-21,P020,Harsh,Cypher,Split,13,18,5,4,1365.0,22,Win,Gold
102965,2026-05-05,P008,Aditya,Viper,Pearl,12,18,7,2,2147.0,26,Win,Gold
103969,2026-06-27,P016,Arjun,Brimstone,Pearl,22,16,0,7,2844.0,28,Win,Gold
101187,2026-02-28,P012,Yash,Brimstone,Icebox,25,11,2,9,3400.0,23,Loss,Gold
100284,2026-01-15,P013,Ankit,Omen,Pearl,32,5,7,13,4402.0,24,Win,Silver
108892,2026-02-07,P004,Rohan,Brimstone,Icebox,11,18,2,3,1170.0,22,Win,Diamond
104159,2026-09-14,P016,Arjun,Gekko,Ascent,14,16,3,8,1830.0,24,Loss,Ascendant
103092,2026-05-13,P015,Nikhil,Raze,Bind,16,19,2,8,1914.0,25,Loss,Diamond
104556,2026-01-11,P012,Yash,Gekko,Haven,8,18,8,3,1068.0,29,Loss,Iron
107998,2026-06-11,P004,Rohan,Reyna,Pearl,15,10,10,3,2373.0,19,Win,Ascendant
104323,2026-09-29,P016,Arjun,Omen,Pearl,20,17,4,11,2639.0,23,Win,Diamond
105529,2026-01-26,P016,Arjun,Brimstone,Bind,20,12,5,4,3661.0,23,Win,Platinum
108431,2026-05-06,P012,Yash,Cypher,Ascent,25,10,8,5,3607.0,22,Loss,Immortal
103364,2026-02-20,P013,Ankit,Fade,Breeze,9,13,3,4,1410.0,28,Loss,Ascendant
109551,2026-02-09,P001,Shubham,Gekko,Haven,10,15,5,4,1320.0,21,Loss,Silver
103195,2026-01-06,P020,Harsh,Omen,Sunset,23,10,0,6,3244.0,25,Loss,Gold
106834,2026-07-05,P002,Rahul,Jett,Sunset,6,12,4,1,1222.0,27,Win,Platinum
100969,2026-03-26,P004,Rohan,Killjoy,Sunset,18,18,0,11,2410.0,23,Loss,Gold
103734,2026-03-10,P015,Nikhil,Jett,Sunset,19,11,2,7,3907.0,24,Loss,Ascendant
100925,2026-06-10,P012,Yash,Killjoy,Ascent,28,10,5,15,5351.0,21,Loss,Gold
109516,2026-06-25,P018,Manish,Brimstone,Sunset,22,11,0,10,2521.0,27,Loss,Platinum
106481,2026-04-11,P002,Rahul,Raze,Lotus,22,12,10,13,3645.0,26,Win,Gold
105651,2026-01-10,P005,Akash,Killjoy,Pearl,7,12,8,0,1435.0,18,Win,Platinum
102851,2026-04-02,P007,Karan,Brimstone,Bind,25,18,3,8,2890.0,25,Win,Gold
105204,2026-06-04,P008,Aditya,Viper,Ascent,8,13,9,5,1189.0,25,Loss,Silver
106167,2026-07-24,P003,Amit,Chamber,Pearl,11,10,6,8,2119.0,30,Loss,Diamond
108884,2026-05-14,P015,Nikhil,Viper,Haven,29,9,4,6,4539.0,19,Loss,Diamond
107845,2026-07-25,P008,Aditya,Omen,Haven,12,14,6,2,2086.0,29,Loss,Gold
104471,2026-04-01,P015,Nikhil,Sova,Lotus,22,16,4,14,3655.0,23,Loss,Platinum
106513,2026-03-26,P014,Varun,Jett,Bind,33,14,2,11,6500.0,19,Win,Platinum
104348,2026-06-14,P010,Pratik,Viper,Haven,8,14,5,2,1270.0,25,Win,Silver
107938,2026-05-01,P003,Amit,Jett,Icebox,18,13,8,7,2329.0,23,Win,Gold
103626,2026-02-25,P018,Manish,Sova,Haven,8,12,10,6,1466.0,22,Win,Silver
101789,2026-03-31,P003,Amit,Phoenix,Haven,21,17,0,6,3209.0,20,Loss,Diamond
109632,2026-09-02,P020,Harsh,Sage,Bind,15,20,8,10,1989.0,26,Win,Silver
102059,2026-06-21,P016,Arjun,Killjoy,Pearl,25,9,8,9,2878.0,23,Loss,Bronze
104013,2026-09-28,P010,Pratik,Brimstone,Haven,18,12,4,11,2787.0,29,Loss,Diamond
101902,2026-04-30,P017,Siddhant,Chamber,Ascent,9,14,3,3,1149.0,28,Win,Ascendant
106803,2026-08-25,P008,Aditya,Cypher,Pearl,17,14,7,5,2770.0,21,Win,Iron
106955,2026-03-26,P005,Akash,Brimstone,Ascent,17,14,0,8,2554.0,18,Loss,Diamond
100075,2026-03-23,P011,Neeraj,Sage,Split,12,15,4,3,1492.0,21,Win,Iron
102345,2026-03-25,P002,Rahul,Sova,Pearl,15,15,5,4,2474.0,23,Win,Silver
106181,2026-09-15,P013,Ankit,Killjoy,Bind,22,10,4,5,3871.0,29,Win,Platinum
100430,2026-01-22,P013,Ankit,Sage,Icebox,30,10,6,8,6500.0,26,Loss,Silver
104586,2026-09-16,P019,Ritesh,Omen,Haven,14,11,5,7,2023.0,21,Win,Silver
105231,2026-02-19,P001,Shubham,Viper,Pearl,13,24,7,2,1735.0,26,Win,Platinum
108697,2026-07-13,P014,Varun,Phoenix,Split,14,20,4,3,1541.0,26,Win,Gold
108191,2026-08-25,P004,Rohan,Omen,Breeze,13,10,3,4,1742.0,29,Win,Platinum
107210,2026-05-12,P005,Akash,Phoenix,Icebox,24,12,7,14,3439.0,27,Loss,Silver
101553,2026-05-17,P005,Akash,Phoenix,Lotus,19,15,8,12,1572.0,20,Win,Iron
100240,2026-08-26,P014,Varun,Omen,Haven,20,12,6,11,2701.0,25,Win,Diamond
100783,2026-07-31,P019,Ritesh,Sage,Ascent,17,17,3,10,2289.0,23,Win,Platinum
103066,2026-05-17,P016,Arjun,Fade,Ascent,26,14,8,4,3233.0,27,Win,Platinum
100977,2026-01-18,P018,Manish,Raze,Lotus,16,12,12,7,2675.0,25,Win,Platinum
102941,2026-02-18,P002,Rahul,Omen,Bind,17,14,10,7,2897.0,30,Win,Ascendant
105402,2026-08-16,P001,Shubham,Omen,Icebox,19,12,6,12,3630.0,19,Win,Iron
104751,2026-03-18,P019,Ritesh,Chamber,Haven,15,18,10,5,2800.0,24,Win,Platinum
101620,2026-02-27,P013,Ankit,Omen,Icebox,11,19,7,2,2341.0,29,Win,Ascendant
102146,2026-08-03,P005,Akash,Chamber,Breeze,13,23,6,3,1502.0,23,Loss,Platinum
101801,2026-09-27,P011,Neeraj,Omen,Lotus,26,14,6,11,3364.0,28,Win,Platinum
102095,2026-01-12,P010,Pratik,Chamber,Breeze,15,12,7,6,2007.0,30,Loss,Gold
108842,2026-06-25,P020,Harsh,Gekko,Lotus,10,14,5,4,975.0,19,Win,Bronze
105270,2026-04-29,P003,Amit,Phoenix,Sunset,38,10,10,15,3990.0,27,Loss,Gold
101357,2026-05-18,P014,Varun,Jett,Ascent,9,7,8,2,1212.0,26,Win,Bronze
108098,2026-05-24,P001,Shubham,Raze,Split,15,13,6,4,2259.0,20,Win,Iron
106714,2026-05-25,P017,Siddhant,Fade,Bind,18,11,1,10,2176.0,25,Win,Ascendant
108386,2026-08-07,P018,Manish,Reyna,Breeze,16,10,5,11,2302.0,25,Loss,Platinum
106045,2026-06-13,P004,Rohan,Killjoy,Lotus,19,10,4,6,3361.0,19,Loss,Platinum
109951,2026-06-12,P016,Arjun,Sova,Pearl,35,17,3,6,3548.0,27,Loss,Iron
108788,2026-05-09,P004,Rohan,Sova,Breeze,15,16,6,4,2038.0,18,Win,Diamond
107844,2026-06-14,P011,Neeraj,Jett,Icebox,20,18,4,8,2720.0,21,Loss,Diamond
101609,2026-04-28,P004,Rohan,Gekko,Ascent,19,15,3,10,3558.0,21,Win,Silver
103096,2026-05-14,P002,Rahul,Raze,Split,11,14,6,8,1670.0,21,Win,Diamond
105559,2026-05-12,P007,Karan,Phoenix,Lotus,26,12,0,15,3455.0,26,Loss,Ascendant
102415,2026-02-04,P007,Karan,Reyna,Split,24,14,5,9,2525.0,25,Win,Platinum
102017,2026-08-11,P010,Pratik,Sage,Bind,18,13,3,6,2876.0,23,Loss,Gold
109019,2026-06-12,P008,Aditya,Chamber,Breeze,22,17,3,14,2273.0,21,Loss,Silver
104125,2026-04-18,P020,Harsh,Viper,Haven,36,21,12,16,6242.0,22,Win,Silver
109822,2026-09-29,P019,Ritesh,Sova,Ascent,21,11,3,14,3408.0,27,Win,Platinum
103246,2026-04-22,P012,Yash,Sova,Icebox,11,17,7,5,1433.0,25,Loss,Silver
100124,2026-04-11,P006,Vivek,Cypher,Haven,22,12,7,9,4283.0,27,Win,Platinum
106454,2026-02-11,P017,Siddhant,Sage,Pearl,18,10,5,9,2437.0,24,Win,Gold
105333,2026-03-30,P007,Karan,Cypher,Bind,10,7,5,5,1341.0,26,Win,Diamond
107497,2026-09-27,P016,Arjun,Sova,Haven,11,14,8,3,1948.0,29,Loss,Diamond
109176,2026-03-27,P015,Nikhil,Sova,Haven,17,15,8,6,1560.0,30,Win,Silver
103341,2026-08-11,P011,Neeraj,Reyna,Sunset,21,16,9,9,3727.0,18,Win,Gold
100598,2026-07-01,P004,Rohan,Jett,Breeze,16,21,8,7,3189.0,28,Win,Iron
102123,2026-06-17,P003,Amit,Killjoy,Pearl,19,10,6,7,1918.0,29,Win,Diamond
107130,2026-07-21,P019,Ritesh,Sova,Haven,23,10,11,15,3840.0,25,Win,Platinum
106301,2026-01-30,P012,Yash,Gekko,Bind,14,14,8,4,1963.0,23,Loss,Diamond
107082,2026-02-27,P018,Manish,Gekko,Bind,21,15,10,14,3212.0,26,Win,Gold
109681,2026-04-17,P019,Ritesh,Phoenix,Pearl,24,18,8,12,4075.0,21,Win,Platinum
102197,2026-03-09,P015,Nikhil,Killjoy,Bind,14,12,8,5,2158.0,21,Loss,Iron
104051,2026-03-12,P004,Rohan,Cypher,Split,10,8,3,3,1603.0,18,Loss,Diamond
108525,2026-05-02,P017,Siddhant,Cypher,Icebox,30,15,4,14,5058.0,20,Win,Bronze
103362,2026-01-06,P017,Siddhant,Chamber,Pearl,27,17,3,7,4631.0,25,Loss,Gold
106883,2026-08-08,P005,Akash,Jett,Split,15,17,5,9,2558.0,27,Win,Gold
100725,2026-04-12,P013,Ankit,Cypher,Haven,25,15,2,12,3588.0,30,Win,Platinum
106022,2026-02-06,P011,Neeraj,Raze,Bind,22,13,9,12,2329.0,22,Win,Gold
100978,2026-05-19,P004,Rohan,Jett,Icebox,6,7,5,3,751.0,23,Win,Bronze
100808,2026-06-02,P020,Harsh,Sova,Pearl,11,18,9,4,1875.0,22,Win,Gold
105090,2026-02-26,P004,Rohan,Omen,Ascent,7,16,7,5,1404.0,21,Win,Diamond
101475,2026-02-23,P016,Arjun,Jett,Bind,27,18,0,8,4379.0,28,Win,Diamond
108170,2026-06-20,P014,Varun,Sova,Haven,12,14,2,6,932.0,24,Loss,Gold
109055,2026-06-03,P013,Ankit,Viper,Split,13,19,7,6,2011.0,27,Loss,Platinum
107369,2026-04-03,P005,Akash,Fade,Pearl,13,11,8,3,2386.0,29,Loss,Gold
103962,2026-02-10,P020,Harsh,Raze,Split,34,11,0,18,6035.0,21,Loss,Platinum
106451,2026-08-28,P005,Akash,Reyna,Bind,18,10,4,3,2705.0,22,Win,Gold
104929,2026-03-17,P014,Varun,Jett,Haven,30,12,6,7,4674.0,18,Win,Silver
101235,2026-07-21,P016,Arjun,Jett,Split,10,13,7,6,1766.0,29,Loss,Diamond
101225,2026-08-31,P007,Karan,Cypher,Haven,21,20,10,7,2926.0,24,Loss,Platinum
109570,2026-05-31,P011,Neeraj,Reyna,Sunset,9,14,0,3,1072.0,21,Win,Gold
108798,2026-07-09,P008,Aditya,Chamber,Icebox,18,13,3,7,2551.0,20,Win,Gold
109397,2026-04-27,P014,Varun,Sage,Split,21,11,8,6,2756.0,24,Win,Gold
106666,2026-08-12,P019,Ritesh,Chamber,Bind,21,16,6,4,4179.0,27,Loss,Silver
104718,2026-07-29,P014,Varun,Raze,Bind,10,11,2,3,1293.0,19,Loss,Silver
103217,2026-09-30,P019,Ritesh,Raze,Ascent,13,15,6,5,1836.0,23,Win,Gold
100287,2026-04-21,P018,Manish,Fade,Bind,34,12,5,17,4518.0,26,Loss,Gold
105180,2026-07-29,P010,Pratik,Sage,Sunset,4,18,7,1,881.0,19,Win,Platinum
102966,2026-03-18,P013,Ankit,Gekko,Icebox,28,20,9,8,2702.0,28,Loss,Gold
103164,2026-05-21,P006,Vivek,Raze,Haven,25,13,6,10,4835.0,27,Win,Iron
106030,2026-04-21,P015,Nikhil,Fade,Pearl,22,18,9,10,4059.0,23,Win,Platinum
108906,2026-08-08,P006,Vivek,Fade,Icebox,13,25,8,5,2195.0,22,Loss,Diamond
101657,2026-03-03,P003,Amit,Gekko,Bind,14,5,6,3,2161.0,25,Win,Diamond
101975,2026-09-15,P006,Vivek,Jett,Breeze,3,16,7,2,603.0,23,Loss,Gold
102397,2026-06-21,P008,Aditya,Reyna,Pearl,3,14,9,1,585.0,29,Loss,Gold
100452,2026-08-12,P015,Nikhil,Sova,Ascent,14,13,9,7,2227.0,28,Loss,Gold
108065,2026-03-01,P012,Yash,Brimstone,Pearl,21,16,7,6,2652.0,30,Win,Platinum
105584,2026-05-05,P011,Neeraj,Brimstone,Lotus,12,17,9,4,1922.0,24,Win,Platinum
103681,2026-08-28,P001,Shubham,Gekko,Icebox,23,19,6,8,4150.0,30,Loss,Silver
100422,2026-05-09,P017,Siddhant,Fade,Split,16,24,5,6,2286.0,18,Win,Diamond
106077,2026-04-10,P003,Amit,Omen,Icebox,32,12,5,7,5085.0,30,Win,Diamond
100657,2026-03-13,P016,Arjun,Raze,Breeze,20,13,5,10,2910.0,29,Win,
103301,2026-09-13,P005,Akash,Brimstone,Icebox,18,11,6,6,2989.0,25,Loss,Iron
105869,2026-01-12,P015,Nikhil,Sova,Bind,8,14,1,3,1130.0,26,Win,Gold
102845,2026-05-28,P001,Shubham,Cypher,Haven,18,9,7,9,2051.0,29,Loss,Bronze
107191,2026-09-02,P003,Amit,Jett,Ascent,8,10,3,4,1186.0,28,Loss,Diamond
107531,2026-09-26,P003,Amit,Omen,Haven,14,11,5,5,2168.0,25,Loss,Iron
101001,2026-01-13,P012,Yash,Killjoy,Pearl,22,20,7,7,2926.0,27,Win,Bronze
104198,2026-05-30,P001,Shubham,Omen,Lotus,11,15,10,3,1497.0,20,Loss,Platinum
102418,2026-03-31,P007,Karan,Gekko,Lotus,17,13,8,6,2642.0,29,Win,Gold
107516,2026-01-22,P010,Pratik,Brimstone,Haven,31,22,2,14,4378.0,22,Loss,Diamond
108816,2026-04-09,P013,Ankit,Killjoy,Pearl,20,15,0,8,1623.0,19,Loss,Iron
103847,2026-09-21,P001,Shubham,Raze,Pearl,27,10,5,6,4211.0,28,Win,Platinum
100961,2026-04-29,P017,Siddhant,Sova,Bind,4,13,1,1,407.0,24,Win,Silver
101580,2026-05-06,P017,Siddhant,Reyna,Haven,23,16,2,11,4975.0,29,Win,Diamond
105095,2026-03-19,P005,Akash,Jett,Sunset,26,10,7,11,2205.0,20,Loss,Ascendant
102206,2026-01-02,P001,Shubham,Fade,Lotus,16,12,7,8,2988.0,27,Loss,Platinum
106341,2026-07-16,P016,Arjun,Sage,Breeze,33,10,6,11,4730.0,19,Win,
105905,2026-09-16,P004,Rohan,Sova,Split,14,16,3,5,2115.0,25,Win,Diamond
104231,2026-09-22,P009,Sahil,Reyna,Haven,25,13,5,10,3974.0,24,Loss,Platinum
100757,2026-08-15,P002,Rahul,Sova,Lotus,7,14,3,2,1386.0,18,Win,Diamond
102284,2026-05-25,P002,Rahul,Cypher,Icebox,17,11,7,4,3264.0,23,Loss,Ascendant
109798,2026-08-29,P002,Rahul,Reyna,Pearl,11,18,2,3,2035.0,27,Loss,Bronze
109997,2026-01-19,P018,Manish,Sova,Ascent,10,12,2,3,1723.0,25,Loss,Gold
107303,2026-05-15,P004,Rohan,Fade,Sunset,24,14,3,7,3435.0,22,Win,Platinum
100807,2026-03-21,P018,Manish,Killjoy,Icebox,14,7,2,2,2349.0,19,Win,Gold
105956,2026-06-06,P007,Karan,Chamber,Ascent,22,16,8,6,3823.0,30,Loss,Immortal
107754,2026-05-30,P010,Pratik,Gekko,Pearl,22,15,2,6,3790.0,25,Win,Diamond
101956,2026-01-14,P006,Vivek,Reyna,Icebox,21,16,5,14,2778.0,21,Win,Gold
102445,2026-03-22,P004,Rohan,Chamber,Split,15,11,3,2,2012.0,18,Win,Ascendant
105902,2026-07-10,P006,Vivek,Sage,Breeze,11,18,5,5,1644.0,19,Loss,Bronze
108196,2026-08-14,P006,Vivek,Sage,Split,15,17,12,5,2105.0,27,Win,Gold
109070,2026-08-24,P012,Yash,Sova,Icebox,12,17,4,4,1657.0,29,Loss,Platinum
102402,2026-08-08,P009,Sahil,Phoenix,Split,19,17,7,11,2834.0,26,Loss,Bronze
101073,2026-08-13,P014,Varun,Sova,Icebox,31,17,6,14,4312.0,27,Loss,Silver
106587,2026-05-15,P004,Rohan,Sova,Haven,19,11,8,7,3664.0,26,Win,Ascendant
104240,2026-07-04,P014,Varun,Cypher,Sunset,22,16,7,15,3588.0,25,Loss,Immortal
108528,2026-02-22,P012,Yash,Omen,Haven,23,20,10,7,3036.0,26,Loss,Silver
102091,2026-05-31,P015,Nikhil,Gekko,Sunset,20,13,5,12,3054.0,20,Win,Diamond
104527,2026-02-14,P016,Arjun,Cypher,Icebox,23,12,3,8,3452.0,22,Win,Gold
107235,2026-08-31,P010,Pratik,Viper,Haven,14,14,1,6,2026.0,19,Loss,Platinum
106826,2026-03-29,P004,Rohan,Jett,Lotus,15,21,5,8,2483.0,23,Loss,Platinum
108862,2026-04-26,P013,Ankit,Brimstone,Haven,25,17,7,12,3808.0,22,Loss,Ascendant
107456,2026-09-08,P009,Sahil,Omen,Sunset,6,12,5,2,949.0,22,Win,Iron
104745,2026-08-22,P005,Akash,Fade,Sunset,30,15,8,12,5496.0,30,Loss,Diamond
108382,2026-01-04,P018,Manish,Jett,Ascent,23,12,8,11,3024.0,18,Win,Immortal
101003,2026-08-25,P013,Ankit,Cypher,Sunset,24,11,6,9,3673.0,18,Loss,Ascendant
109118,2026-04-02,P008,Aditya,Fade,Ascent,20,17,7,14,2702.0,27,Loss,Platinum
108467,2026-09-06,P012,Yash,Sova,Haven,13,19,2,4,2084.0,22,Loss,Gold
105332,2026-03-27,P003,Amit,Killjoy,Lotus,23,18,7,16,3358.0,19,Win,Immortal
104651,2026-03-13,P014,Varun,Jett,Split,15,16,0,5,2970.0,21,Loss,Silver
105338,2026-06-26,P007,Karan,Chamber,Bind,12,10,5,5,1467.0,23,Win,Bronze
101485,2026-08-28,P012,Yash,Raze,Sunset,13,11,3,6,1786.0,23,Loss,Gold
109224,2026-05-26,P009,Sahil,Cypher,Split,14,18,2,4,1784.0,23,Loss,Gold
101411,2026-05-11,P004,Rohan,Raze,Pearl,16,16,0,8,1462.0,23,Loss,Ascendant
105397,2026-07-22,P009,Sahil,Fade,Breeze,26,19,5,9,3401.0,25,Win,Bronze
100709,2026-06-15,P011,Neeraj,Chamber,Bind,8,17,0,4,1147.0,24,Loss,Silver
104950,2026-01-02,P017,Siddhant,Gekko,Split,9,9,0,2,1169.0,18,Win,Diamond
108077,2026-03-31,P007,Karan,Reyna,Lotus,22,10,5,13,2851.0,25,Win,Gold
107244,2026-04-25,P002,Rahul,Jett,Split,16,9,8,4,2932.0,25,Loss,Bronze
103076,2026-01-06,P011,Neeraj,Viper,Haven,8,18,5,7,1036.0,18,Win,Ascendant
109666,2026-09-16,P020,Harsh,Sova,Lotus,8,8,3,1,1172.0,20,Loss,Bronze
104101,2026-06-16,P005,Akash,Chamber,Sunset,25,10,4,14,3029.0,22,Win,Silver
105138,2026-04-06,P019,Ritesh,Sage,Sunset,29,13,6,18,3621.0,22,Loss,Diamond
102722,2026-03-01,P017,Siddhant,Viper,Icebox,11,12,4,7,1850.0,27,Win,Bronze
109378,2026-07-24,P016,Arjun,Sage,Sunset,19,15,4,13,2668.0,28,Loss,Gold
101268,2026-09-13,P020,Harsh,Chamber,Bind,29,11,5,8,4940.0,26,Loss,Platinum
102462,2026-08-29,P004,Rohan,Chamber,Pearl,19,9,10,10,3003.0,20,Win,Gold
105489,2026-07-10,P012,Yash,Fade,Icebox,14,12,5,6,2672.0,28,Win,Platinum
100268,2026-05-22,P017,Siddhant,Gekko,Split,19,12,7,5,3414.0,30,Win,Iron
103580,2026-03-10,P019,Ritesh,Viper,Breeze,11,11,3,3,1613.0,23,Loss,Diamond
104750,2026-04-23,P020,Harsh,Viper,Split,25,16,0,8,2941.0,20,Loss,Immortal
107091,2026-09-09,P012,Yash,Raze,Sunset,29,9,4,17,4645.0,30,Win,Diamond
106754,2026-07-19,P015,Nikhil,Fade,Breeze,22,12,6,11,2218.0,28,Loss,Gold
105181,2026-05-17,P013,Ankit,Raze,Lotus,28,11,5,18,4787.0,26,Win,Diamond
106631,2026-08-24,P012,Yash,Phoenix,Icebox,30,11,6,8,4730.0,22,Loss,Diamond
102821,2026-05-16,P013,Ankit,Reyna,Pearl,5,22,8,3,757.0,21,Win,Ascendant
106929,2026-08-27,P013,Ankit,Viper,Icebox,22,13,6,7,3197.0,28,Loss,Bronze
100589,2026-04-28,P015,Nikhil,Phoenix,Sunset,15,18,5,5,2618.0,22,Loss,Platinum
105982,2026-02-28,P018,Manish,Raze,Breeze,27,14,4,9,4222.0,26,Win,Diamond
105279,2026-06-16,P007,Karan,Cypher,Haven,16,13,1,8,1535.0,26,Loss,Silver
106692,2026-08-27,P004,Rohan,Reyna,Breeze,12,20,5,4,2478.0,22,Loss,Silver
107690,2026-09-24,P015,Nikhil,Raze,Breeze,16,20,2,4,1846.0,27,Win,Gold
108505,2026-02-21,P019,Ritesh,Raze,Icebox,23,19,5,6,3209.0,23,Loss,Silver
105487,2026-06-14,P015,Nikhil,Omen,Lotus,19,14,7,6,3391.0,29,Win,Gold
109940,2026-07-01,P003,Amit,Sage,Bind,13,22,4,3,2053.0,28,Win,Silver
102028,2026-07-07,P001,Shubham,Sova,Icebox,14,24,0,6,2641.0,26,Loss,Gold
106850,2026-09-14,P015,Nikhil,Sova,Ascent,5,12,6,3,970.0,25,Loss,Platinum
100677,2026-06-05,P019,Ritesh,Viper,Ascent,23,14,2,9,2515.0,20,Win,Iron
106517,2026-08-21,P002,Rahul,Chamber,Breeze,18,17,14,7,3281.0,27,Loss,Ascendant
101232,2026-07-09,P004,Rohan,Raze,Sunset,23,22,9,5,3130.0,27,Win,Ascendant
105321,2026-07-03,P002,Rahul,Raze,Sunset,18,16,5,4,3362.0,27,Win,Bronze
107136,2026-09-08,P009,Sahil,Brimstone,Icebox,19,11,6,8,2433.0,22,Loss,Platinum
105058,2026-02-12,P001,Shubham,Brimstone,Ascent,21,10,9,8,2612.0,26,Win,Silver
105477,2026-01-07,P019,Ritesh,Omen,Lotus,8,12,9,3,1666.0,30,Loss,Iron
102432,2026-07-03,P014,Varun,Cypher,Icebox,14,15,1,7,2211.0,21,Loss,Platinum
106348,2026-09-05,P012,Yash,Chamber,Haven,17,9,4,11,2623.0,29,Win,Diamond
106147,2026-02-17,P008,Aditya,Gekko,Bind,17,13,6,10,3505.0,22,Win,Platinum
107335,2026-03-16,P011,Neeraj,Jett,Haven,27,18,6,6,3803.0,19,Loss,Ascendant
106264,2026-05-13,P013,Ankit,Sage,Bind,13,18,2,3,1609.0,23,Loss,Immortal
100896,2026-08-03,P004,Rohan,Chamber,Ascent,11,15,5,4,1593.0,29,Loss,Diamond
101611,2026-05-17,P006,Vivek,Sage,Sunset,16,12,13,4,1752.0,29,Win,Silver
106504,2026-04-27,P015,Nikhil,Killjoy,Pearl,9,13,5,4,1898.0,22,Win,Diamond
105537,2026-01-24,P016,Arjun,Raze,Lotus,16,17,2,5,2320.0,23,Win,Diamond
109952,2026-09-05,P007,Karan,Raze,Pearl,22,10,6,12,3200.0,27,Win,Diamond
103806,2026-01-25,P008,Aditya,Sova,Lotus,18,13,2,5,3292.0,20,Loss,Gold
109371,2026-09-10,P014,Varun,Sage,Icebox,12,17,6,3,2181.0,25,Win,Ascendant
105566,2026-08-24,P014,Varun,Viper,Ascent,27,10,9,8,4609.0,21,Loss,Gold
104701,2026-02-20,P012,Yash,Cypher,Bind,24,19,0,10,3216.0,24,Loss,Ascendant
103961,2026-06-11,P012,Yash,Brimstone,Breeze,10,8,7,3,1260.0,21,Loss,Gold
106621,2026-01-01,P003,Amit,Chamber,Breeze,23,14,2,12,2697.0,28,Loss,Bronze
100890,2026-07-13,P015,Nikhil,Chamber,Breeze,26,11,9,6,3365.0,28,Win,Silver
105023,2026-01-10,P009,Sahil,Sova,Ascent,8,14,5,3,1183.0,20,Loss,Diamond
107540,2026-08-19,P010,Pratik,Cypher,Haven,6,19,2,3,622.0,19,Win,Gold
106902,2026-04-21,P002,Rahul,Phoenix,Breeze,23,18,10,7,3400.0,26,Loss,Bronze
105695,2026-02-14,P016,Arjun,Viper,Sunset,28,16,6,14,3463.0,27,Loss,Diamond
108114,2026-03-29,P013,Ankit,Brimstone,Ascent,20,16,7,8,2530.0,18,Loss,Ascendant
106831,2026-02-25,P017,Siddhant,Brimstone,Icebox,12,19,3,9,1337.0,28,Loss,Silver
102799,2026-09-16,P015,Nikhil,Cypher,Bind,11,18,5,3,1578.0,23,Win,Platinum
100584,2026-07-25,P001,Shubham,Viper,Breeze,16,8,5,6,2429.0,18,Win,Ascendant
103268,2026-01-23,P009,Sahil,Omen,Breeze,28,15,2,16,3739.0,29,Loss,Platinum
103932,2026-03-09,P010,Pratik,Killjoy,Breeze,15,15,6,4,1884.0,29,Win,Silver
101260,2026-05-17,P005,Akash,Fade,Split,11,19,9,5,2121.0,22,Loss,Ascendant
109186,2026-08-20,P016,Arjun,Chamber,Haven,10,12,8,3,2059.0,18,Loss,Platinum
100310,2026-01-31,P019,Ritesh,Reyna,Bind,11,12,4,3,1421.0,19,Win,Ascendant
107824,2026-05-16,P004,Rohan,Sage,Lotus,20,14,1,12,3268.0,27,Loss,Diamond
107709,2026-03-29,P006,Vivek,Viper,Split,30,15,4,11,4096.0,27,Loss,Bronze
109973,2026-03-15,P011,Neeraj,Cypher,Pearl,27,16,3,12,4051.0,27,Loss,Diamond
105909,2026-01-21,P013,Ankit,Viper,Lotus,20,12,7,10,4031.0,23,Loss,Bronze
104668,2026-03-31,P009,Sahil,Gekko,Lotus,11,18,6,2,1476.0,25,Win,Gold
104298,2026-04-07,P002,Rahul,Chamber,Icebox,26,12,5,16,3317.0,20,Loss,Diamond
103783,2026-03-22,P004,Rohan,Phoenix,Sunset,11,16,5,5,1862.0,26,Loss,Gold
101008,2026-01-03,P015,Nikhil,Cypher,Sunset,17,8,4,8,3215.0,20,Loss,Immortal
108372,2026-03-09,P020,Harsh,Viper,Lotus,28,9,6,18,4289.0,28,Win,Ascendant
102185,2026-08-15,P014,Varun,Cypher,Haven,18,14,9,5,2876.0,28,Loss,Platinum
103623,2026-06-25,P014,Varun,Reyna,Ascent,8,7,6,1,1370.0,24,Win,Ascendant
107072,2026-08-11,P015,Nikhil,Viper,Ascent,20,14,5,13,2771.0,22,Loss,Bronze
105900,2026-09-25,P013,Ankit,Chamber,Lotus,16,21,6,5,2619.0,18,Loss,Bronze
109693,2026-02-18,P019,Ritesh,Killjoy,Icebox,23,21,5,3,2387.0,22,Win,Silver
109104,2026-08-31,P007,Karan,Fade,Lotus,13,17,5,7,2327.0,21,Loss,Diamond
104834,2026-04-07,P010,Pratik,Killjoy,Bind,23,10,10,12,3329.0,23,Loss,Diamond
106000,2026-08-01,P020,Harsh,Omen,Pearl,22,15,5,11,3384.0,23,Win,Silver
104756,2026-03-13,P001,Shubham,Sova,Breeze,6,15,4,1,1137.0,18,Win,Gold
105098,2026-08-10,P005,Akash,Raze,Icebox,27,15,7,12,3567.0,25,Win,Bronze
100090,2026-03-05,P012,Yash,Jett,Pearl,23,10,9,11,3847.0,23,Loss,Silver
106001,2026-02-24,P003,Amit,Jett,Breeze,22,9,12,10,2986.0,28,Loss,Bronze
106447,2026-07-29,P003,Amit,Fade,Ascent,19,12,12,5,3661.0,21,Win,Iron
109918,2026-05-15,P012,Yash,Sova,Bind,15,9,3,10,1906.0,22,Loss,Platinum
109300,2026-09-20,P002,Rahul,Phoenix,Sunset,18,18,7,4,2939.0,23,Win,Bronze
102117,2026-04-07,P002,Rahul,Sova,Pearl,3,22,7,1,450.0,27,Loss,Gold
102937,2026-05-11,P013,Ankit,Viper,Sunset,24,14,7,4,3211.0,19,Win,Iron
109178,2026-02-26,P003,Amit,Gekko,Haven,13,14,2,8,2252.0,27,Loss,Platinum
100983,2026-09-12,P017,Siddhant,Sova,Split,4,17,7,3,808.0,30,Win,Platinum
106990,2026-05-08,P013,Ankit,Gekko,Ascent,27,9,7,15,4025.0,20,Loss,Silver
105336,2026-08-28,P013,Ankit,Brimstone,Pearl,20,14,0,9,3730.0,25,Loss,Gold
102925,2026-07-02,P020,Harsh,Chamber,Pearl,21,9,6,9,3484.0,28,Loss,Platinum
108265,2026-01-09,P007,Karan,Brimstone,Icebox,23,16,2,10,2412.0,24,Loss,Bronze
103214,2026-05-28,P008,Aditya,Viper,Sunset,17,20,3,6,2356.0,23,Win,Silver
108463,2026-05-17,P020,Harsh,Raze,Breeze,19,18,9,10,2505.0,25,Win,Gold
105522,2026-03-26,P004,Rohan,Brimstone,Haven,17,11,3,8,2535.0,20,Loss,Ascendant
107309,2026-02-28,P011,Neeraj,Brimstone,Lotus,10,13,11,3,1259.0,27,Loss,Silver
104921,2026-02-15,P016,Arjun,Fade,Sunset,15,19,3,6,2001.0,22,Win,Gold
100627,2026-09-09,P015,Nikhil,Phoenix,Sunset,25,15,3,5,4418.0,24,Win,Platinum
108043,2026-02-07,P007,Karan,Gekko,Icebox,17,14,0,7,2627.0,21,Win,Ascendant
106497,2026-01-16,P016,Arjun,Sova,Lotus,9,10,8,4,820.0,21,Loss,Gold
104765,2026-07-05,P004,Rohan,Reyna,Breeze,10,14,6,5,2024.0,27,Loss,Silver
108178,2026-08-15,P017,Siddhant,Sova,Split,12,13,9,4,1884.0,20,Loss,Gold
109614,2026-03-31,P003,Amit,Jett,Split,17,15,8,8,2970.0,23,Win,Silver
101269,2026-07-16,P014,Varun,Sage,Bind,19,14,9,4,3703.0,25,Loss,Platinum
100128,2026-02-04,P019,Ritesh,Sage,Haven,9,10,0,1,1457.0,27,Win,Diamond
105910,2026-08-05,P005,Akash,Raze,Pearl,12,13,6,7,1651.0,23,Win,Gold
101711,2026-06-26,P006,Vivek,Jett,Haven,9,14,2,5,2532.0,20,Loss,Gold
107897,2026-01-30,P012,Yash,Jett,Sunset,30,16,7,24,3877.0,18,Loss,Ascendant
104235,2026-06-26,P005,Akash,Gekko,Bind,17,9,3,5,2161.0,28,Win,Bronze
105216,2026-04-29,P018,Manish,Cypher,Lotus,29,14,3,15,4193.0,18,Loss,Bronze
102398,2026-06-13,P020,Harsh,Brimstone,Haven,27,15,8,4,3893.0,30,Win,Diamond
105459,2026-02-20,P003,Amit,Chamber,Icebox,19,11,3,5,2053.0,19,Loss,Platinum
106085,2026-05-11,P008,Aditya,Cypher,Bind,3,17,6,1,459.0,26,Win,Ascendant
109769,2026-04-05,P006,Vivek,Jett,Split,5,17,8,1,1189.0,18,Win,Platinum
101186,2026-03-07,P006,Vivek,Phoenix,Pearl,11,19,9,3,1612.0,27,Loss,Gold
106041,2026-04-13,P002,Rahul,Reyna,Icebox,29,19,7,9,5373.0,30,Loss,Gold
109813,2026-06-05,P018,Manish,Chamber,Bind,3,13,7,0,667.0,20,Loss,Platinum
107964,2026-04-04,P018,Manish,Cypher,Lotus,3,17,8,1,584.0,27,Loss,Platinum
101977,2026-01-07,P014,Varun,Gekko,Split,26,5,7,10,3702.0,18,Win,Platinum
109907,2026-07-21,P010,Pratik,Gekko,Ascent,18,7,9,6,2381.0,22,Loss,Platinum
104247,2026-02-02,P002,Rahul,Brimstone,Ascent,16,14,3,8,2139.0,25,Win,Diamond
107706,2026-08-03,P004,Rohan,Raze,Ascent,6,13,4,1,987.0,29,Loss,Ascendant
100915,2026-02-06,P002,Rahul,Jett,Haven,13,16,7,5,1947.0,21,Win,Gold
101305,2026-03-04,P018,Manish,Chamber,Breeze,36,16,9,13,5746.0,20,Loss,Gold
107023,2026-04-20,P005,Akash,Cypher,Haven,30,19,5,12,4211.0,20,Win,Ascendant
103049,2026-09-06,P015,Nikhil,Reyna,Breeze,12,18,5,6,1782.0,22,Loss,Gold
109541,2026-06-03,P015,Nikhil,Sova,Lotus,17,14,6,8,3412.0,18,Loss,Ascendant
101273,2026-03-19,P020,Harsh,Cypher,Bind,25,12,4,8,3793.0,20,Loss,Platinum
108090,2026-07-08,P004,Rohan,Cypher,Ascent,21,10,4,10,2739.0,28,Win,Diamond
102796,2026-05-10,P017,Siddhant,Chamber,Sunset,19,14,6,10,2447.0,28,Loss,Silver
101398,2026-05-12,P017,Siddhant,Gekko,Haven,19,8,9,6,3022.0,19,Loss,Ascendant
103358,2026-02-12,P004,Rohan,Cypher,Bind,18,14,6,9,3757.0,24,Win,Silver
100183,2026-04-09,P020,Harsh,Sage,Haven,26,13,0,12,4183.0,18,Win,Immortal
108047,2026-07-27,P007,Karan,Viper,Pearl,19,18,11,7,3127.0,18,Win,Platinum
106275,2026-07-04,P012,Yash,Reyna,Lotus,31,24,8,14,3701.0,27,Win,Bronze
108663,2026-06-15,P004,Rohan,Viper,Split,23,13,7,9,4133.0,28,Win,Iron
105340,2026-03-07,P009,Sahil,Cypher,Ascent,12,10,5,6,1179.0,21,Loss,Platinum
106311,2026-01-12,P015,Nikhil,Jett,Breeze,17,9,10,4,1950.0,30,Win,Gold
107020,2026-07-02,P011,Neeraj,Killjoy,Split,23,11,12,7,3188.0,21,Loss,Platinum
104567,2026-05-28,P018,Manish,Raze,Icebox,16,20,12,6,1624.0,26,Win,Platinum
108634,2026-07-25,P019,Ritesh,Sova,Ascent,18,10,5,11,2027.0,22,Loss,Platinum
102656,2026-04-20,P005,Akash,Omen,Haven,19,8,2,9,3600.0,19,Win,Iron
108327,2026-07-21,P014,Varun,Brimstone,Bind,18,15,0,8,2874.0,21,Loss,Silver
106890,2026-08-14,P011,Neeraj,Fade,Pearl,19,14,5,5,2214.0,26,Loss,Silver
101961,2026-06-07,P003,Amit,Phoenix,Pearl,13,21,3,6,1540.0,28,Loss,Ascendant
104891,2026-05-21,P007,Karan,Jett,Pearl,25,16,4,10,3847.0,19,Win,Immortal
106412,2026-08-09,P015,Nikhil,Reyna,Bind,27,20,4,12,4742.0,28,Win,Ascendant
108507,2026-05-06,P011,Neeraj,Jett,Breeze,31,14,4,20,4675.0,26,Loss,Ascendant
109993,2026-06-24,P009,Sahil,Chamber,Pearl,26,14,6,9,3229.0,27,Win,Gold
101251,2026-09-20,P007,Karan,Gekko,Bind,17,12,5,9,2419.0,18,Loss,Gold
103176,2026-09-24,P004,Rohan,Viper,Breeze,4,13,7,3,722.0,19,Loss,Ascendant
108014,2026-05-03,P014,Varun,Sova,Icebox,15,15,7,6,2662.0,21,Win,Platinum
106562,2026-03-19,P008,Aditya,Cypher,Split,12,12,7,9,2276.0,24,Loss,Gold
108123,2026-09-30,P001,Shubham,Jett,Ascent,14,17,7,6,2023.0,22,Win,Silver
106569,2026-02-15,P010,Pratik,Sova,Ascent,28,15,6,9,4060.0,27,Loss,Ascendant
103289,2026-09-15,P010,Pratik,Cypher,Breeze,7,15,6,1,899.0,21,Win,Immortal
106478,2026-09-26,P016,Arjun,Fade,Split,7,19,3,4,1484.0,29,Win,Platinum
108745,2026-01-03,P001,Shubham,Gekko,Ascent,19,16,0,7,2414.0,30,Loss,Silver
107645,2026-05-20,P010,Pratik,Raze,Breeze,13,20,0,3,2101.0,26,Loss,Ascendant
109134,2026-01-26,P013,Ankit,Sage,Split,27,21,8,9,4079.0,27,Loss,Gold
106920,2026-03-22,P020,Harsh,Gekko,Ascent,13,15,4,1,1832.0,25,Win,Iron
101051,2026-02-07,P007,Karan,Raze,Ascent,21,18,3,12,3159.0,24,Loss,Immortal
104069,2026-06-23,P017,Siddhant,Killjoy,Lotus,27,20,12,5,4365.0,19,Win,Gold
106050,2026-01-25,P019,Ritesh,Viper,Icebox,20,13,5,8,2798.0,25,Win,Silver
105577,2026-08-25,P006,Vivek,Fade,Pearl,11,21,8,6,1661.0,18,Win,Silver
100272,2026-01-26,P020,Harsh,Cypher,Haven,19,15,3,6,3439.0,24,Win,Gold
102042,2026-09-14,P006,Vivek,Brimstone,Icebox,22,20,5,4,4273.0,28,Loss,Platinum
104763,2026-03-26,P004,Rohan,Omen,Ascent,25,15,1,11,3552.0,27,Win,Gold
104995,2026-07-24,P016,Arjun,Killjoy,Sunset,21,12,3,8,3856.0,26,Loss,Platinum
105228,2026-05-04,P007,Karan,Gekko,Haven,19,14,6,5,2960.0,29,Win,Silver
105308,2026-07-11,P009,Sahil,Jett,Bind,30,15,6,17,4591.0,22,Loss,Ascendant
101086,2026-02-03,P004,Rohan,Brimstone,Haven,16,13,8,5,2113.0,24,Win,Gold
105828,2026-07-27,P001,Shubham,Jett,Breeze,15,19,10,7,2491.0,26,Loss,Immortal
107046,2026-06-05,P016,Arjun,Sova,Bind,10,10,4,5,1608.0,26,Loss,Gold
105493,2026-04-15,P013,Ankit,Sova,Breeze,15,15,4,9,2562.0,24,Loss,Iron
109701,2026-09-10,P011,Neeraj,Gekko,Icebox,19,16,8,7,2573.0,25,Loss,Silver
104322,2026-08-14,P008,Aditya,Viper,Icebox,15,13,5,4,2252.0,30,Win,Iron
108809,2026-01-03,P018,Manish,Gekko,Ascent,19,15,5,3,2980.0,24,Loss,Immortal
107782,2026-08-07,P010,Pratik,Chamber,Pearl,21,16,2,5,1644.0,20,Win,Gold
105623,2026-07-28,P003,Amit,Raze,Sunset,21,17,7,10,3623.0,27,Win,Silver
108127,2026-06-14,P011,Neeraj,Viper,Lotus,17,8,5,6,2216.0,22,Win,Gold
107454,2026-08-22,P010,Pratik,Fade,Pearl,4,24,5,3,484.0,20,Win,Platinum
107983,2026-07-08,P001,Shubham,Brimstone,Icebox,19,17,8,7,2215.0,24,Loss,Silver
104709,2026-09-16,P012,Yash,Fade,Split,14,17,4,7,2479.0,18,Loss,Gold
108156,2026-05-08,P013,Ankit,Chamber,Icebox,12,11,1,6,1975.0,30,Win,Diamond
108575,2026-09-30,P007,Karan,Brimstone,Breeze,17,17,6,5,2140.0,24,Loss,Iron
106829,2026-09-13,P019,Ritesh,Killjoy,Pearl,10,15,8,2,1466.0,28,Loss,Immortal
103478,2026-07-19,P003,Amit,Fade,Breeze,21,14,5,7,2740.0,24,Win,Platinum
107148,2026-01-08,P004,Rohan,Raze,Lotus,6,15,3,1,1052.0,21,Loss,Immortal
103924,2026-07-03,P004,Rohan,Raze,Lotus,15,13,7,7,,24,Loss,Gold
101748,2026-09-12,P019,Ritesh,Viper,Bind,17,18,5,8,3118.0,29,Win,Platinum
100732,2026-04-22,P014,Varun,Chamber,Icebox,3,21,6,1,587.0,30,Loss,Platinum
102553,2026-05-12,P005,Akash,Sage,Icebox,26,12,5,4,3905.0,26,Loss,Silver
107254,2026-01-09,P013,Ankit,Cypher,Pearl,15,13,10,8,2203.0,22,Win,Gold
106857,2026-01-08,P001,Shubham,Brimstone,Bind,9,17,11,4,1416.0,28,Loss,Immortal
102662,2026-01-09,P009,Sahil,Sage,Bind,20,12,8,4,2992.0,30,Win,Gold
105614,2026-03-21,P014,Varun,Sova,Icebox,11,12,7,6,1759.0,21,Win,Immortal
105862,2026-01-28,P016,Arjun,Omen,Split,15,15,0,5,2029.0,21,Loss,Platinum
103113,2026-05-25,P018,Manish,Jett,Sunset,29,15,4,11,4081.0,21,Loss,Diamond
103303,2026-08-24,P016,Arjun,Brimstone,Ascent,17,14,5,6,3271.0,22,Win,Ascendant
101344,2026-08-02,P006,Vivek,Reyna,Split,18,15,7,11,2431.0,22,Win,Ascendant
101690,2026-06-19,P003,Amit,Raze,Sunset,13,12,9,4,2738.0,20,Loss,Gold
105048,2026-05-31,P014,Varun,Reyna,Haven,9,17,4,4,1491.0,20,Win,Platinum
109445,2026-07-16,P017,Siddhant,Fade,Sunset,18,13,3,8,3087.0,29,Win,Immortal
103308,2026-01-13,P003,Amit,Omen,Pearl,20,16,2,13,2600.0,23,Win,Silver
101504,2026-02-13,P013,Ankit,Sova,Bind,16,19,0,6,2619.0,18,Win,Platinum
101806,2026-04-21,P014,Varun,,Bind,16,13,8,6,3118.0,22,Win,Silver
107894,2026-08-02,P005,Akash,Fade,Split,10,15,8,7,891.0,28,Loss,Diamond
107135,2026-03-30,P015,Nikhil,Sova,Sunset,37,12,11,18,5888.0,22,Win,Ascendant
103791,2026-06-20,P003,Amit,Reyna,Sunset,20,21,11,9,3380.0,25,Win,Gold
109586,2026-04-19,P010,Pratik,Viper,Bind,10,11,4,4,1438.0,23,Win,Platinum
107363,2026-06-03,P014,Varun,Sage,Bind,16,10,8,7,2890.0,26,Loss,Silver
105936,2026-05-30,P008,Aditya,Gekko,Pearl,24,25,12,7,2672.0,28,Win,Silver
105649,2026-03-04,P010,Pratik,Sage,Split,15,8,2,8,2782.0,25,Loss,Platinum
107933,2026-01-19,P009,Sahil,Sova,Ascent,9,15,6,4,1424.0,19,Loss,Diamond
101848,2026-03-09,P009,Sahil,Killjoy,Haven,3,24,7,1,437.0,27,Loss,Silver
104512,2026-03-20,P012,Yash,Raze,Bind,6,18,5,3,917.0,23,Win,Gold
102431,2026-03-08,P010,Pratik,Raze,Ascent,11,18,6,4,2152.0,24,Win,Ascendant
104660,2026-07-08,P012,Yash,Killjoy,Sunset,31,20,6,6,2907.0,24,Win,Silver
109638,2026-05-18,P020,Harsh,Killjoy,Haven,13,10,9,6,1892.0,23,Win,Gold
105609,2026-07-28,P012,Yash,Chamber,Breeze,14,12,3,7,1605.0,22,Loss,Silver
100142,2026-09-27,P020,Harsh,Jett,Pearl,21,24,8,6,3964.0,27,Loss,Platinum
108779,2026-05-04,P016,Arjun,Phoenix,Bind,12,17,5,5,1850.0,18,Win,Immortal
105558,2026-05-06,P007,Karan,Gekko,Icebox,20,7,5,14,4055.0,23,Win,Platinum
105289,2026-05-15,P011,Neeraj,Fade,Bind,12,7,10,2,2167.0,29,Win,Bronze
103409,2026-07-06,P004,Rohan,Fade,Sunset,14,18,7,7,2567.0,26,Loss,Bronze
101117,2026-01-15,P013,Ankit,Brimstone,Ascent,14,17,1,10,2001.0,18,Win,Silver
101756,2026-03-15,P018,Manish,Reyna,Haven,26,19,6,18,4741.0,28,Win,Ascendant
100497,2026-02-19,P001,Shubham,Reyna,Icebox,19,19,7,8,2722.0,25,Win,Platinum
106959,2026-06-16,P018,Manish,Viper,Breeze,20,14,8,11,3644.0,21,Win,Platinum
100870,2026-08-06,P018,Manish,Sage,Bind,16,15,7,4,2145.0,26,Win,Diamond
103357,2026-09-06,P011,Neeraj,Gekko,Bind,24,12,5,14,3217.0,29,Win,Diamond
100912,2026-07-28,P015,Nikhil,Sage,Breeze,22,15,0,9,2950.0,21,Loss,Gold
100721,2026-06-13,P013,Ankit,Raze,Ascent,12,12,9,2,1745.0,24,Win,Diamond
102805,2026-05-17,P018,Manish,Sage,Pearl,23,11,5,9,3783.0,19,Win,Silver
109963,2026-09-28,P015,Nikhil,Sova,Breeze,16,21,8,7,1994.0,28,Win,Platinum
100886,2026-05-27,P011,Neeraj,Jett,Bind,20,14,2,12,3040.0,24,Win,Diamond
109612,2026-01-03,P013,Ankit,Chamber,Breeze,7,16,9,2,1362.0,25,Loss,Immortal
109598,2026-06-24,P007,Karan,Reyna,Sunset,7,15,5,4,1090.0,18,Loss,Platinum
107207,2026-05-12,P018,Manish,Viper,Haven,6,13,6,2,1083.0,21,Win,Bronze
101520,2026-01-26,P012,Yash,Cypher,Pearl,13,11,5,4,2222.0,24,Loss,Platinum
108708,2026-03-06,P015,Nikhil,Killjoy,Sunset,20,9,5,7,3934.0,20,Win,Silver
102746,2026-09-05,P011,Neeraj,Sage,Icebox,14,14,2,9,2690.0,21,Loss,Ascendant
106076,2026-09-09,P015,Nikhil,Killjoy,Breeze,25,12,2,15,2835.0,22,Win,Silver
106323,2026-04-01,P011,Neeraj,Sage,Haven,26,12,5,12,3664.0,28,Loss,Immortal
100314,2026-03-28,P002,Rahul,Killjoy,Ascent,26,13,1,6,4068.0,23,Loss,Bronze
101799,2026-08-30,P020,Harsh,Killjoy,Haven,15,9,4,11,2145.0,23,Loss,Platinum
100327,2026-09-19,P002,Rahul,Fade,Ascent,6,12,4,2,911.0,25,Loss,Gold
105667,2026-08-23,P001,Shubham,Sage,Sunset,9,17,7,2,1394.0,20,Loss,Diamond
104204,2026-08-06,P016,Arjun,Omen,Haven,16,17,4,6,2085.0,29,Win,Silver
103129,2026-06-17,P018,Manish,Gekko,Ascent,28,19,8,11,4546.0,19,Win,Diamond
109742,2026-03-11,P006,Vivek,Sova,Lotus,13,16,8,4,1727.0,21,Loss,Gold
109200,2026-04-09,P017,Siddhant,Viper,Split,15,10,6,5,1760.0,18,Loss,Iron
103968,2026-03-14,P004,Rohan,Jett,Ascent,25,12,8,17,3507.0,22,Win,Diamond
105769,2026-08-28,P005,Akash,Viper,Ascent,26,22,2,14,4273.0,28,Loss,Silver
105538,2026-06-29,P009,Sahil,Cypher,Ascent,20,12,6,8,2509.0,27,Win,Gold
101973,2026-07-05,P008,Aditya,Sova,Haven,22,8,8,12,3383.0,24,Loss,Platinum
100336,2026-01-12,P005,Akash,Jett,Pearl,16,20,6,7,2540.0,22,Win,Ascendant
102764,2026-02-23,P001,Shubham,Sova,Split,14,13,2,6,2224.0,18,Win,Gold
108775,2026-09-30,P013,Ankit,Fade,Pearl,20,11,6,8,2785.0,19,Loss,Gold
100275,2026-02-23,P011,Neeraj,Reyna,Pearl,21,12,3,12,2268.0,30,Win,Ascendant
102985,2026-05-27,P011,Neeraj,Reyna,Haven,20,21,4,8,2466.0,29,Win,Gold
108029,2026-09-22,P008,Aditya,Cypher,Ascent,9,24,5,2,1760.0,22,Loss,Gold
105876,2026-07-29,P019,Ritesh,Jett,Icebox,7,16,11,3,1030.0,18,Loss,Diamond
103477,2026-04-03,P009,Sahil,Cypher,Lotus,6,16,7,3,799.0,20,Win,Gold
105262,2026-08-26,P018,Manish,Viper,Bind,6,11,0,1,1247.0,20,Loss,Gold
103558,2026-09-26,P008,Aditya,Raze,Sunset,26,17,5,10,4171.0,28,Loss,Platinum
102809,2026-03-06,P017,Siddhant,Gekko,Bind,3,18,4,1,509.0,24,Win,Gold
109132,2026-06-01,P002,Rahul,Jett,Sunset,8,16,2,5,1335.0,19,Loss,Ascendant
104861,2026-09-21,P019,Ritesh,Chamber,Split,12,13,2,7,1855.0,27,Loss,Iron
109792,2026-08-19,P010,Pratik,Killjoy,Icebox,12,12,1,8,1894.0,28,Loss,Platinum
103416,2026-04-06,P010,Pratik,Brimstone,Pearl,34,13,9,20,4470.0,21,Win,Platinum
100307,2026-03-28,P006,Vivek,Chamber,Bind,26,10,4,9,4101.0,19,Loss,Ascendant
103908,2026-03-09,P008,Aditya,Omen,Bind,14,15,7,4,2750.0,25,Win,Gold
100348,2026-06-07,P006,Vivek,Reyna,Sunset,14,18,5,2,1824.0,29,Loss,Diamond
100826,2026-09-14,P008,Aditya,Sova,Breeze,3,17,10,3,443.0,30,Win,Diamond
109521,2026-04-02,P011,Neeraj,Cypher,Haven,31,22,8,15,6360.0,24,Loss,Silver
104482,2026-05-01,P019,Ritesh,Omen,Ascent,20,13,5,10,3316.0,20,Loss,Ascendant
109995,2026-07-10,P004,Rohan,Brimstone,Pearl,26,16,9,10,3032.0,30,Loss,Platinum
103682,2026-08-18,P013,Ankit,Brimstone,Ascent,28,12,8,12,5174.0,22,Loss,Gold
105903,2026-09-18,P019,Ritesh,Chamber,Haven,11,8,4,2,1412.0,21,Loss,Iron
108405,2026-06-01,P017,Siddhant,Jett,Haven,16,17,5,9,2475.0,18,Loss,Diamond
102053,2026-08-03,P002,Rahul,Reyna,Lotus,12,12,13,7,1459.0,27,Loss,Bronze
100071,2026-02-23,P006,Vivek,Sage,Sunset,12,13,7,5,1797.0,24,Loss,Platinum
105532,2026-03-13,P018,Manish,Cypher,Ascent,21,19,4,8,3686.0,21,Loss,Bronze
107047,2026-08-14,P001,Shubham,Cypher,Icebox,16,12,10,6,1953.0,20,Loss,Ascendant
107823,2026-08-14,P019,Ritesh,Sova,Icebox,11,12,4,4,1973.0,20,Win,Ascendant
108186,2026-09-12,P020,Harsh,Sova,Sunset,14,16,6,7,1983.0,22,Win,Silver
101666,2026-06-23,P007,Karan,Gekko,Pearl,15,13,6,6,2504.0,18,Loss,Immortal
106215,2026-07-17,P010,Pratik,Omen,Ascent,34,15,7,8,4748.0,29,Loss,Ascendant
106499,2026-06-16,P014,Varun,Fade,Split,18,16,8,7,2533.0,28,Win,Platinum
108786,2026-04-08,P011,Neeraj,Fade,Lotus,12,9,2,7,1978.0,29,Win,Bronze
101445,2026-09-22,P019,Ritesh,Sova,Ascent,21,23,3,6,1933.0,19,Loss,Gold
108323,2026-03-17,P003,Amit,Cypher,Breeze,17,12,9,9,1619.0,29,Win,Silver
109529,2026-09-26,P019,Ritesh,Cypher,Split,16,14,4,5,2405.0,24,Win,Gold
101695,2026-09-23,P006,Vivek,Reyna,Icebox,22,7,10,6,3000.0,30,Win,Gold
102892,2026-05-03,P016,Arjun,Killjoy,Bind,18,14,11,10,3093.0,29,Loss,Platinum
101574,2026-05-16,P016,Arjun,Brimstone,Breeze,20,15,4,13,3788.0,28,Win,Diamond
103203,2026-09-12,P018,Manish,Sage,Ascent,15,17,11,6,2150.0,18,Loss,Platinum
104405,2026-07-23,P015,Nikhil,Viper,Split,15,10,8,5,1667.0,20,Loss,Ascendant
101630,2026-08-25,P020,Harsh,Sova,Haven,11,10,3,4,1209.0,23,Win,Iron
107507,2026-07-18,P004,Rohan,Cypher,Haven,22,18,0,10,1442.0,18,Loss,Silver
101881,2026-01-26,P017,Siddhant,Cypher,Pearl,17,18,2,6,2287.0,26,Win,Platinum
108840,2026-04-17,P003,Amit,Gekko,Lotus,18,16,8,7,2381.0,23,Loss,Diamond
105610,2026-02-04,P013,Ankit,Omen,Pearl,9,16,7,4,1373.0,24,Win,Bronze
100848,2026-04-12,P015,Nikhil,Jett,Ascent,13,3,5,6,1511.0,20,Loss,Platinum
107518,2026-09-12,P019,Ritesh,Phoenix,Icebox,25,14,6,9,3153.0,29,Loss,Platinum
106217,2026-05-01,P018,Manish,Sova,Icebox,15,19,7,5,1795.0,28,Loss,Platinum
105896,2026-02-17,P016,Arjun,Raze,Ascent,12,10,4,6,1906.0,26,Win,Silver
102877,2026-08-08,P016,Arjun,Killjoy,Breeze,26,12,9,9,4300.0,19,Win,Platinum
100186,2026-01-24,P008,Aditya,Gekko,Lotus,18,16,9,6,2889.0,25,Win,Immortal
103779,2026-09-07,P015,Nikhil,Cypher,Sunset,3,14,2,0,310.0,27,Loss,Platinum
101830,2026-09-17,P007,Karan,Raze,Ascent,18,10,7,12,3065.0,20,Win,Bronze
102959,2026-01-06,P015,Nikhil,Reyna,Breeze,17,12,1,7,2138.0,25,Win,Silver
109260,2026-01-12,P011,Neeraj,Phoenix,Haven,11,16,5,6,1919.0,30,Loss,Silver
106407,2026-06-08,P009,Sahil,Jett,Breeze,9,13,12,2,1590.0,28,Loss,Diamond
101234,2026-09-28,P010,Pratik,Killjoy,Icebox,18,14,6,6,2231.0,24,Loss,Platinum
105998,2026-09-19,P006,Vivek,Omen,Split,20,19,5,10,4685.0,19,Win,Diamond
103915,2026-02-15,P018,Manish,Sova,Haven,22,15,8,7,3763.0,23,Loss,Immortal
100446,2026-04-14,P011,Neeraj,Chamber,Pearl,18,15,3,6,2705.0,28,Loss,Platinum
100844,2026-05-26,P016,Arjun,Sage,Lotus,17,14,6,8,2719.0,18,Win,Platinum
105798,2026-03-31,P015,Nikhil,Omen,Ascent,32,13,6,17,4891.0,18,Loss,Platinum
105427,2026-01-17,P010,Pratik,Sage,Split,3,15,0,2,442.0,21,Loss,Diamond
102440,2026-08-17,P018,Manish,Raze,Sunset,22,13,3,3,3102.0,21,Win,Platinum
103103,2026-08-20,P011,Neeraj,Brimstone,Breeze,20,9,4,5,3984.0,18,Loss,Diamond
108604,2026-07-17,P005,Akash,Chamber,Sunset,19,5,8,6,3470.0,24,Loss,Gold
109532,2026-06-22,P001,Shubham,Fade,Sunset,13,15,9,8,2089.0,20,Win,Platinum
107498,2026-03-31,P019,Ritesh,Gekko,Pearl,23,15,2,8,1940.0,30,Loss,Platinum
101294,2026-05-21,P005,Akash,Fade,Breeze,13,6,6,6,1877.0,21,Win,Platinum
105613,2026-03-09,P010,Pratik,Cypher,Haven,24,10,10,11,2814.0,28,Win,Ascendant
109035,2026-05-30,P014,Varun,Sova,Breeze,10,11,2,6,1704.0,26,Loss,Immortal
105067,2026-06-18,P007,Karan,Cypher,Pearl,24,11,1,11,3773.0,26,Loss,Diamond
103442,2026-05-21,P004,Rohan,Raze,Lotus,12,18,9,5,2749.0,20,Win,Gold
108469,2026-09-07,P001,Shubham,Phoenix,Sunset,10,12,0,5,1346.0,29,Win,Ascendant
107307,2026-07-13,P020,Harsh,Viper,Sunset,25,12,10,7,3440.0,23,Loss,Gold
109866,2026-06-25,P019,Ritesh,Killjoy,Lotus,23,15,3,8,4187.0,20,Loss,Diamond
100776,2026-07-14,P003,Amit,Sage,Ascent,16,21,9,5,2789.0,25,Loss,Silver
109736,2026-06-13,P014,Varun,Viper,Ascent,14,20,6,6,1644.0,27,Loss,Gold
102153,2026-08-10,P012,Yash,Brimstone,Icebox,6,8,8,2,1065.0,18,Win,Silver
104920,2026-08-26,P014,Varun,Phoenix,Breeze,18,13,9,14,2175.0,24,Loss,Silver
109544,2026-09-09,P012,Yash,Phoenix,Ascent,28,16,3,10,3042.0,26,Win,Bronze
109512,2026-02-06,P002,Rahul,Omen,Sunset,13,9,10,3,1550.0,24,Win,Diamond
105697,2026-07-23,P010,Pratik,Sage,Icebox,16,11,3,8,2258.0,30,Win,Gold
108444,2026-09-22,P018,Manish,Brimstone,Bind,35,16,6,12,4972.0,28,Loss,Gold
108450,2026-06-11,P011,Neeraj,Reyna,Bind,14,9,8,7,1803.0,21,Win,Platinum
103183,2026-09-26,P011,Neeraj,Sova,Sunset,15,20,6,5,2387.0,27,Win,Gold
107374,2026-01-02,P018,Manish,Viper,Split,29,17,7,17,4503.0,20,Win,Platinum
103199,2026-04-24,P012,Yash,Killjoy,Split,17,8,10,9,2764.0,24,Loss,Gold
108639,2026-03-11,P001,Shubham,Reyna,Haven,24,13,11,5,3474.0,21,Loss,Silver
101289,2026-01-12,P010,Pratik,Sova,Split,15,10,5,3,1097.0,20,Win,Silver
104581,2026-04-09,P016,Arjun,Gekko,Icebox,22,12,5,12,2064.0,24,Win,Gold
106221,2026-04-08,P020,Harsh,Jett,Breeze,18,16,7,7,2906.0,27,Loss,Platinum
108954,2026-02-06,P011,Neeraj,Gekko,Bind,21,12,10,14,3281.0,25,Win,Ascendant
107182,2026-05-07,P012,Yash,Chamber,Pearl,17,10,5,5,2792.0,25,Win,Bronze
108270,2026-05-30,P003,Amit,Cypher,Sunset,7,16,2,2,1110.0,19,Win,Diamond
104106,2026-05-30,P001,Shubham,Brimstone,Split,11,16,12,4,1400.0,29,Loss,Gold
104126,2026-07-17,P003,Amit,Fade,Haven,3,17,5,1,532.0,25,Win,Diamond
108776,2026-02-08,P003,Amit,Chamber,Breeze,36,12,5,10,4990.0,20,Win,Gold
103966,2026-02-25,P013,Ankit,Jett,Pearl,20,10,5,12,4507.0,28,Win,Platinum
101879,2026-09-13,P015,Nikhil,Raze,Sunset,7,15,13,3,895.0,25,Loss,Ascendant
108514,2026-08-09,P020,Harsh,Chamber,Sunset,16,15,5,6,1987.0,23,Loss,Immortal
109318,2026-08-13,P005,Akash,Sova,Bind,13,14,8,8,1282.0,20,Win,Immortal
105171,2026-09-29,P004,Rohan,Chamber,Lotus,9,12,6,4,1236.0,25,Win,Ascendant
103587,2026-09-26,P018,Manish,Omen,Split,7,19,7,2,731.0,27,Loss,Silver
109251,2026-01-15,P014,Varun,Brimstone,Sunset,11,16,7,7,2131.0,26,Win,Diamond
103865,2026-01-16,P015,Nikhil,Raze,Split,14,12,10,6,2129.0,27,Loss,Silver
107902,2026-07-21,P014,Varun,Jett,Haven,15,8,8,3,1904.0,24,Win,Silver
104131,2026-02-05,P005,Akash,Sova,Breeze,38,17,6,11,6074.0,23,Win,Silver
101036,2026-05-09,P010,Pratik,Killjoy,Haven,23,19,3,8,3081.0,20,Loss,Platinum
100636,2026-07-15,P004,Rohan,Sova,Pearl,10,17,6,4,1928.0,26,Win,Gold
109791,2026-09-03,P012,Yash,Gekko,Sunset,25,12,1,7,3880.0,29,Loss,Bronze
104134,2026-01-26,P015,Nikhil,Brimstone,Haven,23,15,4,12,4268.0,28,Win,Diamond
105363,2026-04-25,P001,Shubham,Brimstone,Bind,13,18,1,4,2149.0,19,Win,Ascendant
101083,2026-01-25,P005,Akash,Viper,Icebox,13,17,6,5,3122.0,29,Loss,Platinum
100861,2026-04-30,P014,Varun,Phoenix,Pearl,19,8,1,9,3319.0,27,Loss,Ascendant
100903,2026-06-18,P007,Karan,Sova,Icebox,7,19,8,3,1310.0,24,Loss,Iron
100191,2026-09-28,P001,Shubham,Jett,Haven,15,17,5,12,1595.0,21,Loss,Diamond
100109,2026-04-20,P001,Shubham,Raze,Ascent,12,18,7,5,1823.0,23,Loss,Silver
104455,2026-02-20,P016,Arjun,Viper,Bind,7,16,9,5,1323.0,25,Win,Gold
101942,2026-09-08,P020,Harsh,Cypher,Bind,14,14,6,4,1853.0,25,Win,Silver
105312,2026-06-15,P008,Aditya,Brimstone,Haven,23,13,8,9,2794.0,26,Loss,Silver
104331,2026-09-22,P004,Rohan,Killjoy,Sunset,25,16,6,15,2149.0,30,Loss,Bronze
108560,2026-05-31,P009,Sahil,Chamber,Icebox,21,9,8,10,3079.0,25,Loss,Gold
102040,2026-08-06,P010,Pratik,Jett,Lotus,18,22,4,1,2412.0,25,Loss,Platinum
107365,2026-06-03,P015,Nikhil,Jett,Breeze,6,15,3,3,1009.0,28,Win,Ascendant
106884,2026-02-25,P018,Manish,Killjoy,Icebox,10,11,3,4,1337.0,30,Loss,Diamond
107814,2026-01-16,P020,Harsh,Fade,Haven,20,14,14,8,2989.0,23,Win,Silver
104659,2026-06-02,P019,Ritesh,Gekko,Sunset,12,13,14,2,2138.0,20,Win,Gold
106440,2026-04-26,P016,Arjun,Cypher,Breeze,17,15,0,8,2308.0,25,Loss,Platinum
102775,2026-07-07,P012,Yash,Sova,Pearl,15,10,6,8,1584.0,18,Loss,Platinum
104145,2026-02-06,P007,Karan,Cypher,Sunset,24,18,6,11,3023.0,23,Loss,Bronze
102323,2026-08-21,P001,Shubham,Killjoy,Split,11,15,8,7,1973.0,18,Loss,Diamond
100762,2026-03-12,P004,Rohan,Chamber,Haven,17,14,1,4,2163.0,28,Win,Immortal
102617,2026-06-12,P003,Amit,Jett,Lotus,14,12,0,10,2069.0,24,Win,Gold
102411,2026-06-01,P011,Neeraj,Fade,Split,32,10,3,12,4960.0,21,Win,Platinum
101094,2026-07-31,P010,Pratik,Viper,Ascent,22,16,5,13,3062.0,21,Win,Platinum
106201,2026-02-22,P002,Rahul,Sage,Ascent,23,13,11,13,3643.0,26,Loss,Bronze
107081,2026-02-10,P012,Yash,Gekko,Ascent,4,12,2,2,599.0,22,Loss,Platinum
105705,2026-03-29,P020,Harsh,Brimstone,Ascent,30,15,13,17,4881.0,27,Win,Platinum
103135,2026-06-05,P010,Pratik,Killjoy,Lotus,19,10,8,5,3504.0,28,Loss,Gold
105712,2026-09-15,P015,Nikhil,Cypher,Haven,13,20,0,2,1746.0,25,Win,Bronze
105040,2026-07-16,P019,Ritesh,Killjoy,Split,16,17,2,6,2197.0,23,Loss,Immortal
103805,2026-01-26,P018,Manish,Phoenix,Ascent,25,17,1,7,3447.0,30,Loss,Silver
100884,2026-02-18,P002,Rahul,Fade,Haven,20,13,6,7,2665.0,25,Loss,
102654,2026-01-09,P016,Arjun,Raze,Lotus,17,11,8,7,2142.0,25,Win,Gold
106653,2026-02-19,P017,Siddhant,Brimstone,Bind,14,14,3,6,2161.0,20,Loss,Bronze
106216,2026-02-18,P019,Ritesh,Cypher,Haven,12,11,2,1,1871.0,28,Loss,Iron
108841,2026-01-06,P007,Karan,Jett,Ascent,16,10,5,5,2969.0,19,Win,Ascendant
106773,2026-01-23,P017,Siddhant,Jett,Breeze,25,17,6,4,4380.0,29,Win,Diamond
107660,2026-06-01,P017,Siddhant,Raze,Ascent,16,11,3,0,1981.0,29,Win,Silver
105706,2026-06-13,P007,Karan,Chamber,Breeze,25,10,0,5,3069.0,24,Win,Silver
107040,2026-01-05,P004,Rohan,Viper,Breeze,18,21,11,10,2455.0,25,Loss,Gold
109706,2026-06-28,P011,Neeraj,Chamber,Pearl,26,7,6,10,3221.0,19,Loss,Iron
102202,2026-05-27,P015,Nikhil,Phoenix,Sunset,23,16,5,8,3825.0,21,Win,Platinum
106135,2026-09-01,P014,Varun,Phoenix,Split,29,13,0,9,3782.0,21,Loss,Gold
106390,2026-09-15,P004,Rohan,Fade,Ascent,14,20,8,7,1632.0,30,Win,Platinum
101262,2026-07-16,P020,Harsh,Raze,Haven,15,9,10,9,1800.0,30,Win,Platinum
105714,2026-05-04,P015,Nikhil,Sova,Icebox,28,15,4,8,4773.0,20,Win,Platinum
100975,2026-09-21,P014,Varun,Omen,Lotus,25,19,0,10,4291.0,19,Win,Gold
105858,2026-07-02,P006,Vivek,Jett,Haven,21,9,8,6,4132.0,28,Loss,Ascendant
104925,2026-03-22,P007,Karan,Omen,Icebox,26,9,8,17,3607.0,25,Win,Gold
100941,2026-07-24,P017,Siddhant,Chamber,Ascent,15,15,8,6,1997.0,18,Win,Gold
104723,2026-09-12,P006,Vivek,Viper,Breeze,12,15,4,8,1902.0,20,Win,Gold
102387,2026-07-29,P020,Harsh,Brimstone,Pearl,14,6,6,9,1902.0,25,Loss,Bronze
109748,2026-08-15,P010,Pratik,Phoenix,Ascent,16,13,7,7,3349.0,24,Win,Platinum
105021,2026-06-28,P013,Ankit,Chamber,Pearl,13,13,7,8,2013.0,24,Win,Platinum
104391,2026-01-25,P006,Vivek,Raze,Lotus,13,17,2,5,2622.0,25,Win,Silver
105148,2026-09-27,P018,Manish,Gekko,Bind,15,19,11,9,2765.0,24,Win,Bronze
103221,2026-09-04,P013,Ankit,Cypher,Sunset,38,11,8,11,5027.0,20,Win,Diamond
103882,2026-09-12,P007,Karan,Jett,Lotus,18,14,0,9,2082.0,19,Win,Silver
109458,2026-07-06,P016,Arjun,Gekko,Haven,24,19,2,5,3146.0,19,Loss,Diamond
109970,2026-02-02,P017,Siddhant,Omen,Bind,23,14,5,5,3112.0,24,Loss,Gold
105945,2026-04-18,P006,Vivek,Raze,Icebox,15,9,4,7,2095.0,20,Loss,Silver
102789,2026-02-05,P012,Yash,Viper,Icebox,10,14,2,5,1385.0,30,Loss,Iron
100944,2026-08-30,P013,Ankit,Viper,Split,12,17,6,10,2040.0,22,Win,Diamond
108927,2026-06-16,P012,Yash,Omen,Pearl,15,17,3,9,2818.0,18,Win,Immortal
101857,2026-07-20,P013,Ankit,Cypher,Pearl,10,15,7,3,1341.0,21,Loss,Immortal
108688,2026-05-20,P017,Siddhant,Viper,Bind,10,12,5,2,1092.0,19,Loss,Diamond
104108,2026-03-04,P009,Sahil,Phoenix,Ascent,12,14,2,9,1436.0,25,Win,Bronze
108532,2026-05-25,P016,Arjun,Reyna,Split,20,19,5,8,4221.0,21,Loss,Bronze
103255,2026-09-07,P009,Sahil,Phoenix,Pearl,19,16,2,5,3266.0,24,Win,Bronze
102690,2026-08-06,P015,Nikhil,Reyna,Icebox,13,5,7,8,2152.0,21,Loss,Ascendant
107391,2026-02-13,P003,Amit,Phoenix,Split,19,14,7,10,2851.0,19,Loss,Diamond
106827,2026-09-01,P014,Varun,Omen,Pearl,18,18,7,4,3534.0,27,Win,Silver
101319,2026-07-02,P004,Rohan,Viper,Haven,33,16,1,11,3193.0,23,Loss,Gold
108999,2026-03-26,P009,Sahil,Phoenix,Icebox,19,11,5,9,3528.0,29,Loss,Ascendant
109900,2026-03-24,P019,Ritesh,Omen,Ascent,15,21,2,8,1150.0,27,Loss,Silver
105162,2026-06-04,P015,Nikhil,Sage,Ascent,20,17,8,7,3152.0,30,Loss,Platinum
105856,2026-03-05,P013,Ankit,Sage,Sunset,11,14,7,5,1838.0,18,Win,Ascendant
106824,2026-08-15,P018,Manish,Gekko,Breeze,16,10,9,7,1801.0,20,Loss,Platinum
107818,2026-07-09,P008,Aditya,Brimstone,Lotus,20,16,5,9,2756.0,18,Win,Gold
109122,2026-09-27,P017,Siddhant,Killjoy,Icebox,21,26,7,7,3035.0,30,Loss,Platinum
103475,2026-03-28,P012,Yash,Viper,Ascent,11,24,7,4,2018.0,28,Win,Platinum
103505,2026-01-30,P020,Harsh,Sova,Haven,26,15,9,13,4895.0,20,Loss,Silver
104749,2026-09-03,P014,Varun,Reyna,Lotus,23,15,10,7,3722.0,29,Loss,Silver
102477,2026-05-04,P007,Karan,Killjoy,Bind,12,19,10,4,1799.0,27,Win,Diamond
106794,2026-03-19,P019,Ritesh,Jett,Icebox,25,12,5,9,3653.0,21,Loss,Diamond
108981,2026-01-19,P011,Neeraj,Raze,Breeze,20,16,2,6,3758.0,22,Win,Bronze
107379,2026-04-21,P011,Neeraj,Omen,Breeze,10,11,4,3,1656.0,20,Loss,Ascendant
107620,2026-03-11,P015,Nikhil,Fade,Ascent,20,14,7,9,3037.0,26,Loss,Platinum
105369,2026-08-04,P013,Ankit,Cypher,Split,14,10,9,6,2578.0,21,Win,Gold
109883,2026-02-01,P012,Yash,Viper,Split,12,14,0,5,2016.0,22,Win,Gold
107267,2026-06-25,P008,Aditya,Sage,Ascent,14,14,7,4,1571.0,22,Win,Immortal
101874,2026-06-11,P002,Rahul,Omen,Pearl,25,13,0,6,2835.0,27,Win,Diamond
108535,2026-05-21,P013,Ankit,Phoenix,Ascent,13,9,7,5,2616.0,28,Loss,Bronze
108690,2026-04-29,P019,Ritesh,Brimstone,Split,11,14,7,4,1636.0,22,Loss,Silver
105096,2026-07-10,P002,Rahul,Viper,Split,10,16,4,7,2004.0,28,Loss,Silver
102904,2026-05-05,P009,Sahil,Sova,Sunset,14,15,5,2,2493.0,25,Loss,Silver
100570,2026-01-20,P006,Vivek,Phoenix,Lotus,17,9,2,7,2617.0,25,Loss,Diamond
101448,2026-04-24,P020,Harsh,Raze,Bind,31,20,4,17,4342.0,27,Win,Gold
105991,2026-01-30,P006,Vivek,Raze,Sunset,25,10,4,13,3611.0,21,Loss,Gold
106271,2026-02-27,P015,Nikhil,Raze,Breeze,18,15,2,8,2500.0,18,Loss,Silver
106973,2026-02-07,P016,Arjun,Phoenix,Haven,11,18,4,4,1755.0,30,Loss,Platinum
106855,2026-04-24,P014,Varun,Chamber,Lotus,13,17,4,3,2195.0,21,Win,Gold
106558,2026-03-10,P015,Nikhil,Sage,Split,12,15,5,4,2193.0,27,Loss,Platinum
103226,2026-01-19,P009,Sahil,Gekko,Ascent,14,15,4,5,2461.0,21,Loss,Ascendant
109764,2026-04-02,P014,Varun,Reyna,Breeze,16,13,3,9,2482.0,30,Win,Silver
103978,2026-09-25,P001,Shubham,Cypher,Breeze,12,15,3,6,1415.0,29,Loss,Diamond
104383,2026-07-10,P019,Ritesh,Chamber,Ascent,28,21,5,15,4937.0,21,Win,Gold
107684,2026-09-18,P008,Aditya,Fade,Haven,13,11,8,5,1877.0,27,Win,Gold
103539,2026-09-30,P016,Arjun,Chamber,Split,17,4,9,9,2614.0,28,Loss,Immortal
105708,2026-08-20,P019,Ritesh,Phoenix,Bind,21,15,5,8,2901.0,22,Win,Silver
106908,2026-04-07,P004,Rohan,Fade,Ascent,11,25,4,5,1670.0,27,Win,Diamond
102827,2026-07-13,P008,Aditya,Fade,Split,18,18,8,6,2244.0,30,Win,Gold
106772,2026-04-01,P009,Sahil,Cypher,Icebox,27,13,4,10,3489.0,23,Win,Gold
104996,2026-03-18,P001,Shubham,Fade,Bind,27,16,5,11,4886.0,26,Win,Ascendant
101338,2026-04-20,P015,Nikhil,Viper,Haven,23,12,7,7,2974.0,30,Loss,Platinum
103262,2026-09-01,P012,Yash,Chamber,Bind,20,10,9,6,2736.0,18,Loss,Ascendant
107213,2026-09-05,P020,Harsh,Fade,Ascent,9,11,6,5,1469.0,20,Loss,Bronze
108139,2026-05-20,P005,Akash,Cypher,Icebox,14,8,0,6,2422.0,28,Win,Gold
100650,2026-04-07,P019,Ritesh,Brimstone,Sunset,20,15,1,10,2942.0,21,Loss,Gold
102902,2026-01-25,P005,Akash,Chamber,Bind,16,14,10,8,2526.0,22,Win,Iron
102258,2026-02-20,P020,Harsh,Raze,Breeze,23,22,8,8,1982.0,27,Win,Platinum
107436,2026-01-03,P007,Karan,Chamber,Split,22,17,8,14,2891.0,29,Win,Platinum
103521,2026-08-12,P012,Yash,Fade,Breeze,14,15,7,7,2341.0,24,Win,Ascendant
102730,2026-01-31,P003,Amit,Raze,Split,22,20,7,2,4196.0,26,Loss,Diamond
105521,2026-03-19,P014,Varun,Sova,Lotus,17,11,7,7,2730.0,19,Win,Platinum
104478,2026-09-19,P006,Vivek,Brimstone,Haven,19,20,3,6,2106.0,30,Loss,Gold
101596,2026-06-05,P018,Manish,Reyna,Bind,20,11,4,10,3167.0,20,Loss,Gold
107912,2026-06-15,P012,Yash,Jett,Pearl,14,14,5,8,2010.0,20,Loss,Gold
102584,2026-03-26,P005,Akash,Killjoy,Breeze,24,12,4,12,4104.0,18,Loss,Bronze
105466,2026-05-19,P013,Ankit,Chamber,Split,16,11,10,4,2925.0,29,Loss,Platinum
103196,2026-07-31,P003,Amit,Raze,Breeze,32,17,9,9,4745.0,24,Loss,Diamond
107402,2026-07-22,P006,Vivek,Sage,Lotus,18,10,3,8,1923.0,22,Loss,Silver
107716,2026-04-04,P009,Sahil,Raze,Icebox,14,10,3,4,1944.0,26,Loss,Diamond
109786,2026-09-27,P015,Nikhil,Jett,Split,29,17,5,14,4761.0,20,Loss,Gold
101258,2026-06-18,P004,Rohan,Phoenix,Haven,15,22,4,8,1987.0,30,Win,Ascendant
107997,2026-09-14,P005,Akash,Brimstone,Lotus,26,19,5,13,3853.0,27,Win,Bronze
100991,2026-08-28,P016,Arjun,Raze,Pearl,21,13,0,7,2383.0,19,Loss,Iron
103504,2026-01-08,P002,Rahul,Sova,Lotus,13,16,0,5,2155.0,20,Win,Diamond
100113,2026-09-03,P002,Rahul,Chamber,Sunset,18,11,2,2,2142.0,23,Loss,Gold
100919,2026-08-18,P020,Harsh,Raze,Breeze,7,12,0,5,953.0,26,Win,Gold
102509,2026-06-05,P011,Neeraj,Raze,Lotus,18,5,6,10,1824.0,27,Loss,Gold
109423,2026-04-18,P014,Varun,Phoenix,Bind,24,14,9,5,3505.0,21,Loss,Diamond
100165,2026-07-07,P010,Pratik,Fade,Icebox,11,7,3,5,1664.0,19,Loss,Gold
105288,2026-03-15,P001,Shubham,Omen,Pearl,3,20,4,1,350.0,30,Loss,Diamond
104603,2026-09-24,P010,Pratik,Chamber,Haven,7,14,1,3,1246.0,27,Win,Gold
100949,2026-01-15,P016,Arjun,Brimstone,Lotus,3,13,5,0,528.0,25,Win,Platinum
104594,2026-01-04,P011,Neeraj,Jett,Icebox,7,21,1,1,587.0,24,Win,Diamond
105753,2026-09-16,P005,Akash,Gekko,Haven,26,14,1,11,3988.0,25,Loss,Bronze
103770,2026-01-04,P007,Karan,Omen,Sunset,17,13,8,7,2293.0,19,Win,Diamond
102506,2026-07-02,P002,Rahul,Reyna,Pearl,28,16,0,7,3677.0,28,Win,Platinum
105107,2026-01-17,P007,Karan,Sage,Lotus,6,7,4,4,1272.0,20,Win,Silver
102850,2026-03-12,P014,Varun,Phoenix,Ascent,14,10,9,8,2211.0,21,Win,Platinum
106515,2026-01-19,P011,Neeraj,Jett,Sunset,13,9,2,1,1329.0,26,Loss,Ascendant
108813,2026-02-13,P010,Pratik,Viper,Icebox,22,17,7,14,3198.0,23,Loss,Silver
107476,2026-06-07,P006,Vivek,Jett,Split,17,13,8,11,2617.0,21,Win,Platinum
104446,2026-03-20,P015,Nikhil,Killjoy,Icebox,13,20,6,6,2347.0,28,Win,Diamond
104460,2026-06-11,P008,Aditya,Killjoy,Bind,26,16,2,14,4168.0,25,Loss,Ascendant
106838,2026-06-30,P005,Akash,Omen,Haven,23,15,5,11,3715.0,29,Loss,Silver
102505,2026-06-03,P017,Siddhant,Fade,Pearl,17,13,4,9,2068.0,18,Win,Gold
101114,2026-06-26,P008,Aditya,Reyna,Icebox,11,10,9,3,1467.0,20,Loss,Bronze
109376,2026-06-13,P008,Aditya,Sova,Haven,9,19,8,6,1325.0,28,Loss,Immortal
100298,2026-01-15,P015,Nikhil,Chamber,Breeze,20,12,3,5,3050.0,26,Win,Diamond
101675,2026-06-22,P018,Manish,Phoenix,Ascent,15,12,8,7,2149.0,25,Loss,Platinum
103347,2026-05-25,P015,Nikhil,Fade,Ascent,8,11,7,3,1674.0,18,Win,Ascendant
102735,2026-03-19,P005,Akash,Killjoy,Breeze,21,11,0,10,2757.0,25,Loss,Gold
107854,2026-05-14,P003,Amit,Killjoy,Bind,3,10,7,1,537.0,22,Loss,Immortal
104988,2026-02-13,P007,Karan,Jett,Split,31,10,7,19,4353.0,30,Loss,Gold
109015,2026-01-03,P012,Yash,Omen,Lotus,21,15,4,11,2235.0,22,Win,Platinum
107797,2026-07-04,P018,Manish,Gekko,Breeze,25,15,1,16,3111.0,20,Win,Diamond
104325,2026-01-26,P004,Rohan,Sage,Pearl,3,14,3,1,494.0,25,Win,Platinum
106750,2026-05-26,P017,Siddhant,Brimstone,Bind,24,11,9,7,4415.0,25,Win,Diamond
105940,2026-05-04,P015,Nikhil,Fade,Haven,23,17,7,6,3528.0,18,Loss,Ascendant
104550,2026-03-14,P020,Harsh,Cypher,Sunset,3,20,0,2,706.0,20,Win,Platinum
108870,2026-02-07,P008,Aditya,Viper,Split,36,15,0,11,6430.0,27,Loss,Bronze
107882,2026-08-28,P005,Akash,Sova,Haven,19,13,6,6,1929.0,27,Loss,Iron
102103,2026-02-27,P016,Arjun,Fade,Lotus,13,11,9,0,1905.0,19,Win,Platinum
105840,2026-03-19,P004,Rohan,Raze,Sunset,14,19,7,10,1878.0,25,Loss,Platinum
106792,2026-01-07,P012,Yash,Raze,Lotus,12,19,6,3,1598.0,20,Win,Gold
107487,2026-03-13,P006,Vivek,Fade,Lotus,11,10,7,5,1456.0,27,Loss,Iron
101837,2026-03-06,P012,Yash,Cypher,Pearl,21,13,1,8,3331.0,18,Win,Gold
107937,2026-01-25,P002,Rahul,Gekko,Icebox,22,16,4,11,4134.0,27,Loss,Silver
108336,2026-08-19,P009,Sahil,Viper,Haven,17,18,3,6,2598.0,23,Win,Platinum
109473,2026-02-07,P013,Ankit,Omen,Breeze,27,13,9,16,4785.0,19,Win,Platinum
100607,2026-09-21,P009,Sahil,Fade,Icebox,15,16,9,4,3761.0,27,Loss,Diamond
106062,2026-04-13,P017,Siddhant,Fade,Lotus,23,13,2,6,2841.0,19,Win,Ascendant
101093,2026-08-19,P016,Arjun,Jett,Split,3,17,9,2,459.0,28,Loss,Platinum
108042,2026-05-18,P020,Harsh,Jett,Bind,10,14,8,5,1421.0,19,Loss,Gold
107381,2026-07-12,P007,Karan,Sage,Pearl,29,13,10,9,3861.0,19,Win,Platinum
108983,2026-08-17,P014,Varun,Brimstone,Lotus,27,16,7,9,3750.0,20,Loss,Gold
104487,2026-06-19,P015,Nikhil,Chamber,Ascent,24,11,5,11,3238.0,24,Win,Bronze
100160,2026-05-27,P012,Yash,Viper,Ascent,7,19,3,3,898.0,27,Win,Platinum
100203,2026-06-17,P002,Rahul,Gekko,Icebox,15,14,10,7,1851.0,21,Loss,Gold
107073,2026-07-09,P001,Shubham,Jett,Breeze,22,13,3,8,3673.0,30,Loss,Iron
105920,2026-09-04,P005,Akash,Omen,Pearl,21,15,4,8,2901.0,22,Win,Platinum
104933,2026-08-30,P012,Yash,Brimstone,Ascent,24,10,6,12,2821.0,18,Win,Diamond
102934,2026-04-11,P004,Rohan,Killjoy,Sunset,19,10,8,7,4021.0,20,Loss,Ascendant
107356,2026-03-26,P002,Rahul,Brimstone,Split,21,8,3,3,3029.0,23,Win,Gold
102435,2026-07-04,P018,Manish,Jett,Sunset,17,10,2,8,1864.0,27,Loss,Platinum
101230,2026-01-23,P016,Arjun,Gekko,Sunset,26,11,4,7,3741.0,23,Loss,Platinum
108694,2026-02-27,P001,Shubham,Fade,Split,6,12,7,3,1191.0,20,Win,Bronze
103046,2026-02-11,P013,Ankit,Fade,Breeze,22,6,3,12,4238.0,22,Win,Platinum
109674,2026-08-27,P020,Harsh,Cypher,Ascent,17,20,7,9,2313.0,22,Win,Ascendant
109230,2026-06-27,P006,Vivek,Raze,Breeze,8,11,9,5,1296.0,25,Loss,Platinum
107700,2026-01-16,P006,Vivek,Phoenix,Sunset,16,12,5,2,2168.0,22,Loss,Immortal
106436,2026-06-10,P014,Varun,Brimstone,Sunset,22,15,6,10,3090.0,28,Loss,Ascendant
104251,2026-02-01,P010,Pratik,Omen,Ascent,21,16,5,10,3024.0,26,Win,Silver
105874,2026-04-28,P014,Varun,Raze,Bind,8,11,7,5,1375.0,28,Win,Silver
103293,2026-08-23,P004,Rohan,Gekko,Split,31,18,7,13,4445.0,20,Loss,Silver
104034,2026-02-04,P018,Manish,Omen,Split,11,11,7,3,1958.0,19,Loss,Platinum
108147,2026-04-30,P003,Amit,Gekko,Split,16,11,8,8,2253.0,22,Win,Platinum
104290,2026-01-05,P016,Arjun,Phoenix,Bind,18,13,7,8,3322.0,27,Win,Platinum
104334,2026-02-18,P002,Rahul,Killjoy,Split,17,17,9,5,2805.0,29,Loss,Ascendant
105958,2026-06-26,P019,Ritesh,Omen,Sunset,14,8,9,7,2070.0,20,Win,Ascendant
103877,2026-08-09,P010,Pratik,Cypher,Ascent,10,15,7,6,1473.0,25,Loss,Ascendant
105453,2026-05-18,P004,Rohan,Chamber,Ascent,16,16,1,5,2567.0,24,Win,Gold
104753,2026-09-04,P002,Rahul,Killjoy,Breeze,28,19,7,13,4388.0,29,Loss,Silver
104886,2026-07-22,P017,Siddhant,Cypher,Ascent,32,11,4,19,4849.0,30,Loss,Gold
100857,2026-05-25,P010,Pratik,Sova,Breeze,18,13,8,4,1821.0,30,Win,Platinum
109695,2026-03-14,P005,Akash,Reyna,Haven,26,16,6,13,4815.0,22,Win,Platinum
109032,2026-03-10,P012,Yash,Chamber,Bind,17,17,9,10,2528.0,29,Loss,Ascendant
102561,2026-05-14,P008,Aditya,Raze,Icebox,22,16,6,11,3566.0,18,Loss,Silver
103801,2026-06-14,P019,Ritesh,Killjoy,Haven,22,8,0,10,3373.0,20,Loss,Gold
102640,2026-05-17,P016,Arjun,Sage,Sunset,14,14,4,7,2110.0,28,Win,Platinum
106417,2026-08-10,P004,Rohan,Brimstone,Icebox,25,18,1,10,2701.0,21,Loss,Iron
104490,2026-01-13,P007,Karan,Chamber,Sunset,31,16,6,13,3433.0,24,Win,Gold
102347,2026-09-05,P015,Nikhil,Fade,Ascent,9,16,5,1,1831.0,22,Win,Silver
100649,2026-08-19,P014,Varun,Chamber,Breeze,22,15,1,5,3483.0,25,Loss,Ascendant
102781,2026-07-20,P004,Rohan,Raze,Haven,15,16,9,5,1770.0,19,Win,Ascendant
108542,2026-07-05,P007,Karan,Viper,Icebox,18,13,3,7,3009.0,26,Loss,Silver
108562,2026-08-03,P020,Harsh,Viper,Pearl,20,13,10,10,1900.0,25,Win,Diamond
108696,2026-06-13,P007,Karan,Omen,Ascent,33,11,3,12,5346.0,29,Loss,Gold
105764,2026-07-01,P018,Manish,Omen,Bind,15,9,2,4,2092.0,18,Loss,Iron
100615,2026-09-22,P007,Karan,Omen,Ascent,23,8,1,14,3162.0,19,Win,Gold
108466,2026-05-17,P012,Yash,Sova,Haven,3,17,7,0,538.0,29,Win,Platinum
102575,2026-07-18,P001,Shubham,Raze,Breeze,26,18,4,14,3048.0,24,Loss,Immortal
100053,2026-02-20,P010,Pratik,Jett,Pearl,13,20,4,6,1408.0,30,Win,Platinum
103340,2026-04-24,P004,Rohan,Chamber,Haven,16,12,9,5,2905.0,19,Win,Iron
107070,2026-09-24,P014,Varun,Phoenix,Breeze,3,16,3,1,521.0,27,Win,Diamond
101705,2026-03-19,P019,Ritesh,Jett,Icebox,18,19,10,9,3318.0,30,Loss,Immortal
109079,2026-08-01,P004,Rohan,Jett,Lotus,26,12,9,6,3562.0,24,Win,Silver
105653,2026-03-13,P015,Nikhil,Killjoy,Lotus,19,9,11,3,3742.0,24,Win,Silver
101493,2026-09-01,P015,Nikhil,Cypher,Haven,14,21,5,7,2087.0,21,Win,Diamond
109983,2026-02-27,P018,Manish,Fade,Ascent,16,11,4,3,2285.0,19,Loss,Silver
105657,2026-08-10,P018,Manish,Jett,Pearl,6,10,5,2,712.0,18,Loss,Gold
100803,2026-08-03,P006,Vivek,Jett,Sunset,16,10,5,5,2490.0,27,Win,Silver
104953,2026-03-25,P010,Pratik,Reyna,Split,25,11,5,8,4137.0,26,Win,Bronze
109640,2026-08-30,P003,Amit,Killjoy,Sunset,22,15,8,5,1760.0,18,Loss,Platinum
108092,2026-03-07,P009,Sahil,Gekko,Bind,7,14,8,4,1782.0,27,Loss,Gold
100990,2026-03-28,P014,Varun,Gekko,Ascent,10,18,9,7,1656.0,26,Win,Immortal
102774,2026-04-26,P005,Akash,Jett,Bind,19,12,2,6,2496.0,27,Win,Diamond
109322,2026-05-04,P014,Varun,Viper,Ascent,24,17,5,10,3477.0,20,Win,Gold
106448,2026-07-17,P005,Akash,Raze,Pearl,14,11,3,4,2699.0,29,Win,Bronze
103513,2026-03-24,P014,Varun,Killjoy,Split,4,14,8,0,676.0,24,Loss,Silver
105503,2026-08-28,P012,Yash,Fade,Icebox,24,18,5,13,4674.0,30,Loss,Silver
108418,2026-05-18,P019,Ritesh,Sova,Icebox,23,10,3,11,2974.0,30,Win,Gold
100219,2026-08-05,P014,Varun,Sova,Icebox,14,10,10,4,2554.0,25,Loss,Immortal
107319,2026-08-13,P017,Siddhant,Gekko,Haven,32,10,5,14,4641.0,21,Loss,Platinum
101288,2026-05-13,P014,Varun,Brimstone,Lotus,18,19,2,6,2061.0,26,Loss,Diamond
103163,2026-04-25,P017,Siddhant,Gekko,Ascent,18,13,0,7,1820.0,21,Win,Gold
104678,2026-09-21,P012,Yash,Killjoy,Lotus,15,10,8,6,1848.0,25,Loss,Platinum
102618,2026-05-28,P002,Rahul,Jett,Icebox,23,17,7,13,4692.0,24,Loss,Platinum
103612,2026-03-03,P002,Rahul,Gekko,Icebox,17,6,8,5,2530.0,20,Loss,Diamond
100043,2026-06-29,P009,Sahil,Sage,Icebox,3,15,5,3,359.0,27,Win,Ascendant
107877,2026-07-18,P011,Neeraj,Gekko,Lotus,4,10,13,2,599.0,30,Win,Immortal
106557,2026-04-16,P002,Rahul,Gekko,Sunset,22,13,2,6,3108.0,24,Win,Ascendant
103792,2026-05-07,P012,Yash,Chamber,Split,20,6,4,10,3649.0,24,Win,Ascendant
103571,2026-03-23,P001,Shubham,Reyna,Breeze,11,17,6,3,782.0,24,Win,Bronze
101977,2026-01-07,P014,Varun,Gekko,Split,26,5,7,10,3702.0,18,Win,Platinum
101503,2026-06-03,P020,Harsh,Killjoy,Pearl,19,9,10,8,2263.0,24,Loss,Diamond
105581,2026-05-08,P002,Rahul,Omen,Sunset,21,9,7,6,4206.0,28,Win,Platinum
109850,2026-08-03,P001,Shubham,Cypher,Ascent,24,7,8,10,2092.0,21,Win,Immortal
103439,2026-02-03,P012,Yash,Cypher,Lotus,28,8,4,6,4121.0,21,Win,Diamond
101892,2026-04-21,P016,Arjun,Omen,Sunset,11,13,10,3,1971.0,21,Win,Ascendant
109342,2026-08-28,P002,Rahul,Sova,Haven,26,10,7,13,2635.0,29,Win,Platinum
105255,2026-03-16,P004,Rohan,Viper,Sunset,18,20,8,5,2737.0,28,Loss,Iron
101955,2026-02-10,P018,Manish,Sage,Split,22,14,5,6,3473.0,25,Win,Diamond
105167,2026-02-18,P013,Ankit,Viper,Haven,10,11,11,5,1569.0,26,Win,Ascendant
104814,2026-01-01,P016,Arjun,Killjoy,Icebox,19,22,3,11,2965.0,19,Loss,Diamond
109657,2026-07-03,P004,Rohan,Fade,Pearl,16,11,0,6,2391.0,30,Loss,Immortal
101505,2026-06-13,P002,Rahul,Cypher,Lotus,12,13,7,5,2396.0,18,Win,Gold
100670,2026-08-19,P007,Karan,Chamber,Breeze,26,19,4,10,2774.0,20,Loss,
108926,2026-08-10,P012,Yash,Fade,Breeze,25,14,3,5,3212.0,26,Win,Silver
107914,2026-06-18,P013,Ankit,Viper,Bind,24,11,2,13,3484.0,30,Win,Gold
100897,2026-07-04,P008,Aditya,Sage,Haven,30,18,1,7,4270.0,24,Loss,Diamond
106686,2026-04-23,P012,Yash,Killjoy,Pearl,12,17,7,7,2190.0,29,Loss,Gold
102666,2026-06-17,P008,Aditya,Fade,Sunset,26,17,8,10,4008.0,19,Win,Bronze
103193,2026-04-24,P007,Karan,Brimstone,Pearl,22,16,5,10,4103.0,21,Win,Diamond
102890,2026-02-10,P016,Arjun,Fade,Bind,10,8,8,5,1746.0,30,Loss,Diamond
105719,2026-07-13,P003,Amit,Cypher,Pearl,15,18,5,12,2588.0,28,Loss,Diamond
102621,2026-08-18,P003,Amit,Killjoy,Ascent,18,11,3,3,3153.0,20,Loss,Ascendant
108934,2026-07-04,P019,Ritesh,Viper,Split,36,14,6,14,5405.0,19,Loss,Platinum
105983,2026-08-25,P011,Neeraj,Fade,Lotus,20,16,7,12,2799.0,28,Loss,Bronze
100002,2026-01-14,P018,Manish,Raze,Pearl,12,13,3,6,1704.0,19,Win,Silver
102370,2026-07-15,P016,Arjun,Fade,Breeze,20,18,8,10,3129.0,26,Win,Silver
107949,2026-09-22,P018,Manish,Omen,Pearl,12,13,5,4,1537.0,30,Win,Ascendant
101769,2026-05-05,P016,Arjun,Phoenix,Icebox,22,12,9,10,3421.0,30,Win,Immortal
108524,2026-08-12,P011,Neeraj,Raze,Split,15,13,0,3,2623.0,22,Loss,Gold
106053,2026-05-07,P002,Rahul,Raze,Ascent,10,14,7,2,1485.0,26,Loss,Silver
100531,2026-02-20,P006,Vivek,Jett,Breeze,12,5,4,6,1085.0,28,Loss,Gold
108642,2026-07-31,P004,Rohan,Chamber,Icebox,17,9,6,3,2169.0,18,Loss,Bronze
108668,2026-08-28,P004,Rohan,Jett,Ascent,10,14,5,6,1527.0,28,Loss,Gold
108774,2026-06-08,P013,Ankit,Brimstone,Ascent,30,8,7,8,4996.0,25,Win,Bronze
106103,2026-03-22,P013,Ankit,Gekko,Haven,21,10,11,8,2401.0,21,Win,Ascendant
103120,2026-05-12,P005,Akash,Brimstone,Haven,23,8,8,11,3964.0,22,Loss,Ascendant
109041,2026-09-07,P008,Aditya,Raze,Icebox,30,21,7,10,4208.0,25,Loss,Gold
100731,2026-05-26,P008,Aditya,Phoenix,Breeze,21,15,5,9,3080.0,20,Win,Bronze
103406,2026-06-03,P005,Akash,Reyna,Ascent,18,13,7,3,3227.0,22,Win,Platinum
102339,2026-05-07,P015,Nikhil,Phoenix,Sunset,22,11,6,14,2427.0,18,Loss,Silver
105994,2026-04-18,P003,Amit,Reyna,Breeze,21,14,4,9,3285.0,19,Win,Platinum
105872,2026-09-02,P014,Varun,Omen,Lotus,15,18,4,6,2307.0,19,Win,Platinum
102565,2026-02-05,P020,Harsh,Reyna,Breeze,14,16,3,5,1928.0,25,Win,Platinum
108349,2026-07-10,P018,Manish,Sage,Breeze,30,16,4,17,5638.0,22,Win,Silver
107855,2026-05-09,P012,Yash,Raze,Sunset,22,19,7,6,4216.0,21,Loss,Diamond
107355,2026-01-24,P018,Manish,Reyna,Icebox,25,9,5,10,4674.0,23,Loss,Ascendant
107028,2026-05-15,P002,Rahul,Reyna,Sunset,17,12,4,2,1960.0,19,Win,Platinum
105507,2026-07-31,P014,Varun,Reyna,Ascent,3,14,5,1,622.0,26,Loss,Silver
106005,2026-05-03,P017,Siddhant,Raze,Ascent,15,11,7,5,2263.0,29,Win,Iron
108994,2026-04-16,P008,Aditya,Omen,Ascent,13,17,2,1,1768.0,27,Loss,Platinum
101255,2026-07-28,P009,Sahil,Phoenix,Sunset,20,19,9,3,2588.0,20,Loss,Silver
102104,2026-03-22,P013,Ankit,Chamber,Lotus,24,18,3,9,3438.0,19,Win,
106765,2026-09-22,P018,Manish,Sage,Bind,18,13,6,5,1940.0,19,Loss,Silver
106725,2026-09-13,P010,Pratik,Omen,Bind,13,18,4,4,2487.0,30,Win,Platinum
106253,2026-04-01,P001,Shubham,Sova,Bind,22,10,9,11,3040.0,21,Loss,Gold
109169,2026-07-10,P009,Sahil,Omen,Breeze,23,15,0,13,1669.0,27,Win,Silver
104994,2026-09-07,P018,Manish,Sova,Haven,11,8,0,4,1520.0,19,Loss,Gold
108988,2026-04-17,P011,Neeraj,Killjoy,Split,21,10,11,6,3564.0,25,Win,Ascendant
106871,2026-01-03,P010,Pratik,Gekko,Sunset,15,17,8,1,2304.0,22,Loss,Gold
105057,2026-04-15,P019,Ritesh,Raze,Bind,18,18,11,5,2261.0,28,Win,Diamond
105873,2026-06-04,P003,Amit,Jett,Split,12,12,5,3,1662.0,27,Loss,Platinum
104434,2026-04-25,P005,Akash,Raze,Haven,23,11,5,10,3855.0,26,Loss,Silver
103484,2026-02-07,P018,Manish,Jett,Icebox,20,14,5,7,3099.0,21,Loss,Diamond
109513,2026-04-14,P018,Manish,Fade,Pearl,11,12,11,4,1760.0,19,Loss,Gold
105318,2026-07-08,P008,Aditya,Jett,Split,21,10,3,11,3130.0,30,Loss,Gold
103816,2026-08-23,P006,Vivek,Fade,Split,11,20,4,6,1717.0,23,Loss,Ascendant
108544,2026-09-10,P004,Rohan,Phoenix,Sunset,32,8,8,13,3450.0,25,Win,Iron
108922,2026-02-20,P020,Harsh,Sage,Bind,20,10,6,7,2684.0,25,Loss,Bronze
107875,2026-08-24,P019,Ritesh,Raze,Pearl,10,12,1,6,1295.0,24,Win,Platinum
105573,2026-09-24,P012,Yash,Gekko,Sunset,11,13,2,3,1652.0,26,Win,Gold
101621,2026-06-13,P005,Akash,Phoenix,Lotus,26,10,6,19,4753.0,25,Loss,Ascendant
109442,2026-04-07,P012,Yash,Brimstone,Ascent,17,20,4,5,3492.0,29,Win,Silver
106336,2026-08-20,P013,Ankit,Omen,Ascent,22,20,12,8,4050.0,30,Win,Platinum
106270,2026-05-07,P002,Rahul,Chamber,Haven,13,9,6,7,2066.0,22,Win,Diamond
108921,2026-04-30,P010,Pratik,Raze,Lotus,20,17,2,2,2509.0,30,Win,Diamond
101096,2026-04-22,P016,Arjun,Brimstone,Icebox,14,10,10,9,2131.0,28,Loss,Platinum
106391,2026-07-20,P013,Ankit,Sova,Split,14,10,7,6,2280.0,29,Loss,Platinum
109501,2026-08-04,P009,Sahil,Killjoy,Bind,18,13,4,11,2410.0,18,Loss,Silver
102463,2026-09-13,P008,Aditya,Brimstone,Bind,7,15,5,3,1385.0,30,Win,Platinum
108898,2026-06-02,P018,Manish,Jett,Bind,12,19,7,6,1971.0,28,Loss,Platinum
101788,2026-03-11,P006,Vivek,Chamber,Lotus,8,9,11,4,1293.0,23,Win,Iron
100250,2026-05-08,P004,Rohan,Gekko,Icebox,15,7,4,4,1716.0,22,Loss,Platinum
107428,2026-08-29,P006,Vivek,Fade,Breeze,30,11,6,7,5733.0,18,Loss,Bronze
106220,2026-08-19,P010,Pratik,Fade,Bind,10,20,4,3,1298.0,19,Win,Gold
108487,2026-06-03,P003,Amit,Phoenix,Bind,14,9,7,2,2065.0,25,Win,Bronze
100192,2026-07-12,P001,Shubham,Jett,Breeze,3,10,9,2,479.0,22,Win,Ascendant
100820,2026-01-31,P011,Neeraj,Jett,Breeze,24,15,5,12,3192.0,22,Win,Gold
109647,2026-08-04,P007,Karan,Cypher,Lotus,14,13,7,4,1715.0,22,Win,Ascendant
105740,2026-08-20,P001,Shubham,Phoenix,Breeze,19,14,5,7,3749.0,30,Loss,Platinum
107228,2026-03-10,P006,Vivek,Fade,Breeze,20,14,0,7,3525.0,28,Loss,Silver
105741,2026-05-07,P020,Harsh,Jett,Pearl,9,12,11,5,1842.0,18,Loss,Diamond
104400,2026-01-09,P005,Akash,Omen,Bind,25,11,5,7,4763.0,30,Win,Iron
107076,2026-01-13,P013,Ankit,,Sunset,19,10,0,9,2891.0,30,Win,Silver
105388,2026-08-04,P005,Akash,Fade,Sunset,31,8,6,2,4806.0,23,Win,Diamond
104166,2026-09-21,P014,Varun,Fade,Lotus,14,14,11,7,2532.0,27,Win,Gold
104951,2026-04-08,P002,Rahul,Sage,Haven,15,11,12,6,2557.0,27,Loss,Silver
102687,2026-08-30,P010,Pratik,Killjoy,Bind,16,16,7,8,3111.0,21,Loss,Gold
104390,2026-03-15,P003,Amit,Viper,Breeze,15,9,8,9,2232.0,23,Win,Silver
107962,2026-07-05,P003,Amit,Brimstone,Breeze,17,12,5,3,3500.0,30,Win,Iron
106008,2026-02-18,P002,Rahul,Chamber,Lotus,20,10,3,11,3809.0,19,Win,Platinum
104927,2026-04-25,P019,Ritesh,Brimstone,Split,14,17,5,9,2050.0,26,Win,Silver
108864,2026-08-19,P001,Shubham,Sova,Sunset,13,10,5,7,1549.0,28,Loss,Silver
102607,2026-06-10,P015,Nikhil,Jett,Icebox,10,11,9,4,1734.0,29,Loss,Platinum
107500,2026-05-09,P012,Yash,Gekko,Split,27,13,5,12,5699.0,18,Loss,Silver
100238,2026-08-09,P007,Karan,Brimstone,Ascent,28,13,6,8,4581.0,22,Win,Platinum
104015,2026-06-17,P009,Sahil,Chamber,Pearl,20,7,8,12,2645.0,24,Win,Diamond
109281,2026-07-19,P001,Shubham,Gekko,Lotus,15,16,8,6,3250.0,30,Win,Bronze
102977,2026-06-19,P015,Nikhil,Brimstone,Icebox,30,12,5,7,6500.0,24,Loss,Gold
106462,2026-04-10,P008,Aditya,Brimstone,Sunset,34,11,7,9,4407.0,30,Win,Platinum
106576,2026-05-19,P019,Ritesh,Viper,Icebox,20,15,6,5,3316.0,21,Loss,Diamond
105473,2026-03-31,P019,Ritesh,Gekko,Sunset,12,8,10,3,1587.0,24,Win,Iron
100945,2026-04-03,P018,Manish,Brimstone,Sunset,24,11,3,10,3905.0,25,Loss,Gold
107703,2026-06-13,P020,Harsh,Killjoy,Ascent,9,13,8,4,1350.0,28,Loss,Diamond
108858,2026-02-16,P005,Akash,Jett,Haven,15,9,2,6,1972.0,19,Win,Bronze
105097,2026-04-01,P015,Nikhil,Cypher,Sunset,15,13,4,5,2257.0,26,Win,Platinum
106837,2026-03-22,P017,Siddhant,Viper,Pearl,9,10,9,5,1596.0,24,Loss,Gold
105830,2026-03-20,P010,Pratik,Jett,Lotus,19,10,5,8,2773.0,19,Win,Silver
103552,2026-09-20,P010,Pratik,Jett,Icebox,12,16,7,3,1975.0,18,Win,Iron
109989,2026-09-09,P003,Amit,Reyna,Icebox,28,18,5,10,4141.0,20,Win,Bronze
103360,2026-07-01,P020,Harsh,Cypher,Haven,23,17,10,14,4067.0,18,Win,Gold
106392,2026-07-19,P010,Pratik,Raze,Split,16,19,9,5,2064.0,25,Loss,Platinum
102410,2026-09-22,P016,Arjun,Killjoy,Pearl,12,9,8,7,1987.0,30,Loss,Platinum
104507,2026-07-21,P014,Varun,Cypher,Bind,19,12,4,5,2236.0,26,Loss,Platinum
108480,2026-05-19,P019,Ritesh,Chamber,Lotus,17,18,2,7,1221.0,21,Loss,Diamond
103982,2026-03-16,P018,Manish,Chamber,Pearl,10,9,2,4,1129.0,22,Loss,Diamond
100146,2026-07-13,P004,Rohan,Viper,Haven,34,15,6,7,4420.0,25,Win,Silver
107664,2026-03-04,P003,Amit,Jett,Haven,18,14,2,6,2733.0,25,Win,Diamond
102294,2026-03-10,P016,Arjun,Jett,Pearl,19,17,13,9,3617.0,30,Loss,Platinum
102253,2026-03-11,P006,Vivek,Jett,Lotus,20,15,2,10,3910.0,23,Win,Gold
103611,2026-04-04,P001,Shubham,Fade,Sunset,11,11,3,4,1415.0,27,Loss,Gold
105353,2026-02-12,P002,Rahul,Reyna,Sunset,18,21,2,8,3119.0,23,Win,Ascendant
101736,2026-03-03,P019,Ritesh,Reyna,Ascent,11,18,2,3,1229.0,26,Win,Diamond
109503,2026-03-29,P004,Rohan,Jett,Icebox,3,12,6,1,523.0,25,Win,Diamond
109981,2026-09-24,P014,Varun,Fade,Lotus,22,20,4,3,3715.0,23,Win,Platinum
100114,2026-07-15,P020,Harsh,Killjoy,Sunset,3,12,4,1,549.0,19,Loss,Diamond
108879,2026-02-14,P015,Nikhil,Chamber,Breeze,9,16,13,5,1371.0,29,Loss,Gold
105674,2026-03-08,P004,Rohan,Reyna,Breeze,16,16,7,6,2427.0,25,Loss,Silver
109494,2026-08-25,P015,Nikhil,Fade,Icebox,27,11,3,10,5901.0,22,Loss,Bronze
100498,2026-04-08,P010,Pratik,Reyna,Pearl,19,11,11,5,2586.0,24,Win,Bronze
107538,2026-08-22,P011,Neeraj,Sova,Pearl,21,12,2,10,2562.0,28,Win,Silver
100720,2026-05-31,P010,Pratik,Killjoy,Icebox,18,14,5,6,2521.0,29,Loss,Silver
107216,2026-02-26,P007,Karan,Jett,Ascent,28,14,3,14,4664.0,29,Win,Gold
108862,2026-04-26,P013,Ankit,Brimstone,Haven,25,17,7,12,3808.0,22,Loss,Ascendant
105756,2026-04-12,P017,Siddhant,Raze,Icebox,11,9,0,6,1495.0,21,Loss,Silver
103089,2026-01-20,P018,Manish,Killjoy,Pearl,16,12,6,9,2520.0,29,Loss,Bronze
107259,2026-01-09,P002,Rahul,Raze,Ascent,17,12,9,7,2395.0,28,Loss,Ascendant
107909,2026-06-13,P009,Sahil,Fade,Split,19,16,5,4,3196.0,19,Loss,Immortal
108269,2026-03-06,P015,Nikhil,Gekko,Bind,16,17,9,4,2134.0,24,Win,Platinum
100596,2026-05-20,P006,Vivek,Brimstone,Breeze,24,9,5,9,1888.0,21,Win,Diamond
109192,2026-07-24,P010,Pratik,Viper,Icebox,11,11,4,3,1294.0,18,Win,Gold
106123,2026-05-05,P004,Rohan,Phoenix,Haven,16,23,0,5,2596.0,26,Loss,Bronze
106081,2026-05-30,P007,Karan,Sage,Sunset,13,15,4,6,1486.0,23,Win,Platinum
105164,2026-03-28,P018,Manish,Phoenix,Breeze,20,21,2,12,807.0,25,Loss,Gold
101647,2026-01-19,P003,Amit,Gekko,Ascent,17,13,1,8,1680.0,19,Win,Gold
106160,2026-06-25,P020,Harsh,Reyna,Sunset,13,15,5,7,1645.0,20,Win,Gold
106953,2026-07-03,P019,Ritesh,Raze,Icebox,3,14,6,1,462.0,25,Loss,Bronze
102700,2026-03-26,P018,Manish,Omen,Haven,19,17,6,9,3434.0,20,Loss,Silver
107460,2026-08-01,P002,Rahul,Gekko,Haven,20,17,5,10,3410.0,19,Win,Ascendant
101700,2026-04-17,P004,Rohan,Brimstone,Sunset,5,13,10,4,807.0,30,Loss,Diamond
108962,2026-03-08,P005,Akash,Brimstone,Breeze,20,19,6,5,3161.0,23,Win,Gold
105404,2026-02-21,P001,Shubham,Cypher,Bind,10,13,0,3,1388.0,18,Loss,Ascendant
107252,2026-01-13,P008,Aditya,Fade,Breeze,11,13,9,3,1438.0,29,Loss,Silver
109057,2026-09-23,P017,Siddhant,Reyna,Bind,17,13,4,9,1947.0,19,Loss,Platinum
102942,2026-05-17,P019,Ritesh,Gekko,Haven,12,19,7,3,1561.0,23,Loss,Gold
106330,2026-03-14,P003,Amit,Cypher,Split,30,18,8,11,4866.0,21,Win,Platinum
100086,2026-04-03,P010,Pratik,Omen,Haven,24,14,8,8,2754.0,23,Loss,Gold
102308,2026-04-01,P009,Sahil,Raze,Icebox,8,14,0,4,1088.0,21,Win,Diamond
102677,2026-06-28,P001,Shubham,Raze,Pearl,21,12,8,8,3464.0,27,Win,Ascendant
108452,2026-02-16,P015,Nikhil,Reyna,Haven,15,10,7,7,2093.0,24,Loss,Platinum
107764,2026-08-07,P014,Varun,Brimstone,Haven,18,14,4,10,1845.0,28,Loss,Platinum
102594,2026-07-12,P014,Varun,Viper,Bind,26,9,9,7,4130.0,20,Loss,Platinum
105911,2026-02-27,P017,Siddhant,Chamber,Lotus,13,15,9,5,1637.0,24,Win,Platinum
101029,2026-05-05,P014,Varun,Sage,Sunset,16,13,4,4,2049.0,22,Win,Ascendant
100136,2026-02-09,P003,Amit,Brimstone,Bind,11,9,7,5,1855.0,23,Loss,Gold
109947,2026-01-13,P020,Harsh,Omen,Bind,11,11,12,5,1475.0,18,Win,Bronze
106170,2026-02-09,P005,Akash,Omen,Bind,17,12,10,3,3016.0,21,Win,Silver
102854,2026-08-20,P002,Rahul,Killjoy,Ascent,13,15,7,2,2029.0,28,Loss,Gold
104409,2026-08-31,P001,Shubham,Gekko,Split,3,18,3,0,486.0,20,Loss,Bronze
101200,2026-08-13,P009,Sahil,Chamber,Ascent,13,12,4,6,1188.0,23,Loss,Platinum
104717,2026-08-20,P004,Rohan,Jett,Haven,11,8,8,5,1882.0,18,Loss,Silver
109537,2026-07-05,P003,Amit,Cypher,Bind,21,16,9,10,3013.0,24,Loss,Silver
106624,2026-08-10,P018,Manish,Gekko,Haven,32,16,0,12,4414.0,26,Loss,Ascendant
100566,2026-02-12,P009,Sahil,Killjoy,Bind,14,13,3,6,2086.0,25,Loss,Gold
107461,2026-01-25,P012,Yash,Chamber,Lotus,23,14,3,8,3198.0,27,Win,Diamond
105430,2026-08-03,P018,Manish,Fade,Sunset,19,12,2,9,3335.0,23,Win,Platinum
103927,2026-03-23,P008,Aditya,Killjoy,Bind,17,12,5,9,2380.0,19,Loss,Silver
106083,2026-05-04,P007,Karan,Jett,Sunset,18,15,9,5,3535.0,30,Loss,Diamond
107623,2026-01-25,P009,Sahil,Brimstone,Pearl,16,20,5,10,2548.0,23,Win,Silver
108104,2026-04-13,P018,Manish,Sova,Split,6,12,7,0,791.0,29,Loss,Diamond
108718,2026-01-23,P005,Akash,Fade,Split,15,16,6,8,2143.0,19,Loss,Platinum
109121,2026-06-04,P010,Pratik,Sage,Haven,11,20,0,5,1902.0,27,Win,Platinum
109628,2026-07-06,P002,Rahul,Fade,Breeze,11,16,7,1,1839.0,26,Loss,Diamond
108293,2026-02-23,P017,Siddhant,Sova,Breeze,25,19,8,6,4005.0,18,Loss,Immortal
102330,2026-01-06,P010,Pratik,Fade,Haven,13,15,8,5,2307.0,21,Loss,Platinum
103515,2026-07-24,P012,Yash,Gekko,Sunset,16,13,0,9,2884.0,25,Loss,Platinum
102187,2026-08-09,P008,Aditya,Cypher,Pearl,23,15,7,6,3639.0,26,Loss,Immortal
100195,2026-05-08,P015,Nikhil,Killjoy,Split,20,20,5,6,3048.0,23,Win,Platinum
108695,2026-09-28,P018,Manish,Jett,Lotus,18,10,4,11,2749.0,27,Loss,Iron
109650,2026-03-12,P004,Rohan,Phoenix,Lotus,22,8,7,6,3026.0,25,Win,Gold
105059,2026-06-07,P010,Pratik,Viper,Breeze,13,6,9,7,2593.0,21,Win,Gold
100802,2026-03-10,P019,Ritesh,Brimstone,Split,19,9,3,8,2815.0,21,Win,Gold
106386,2026-06-08,P001,Shubham,Killjoy,Bind,19,18,2,10,3086.0,22,Win,Silver
107927,2026-04-21,P001,Shubham,Omen,Bind,24,12,2,9,2816.0,21,Loss,Platinum
102068,2026-09-26,P019,Ritesh,Phoenix,Lotus,16,16,8,10,2593.0,21,Loss,Gold
105815,2026-06-10,P003,Amit,Viper,Ascent,19,11,3,7,3255.0,22,Loss,Silver
108763,2026-05-18,P002,Rahul,Raze,Pearl,6,14,5,3,873.0,24,Loss,Bronze
100644,2026-04-26,P013,Ankit,Chamber,Ascent,9,11,3,3,1889.0,30,Win,Silver
109393,2026-01-07,P016,Arjun,Gekko,Haven,12,16,0,6,1882.0,22,Loss,Platinum
105103,2026-09-09,P011,Neeraj,Brimstone,Ascent,3,15,4,0,533.0,24,Loss,Silver
105460,2026-03-02,P006,Vivek,Jett,Breeze,14,10,9,7,2840.0,22,Loss,Platinum
101637,2026-09-11,P008,Aditya,Raze,Split,15,13,2,5,2480.0,22,Loss,Platinum
100120,2026-02-08,P003,Amit,Phoenix,Split,9,11,7,4,1126.0,18,Win,Gold
102981,2026-09-03,P012,Yash,Gekko,Bind,7,12,5,3,1023.0,26,Win,Silver
105069,2026-05-24,P004,Rohan,Sova,Icebox,10,14,7,3,1652.0,19,Loss,Bronze
103074,2026-04-27,P015,Nikhil,Killjoy,Pearl,20,15,8,5,3585.0,21,Win,Gold
108946,2026-02-14,P014,Varun,Viper,Bind,22,16,5,9,3153.0,19,Win,Silver
103278,2026-07-05,P005,Akash,Sage,Lotus,15,14,9,7,1753.0,30,Win,Diamond
102135,2026-05-23,P016,Arjun,Brimstone,Split,11,15,6,5,1593.0,18,Win,Ascendant
106373,2026-09-30,P015,Nikhil,Sage,Breeze,23,11,5,13,3983.0,21,Loss,Gold
104970,2026-04-22,P013,Ankit,Fade,Haven,24,14,4,6,3365.0,26,Win,Silver
106224,2026-07-26,P005,Akash,Phoenix,Split,15,20,4,9,2288.0,26,Loss,Silver
100134,2026-03-07,P008,Aditya,Phoenix,Ascent,12,8,1,5,924.0,26,Win,Gold
107766,2026-05-09,P019,Ritesh,Viper,Ascent,18,10,8,9,2229.0,20,Win,Bronze
105324,2026-04-18,P005,Akash,Sage,Icebox,14,13,5,8,1883.0,30,Win,Bronze
109660,2026-04-30,P013,Ankit,Sage,Bind,16,16,6,4,1906.0,28,Loss,Diamond
106188,2026-06-30,P002,Rahul,Cypher,Lotus,21,17,3,13,1912.0,22,Loss,Iron
102559,2026-02-05,P002,Rahul,Sage,Icebox,13,13,2,5,1841.0,26,Win,Diamond
100062,2026-04-08,P006,Vivek,Brimstone,Breeze,26,15,6,11,2438.0,29,Loss,Silver
101358,2026-05-22,P004,Rohan,Phoenix,Ascent,14,20,7,6,1990.0,27,Win,Diamond
107416,2026-03-29,P005,Akash,Sage,Breeze,3,19,6,0,411.0,24,Win,Diamond
102467,2026-02-19,P004,Rohan,Reyna,Bind,25,12,1,11,4111.0,26,Loss,Gold
100679,2026-01-26,P016,Arjun,Cypher,Split,17,12,12,8,3193.0,18,Loss,Platinum
106828,2026-03-13,P008,Aditya,Phoenix,Lotus,20,10,4,4,3119.0,24,Loss,Silver
100741,2026-01-10,P017,Siddhant,Sage,Split,30,19,4,10,3743.0,23,Loss,Platinum
105307,2026-04-18,P008,Aditya,Fade,Bind,15,12,6,9,1652.0,28,Win,Diamond
106775,2026-06-06,P020,Harsh,Killjoy,Sunset,13,7,7,7,1307.0,18,Win,Platinum
103641,2026-01-05,P016,Arjun,Reyna,Sunset,21,16,6,12,2947.0,23,Win,Iron
100444,2026-02-12,P012,Yash,Phoenix,Bind,14,24,7,5,2411.0,27,Win,Platinum
109363,2026-07-02,P007,Karan,Omen,Icebox,27,17,7,5,4068.0,19,Loss,Platinum
103258,2026-03-25,P017,Siddhant,Gekko,Haven,15,13,5,7,2673.0,18,Win,Gold
104663,2026-01-06,P003,Amit,Phoenix,Sunset,13,16,8,3,1802.0,18,Win,Diamond
101873,2026-08-17,P016,Arjun,Fade,Pearl,16,13,1,7,2959.0,29,Win,Gold
106395,2026-04-28,P013,Ankit,Killjoy,Breeze,7,23,4,0,1267.0,18,Win,Platinum
102596,2026-01-03,P005,Akash,Viper,Sunset,3,20,7,2,366.0,26,Win,Silver
101717,2026-06-14,P010,Pratik,Viper,Pearl,21,15,4,5,3274.0,27,Loss,Iron
102912,2026-02-02,P018,Manish,Viper,Breeze,22,17,7,13,3318.0,20,Win,Diamond
102843,2026-07-08,P001,Shubham,Viper,Ascent,15,10,6,5,2138.0,27,Win,Gold
104027,2026-03-26,P004,Rohan,Fade,Lotus,23,11,0,10,3768.0,22,Loss,Bronze
105488,2026-03-28,P013,Ankit,Sage,Split,12,10,3,4,1743.0,24,Win,Gold
108653,2026-04-28,P008,Aditya,Reyna,Sunset,6,10,4,1,1026.0,22,Loss,Diamond
108072,2026-04-25,P005,Akash,Chamber,Breeze,13,10,9,7,2171.0,18,Loss,Ascendant
108185,2026-07-31,P003,Amit,Raze,Haven,23,13,6,12,3811.0,29,Loss,Ascendant
100489,2026-01-16,P001,Shubham,Jett,Breeze,22,17,0,12,3835.0,22,Loss,Immortal
100493,2026-02-01,P011,Neeraj,Cypher,Breeze,22,18,0,8,4264.0,26,Loss,Diamond
100690,2026-09-20,P007,Karan,Brimstone,Breeze,13,19,3,8,2159.0,29,Win,Gold
103821,2026-01-16,P011,Neeraj,Reyna,Split,26,23,7,15,5062.0,20,Win,Bronze
100602,2026-01-04,P010,Pratik,Reyna,Lotus,35,14,2,15,5045.0,29,Loss,Bronze
101911,2026-03-13,P004,Rohan,Sova,Pearl,23,20,6,9,3322.0,22,Loss,Ascendant
101014,2026-02-25,P013,Ankit,Jett,Haven,9,13,6,4,1430.0,19,Win,Platinum
106903,2026-03-29,P003,Amit,Jett,Haven,17,14,3,10,3002.0,21,Loss,Iron
101993,2026-03-09,P006,Vivek,Phoenix,Pearl,22,9,0,4,3719.0,23,Win,Diamond
105795,2026-09-11,P016,Arjun,Viper,Sunset,4,14,7,2,599.0,28,Loss,Iron
103757,2026-04-06,P014,Varun,Cypher,Ascent,21,19,7,6,2644.0,30,Loss,Ascendant
102366,2026-05-16,P012,Yash,Raze,Icebox,27,14,3,15,4441.0,22,Loss,Immortal
105283,2026-06-03,P006,Vivek,Cypher,Haven,22,15,5,12,2317.0,29,Loss,Silver
104370,2026-05-01,P009,Sahil,Viper,Ascent,20,15,1,8,2661.0,25,Win,Gold
106916,2026-06-02,P008,Aditya,Omen,Lotus,18,16,8,11,3436.0,27,Loss,Diamond
107044,2026-02-27,P007,Karan,Raze,Sunset,20,20,3,10,3703.0,29,Win,Silver
101361,2026-03-01,P009,Sahil,Sova,Ascent,15,14,3,10,2500.0,23,Loss,Diamond
108309,2026-04-20,P020,Harsh,Sova,Icebox,19,18,2,8,3344.0,24,Win,Ascendant
101526,2026-03-08,P013,Ankit,Viper,Breeze,15,13,10,4,2374.0,20,Loss,Diamond
101327,2026-05-04,P002,Rahul,Fade,Lotus,13,12,8,9,2022.0,29,Loss,Immortal
106110,2026-09-01,P020,Harsh,Sova,Bind,13,11,8,6,2476.0,25,Loss,Immortal
107229,2026-08-24,P011,Neeraj,Gekko,Haven,30,15,5,14,4066.0,26,Loss,Platinum
101551,2026-03-26,P006,Vivek,Reyna,Bind,15,8,10,9,1620.0,23,Win,Gold
106296,2026-05-13,P009,Sahil,Brimstone,Split,17,11,5,5,3921.0,25,Win,Gold
109707,2026-07-11,P008,Aditya,Raze,Split,10,17,5,2,1610.0,20,Loss,Ascendant
101337,2026-01-27,P015,Nikhil,Gekko,Sunset,16,12,4,3,2287.0,30,Loss,Bronze
103901,2026-08-31,P020,Harsh,Jett,Bind,5,12,8,0,889.0,23,Loss,Platinum
103010,2026-08-22,P012,Yash,Jett,Icebox,32,7,7,18,4980.0,20,Win,Silver
105041,2026-01-20,P010,Pratik,Fade,Lotus,20,10,4,10,3125.0,20,Loss,Immortal
108844,2026-07-02,P008,Aditya,Phoenix,Split,14,12,8,3,2226.0,29,Loss,Silver
102250,2026-08-08,P006,Vivek,Brimstone,Lotus,23,9,5,13,3010.0,21,Loss,Silver
106851,2026-02-09,P001,Shubham,Phoenix,Ascent,3,16,3,1,464.0,21,Win,Silver
105039,2026-01-27,P011,Neeraj,Sage,Ascent,19,23,3,8,3756.0,29,Win,Silver
102346,2026-01-19,P007,Karan,Gekko,Ascent,12,14,5,2,1992.0,20,Loss,Gold
109301,2026-06-21,P015,Nikhil,Killjoy,Haven,29,17,7,12,4459.0,24,Loss,Platinum
105485,2026-02-04,P013,Ankit,Raze,Ascent,21,15,3,6,2904.0,30,Win,Gold
102784,2026-09-02,P016,Arjun,Omen,Breeze,7,9,3,2,1148.0,28,Loss,Gold
105694,2026-04-05,P015,Nikhil,Chamber,Ascent,21,8,6,13,3005.0,22,Win,Ascendant
105119,2026-04-25,P004,Rohan,Gekko,Bind,29,13,6,11,4339.0,19,Loss,Gold
107584,2026-03-06,P003,Amit,Phoenix,Split,21,17,7,11,3173.0,30,Loss,Bronze
105555,2026-07-29,P011,Neeraj,Gekko,Bind,14,13,5,5,1621.0,26,Win,Ascendant
105599,2026-01-23,P005,Akash,Chamber,Haven,23,14,4,12,2427.0,28,Win,Gold
107338,2026-01-15,P002,Rahul,Raze,Haven,16,10,10,8,2397.0,20,Win,Platinum
100150,2026-06-24,P015,Nikhil,Killjoy,Ascent,12,16,0,2,2207.0,21,Win,Bronze
102804,2026-06-28,P013,Ankit,Sage,Split,13,17,7,4,1960.0,27,Win,Silver
109909,2026-02-25,P013,Ankit,Chamber,Pearl,6,13,3,1,856.0,25,Win,Gold
102086,2026-08-26,P010,Pratik,Fade,Split,18,15,6,4,2661.0,27,Win,Gold
103751,2026-04-18,P010,Pratik,Viper,Lotus,9,16,7,4,1629.0,19,Loss,Bronze
105612,2026-04-09,P015,Nikhil,Brimstone,Lotus,12,11,8,2,1893.0,18,Win,Silver
102259,2026-09-10,P016,Arjun,Sova,Haven,12,11,7,3,1854.0,25,Win,Gold
104017,2026-01-21,P003,Amit,Chamber,Icebox,9,13,10,2,1253.0,26,Win,Gold
106141,2026-02-12,P007,Karan,Jett,Ascent,12,20,2,5,1611.0,18,Win,
106086,2026-09-12,P004,Rohan,Phoenix,Bind,10,10,0,4,1976.0,24,Loss,Diamond
102424,2026-04-11,P001,Shubham,Cypher,Pearl,29,12,8,15,4173.0,18,Win,Bronze
108069,2026-08-18,P019,Ritesh,Brimstone,Icebox,3,16,2,1,335.0,24,Win,Iron
103856,2026-06-21,P014,Varun,Sage,Haven,12,15,3,5,2296.0,18,Loss,Platinum
100859,2026-04-09,P004,Rohan,Viper,Haven,17,10,6,11,2363.0,20,Loss,Ascendant
105367,2026-06-15,P015,Nikhil,Killjoy,Pearl,17,17,0,5,3391.0,27,Loss,Bronze
107625,2026-08-25,P003,Amit,Sova,Ascent,31,15,7,15,3799.0,25,Loss,Diamond
108132,2026-09-15,P001,Shubham,Cypher,Breeze,7,11,5,4,1160.0,21,Win,Ascendant
107354,2026-06-10,P010,Pratik,Cypher,Lotus,18,17,7,5,2858.0,28,Win,Bronze
108582,2026-03-30,P009,Sahil,Sova,Haven,16,11,2,8,2743.0,24,Loss,Diamond
104739,2026-02-15,P009,Sahil,Gekko,Haven,38,17,7,11,5191.0,30,Win,Platinum
108613,2026-05-09,P020,Harsh,Sage,Icebox,14,12,8,4,2413.0,28,Win,Gold
104462,2026-03-13,P019,Ritesh,Raze,Sunset,17,11,5,2,3445.0,26,Loss,Bronze
105528,2026-05-13,P002,Rahul,Viper,Haven,19,7,5,9,2020.0,28,Loss,Gold
101364,2026-09-07,P008,Aditya,Sage,Lotus,17,11,3,7,2724.0,22,Win,Bronze
101779,2026-07-04,P012,Yash,Jett,Pearl,19,14,6,9,3374.0,20,Loss,Diamond
108536,2026-05-25,P020,Harsh,Raze,Lotus,3,17,9,3,713.0,29,Win,Gold
104785,2026-08-03,P013,Ankit,Reyna,Bind,20,11,6,1,2855.0,19,Loss,Platinum
106363,2026-05-08,P019,Ritesh,Omen,Haven,31,14,1,9,5528.0,20,Win,Iron
101818,2026-05-23,P018,Manish,Sage,Split,15,20,2,8,3323.0,20,Win,Gold
107834,2026-05-20,P019,Ritesh,Cypher,Icebox,7,11,4,3,692.0,28,Loss,Platinum
104937,2026-02-24,P013,Ankit,Sage,Ascent,13,10,4,4,1737.0,24,Loss,Gold
102704,2026-06-30,P006,Vivek,Gekko,Sunset,19,12,5,6,1947.0,28,Loss,Platinum
105285,2026-08-09,P017,Siddhant,Omen,Split,25,12,4,12,3136.0,26,Loss,Silver
100175,2026-05-15,P016,Arjun,Brimstone,Sunset,19,18,6,9,1936.0,21,Win,Silver
107515,2026-06-17,P017,Siddhant,Phoenix,Split,23,7,3,4,3003.0,21,Loss,Ascendant
102093,2026-07-23,P006,Vivek,Phoenix,Ascent,27,13,7,10,3156.0,20,Win,Immortal
108520,2026-07-27,P010,Pratik,Jett,Bind,13,16,7,3,2217.0,27,Loss,Iron
103491,2026-02-12,P018,Manish,Chamber,Haven,3,20,11,3,602.0,18,Loss,Silver
101920,2026-02-13,P019,Ritesh,Reyna,Pearl,21,14,7,2,3430.0,24,Loss,Gold
100082,2026-03-29,P011,Neeraj,Viper,Haven,28,9,8,6,4183.0,26,Win,Gold
100816,2026-01-27,P001,Shubham,Raze,Icebox,24,10,9,13,3946.0,28,Loss,Diamond
108620,2026-07-18,P019,Ritesh,Omen,Bind,3,18,7,1,425.0,26,Win,Silver
107388,2026-04-12,P006,Vivek,Viper,Haven,15,17,0,3,2265.0,22,Win,Platinum
104396,2026-08-31,P004,Rohan,Reyna,Sunset,27,17,7,18,3398.0,25,Loss,Gold
106798,2026-02-15,P018,Manish,Brimstone,Sunset,4,14,7,0,882.0,25,Win,Iron
105568,2026-02-24,P001,Shubham,Killjoy,Sunset,16,16,1,8,2435.0,25,Loss,Ascendant
100283,2026-01-06,P019,Ritesh,Phoenix,Haven,3,13,4,2,446.0,29,Win,Platinum
104120,2026-07-23,P011,Neeraj,Raze,Sunset,21,13,8,5,3026.0,30,Win,Gold
107514,2026-08-10,P005,Akash,Fade,Icebox,16,13,5,7,2421.0,28,Loss,Ascendant
100609,2026-03-08,P020,Harsh,Killjoy,Breeze,23,14,3,3,3353.0,30,Win,Iron
102915,2026-06-13,P012,Yash,Raze,Icebox,27,20,3,10,3211.0,30,Win,Ascendant
101813,2026-01-26,P011,Neeraj,Fade,Icebox,20,18,6,8,3122.0,28,Loss,Platinum
101271,2026-05-28,P005,Akash,Phoenix,Pearl,18,13,0,7,3486.0,25,Loss,Immortal
106191,2026-03-26,P010,Pratik,Chamber,Pearl,24,14,9,6,4787.0,19,Win,Silver
109615,2026-06-23,P020,Harsh,Chamber,Haven,16,18,2,4,1884.0,26,Loss,Gold
102994,2026-09-13,P008,Aditya,Raze,Sunset,10,8,5,4,1567.0,29,Loss,Diamond
107142,2026-08-09,P010,Pratik,Sova,Haven,6,12,11,2,1083.0,18,Win,Iron
106735,2026-01-10,P016,Arjun,Sova,Lotus,19,19,9,6,2993.0,20,Win,Platinum
109590,2026-05-16,P014,Varun,Killjoy,Bind,14,14,8,8,2393.0,20,Win,Ascendant
102642,2026-02-11,P001,Shubham,Omen,Bind,20,20,2,3,1542.0,19,Win,Diamond
106820,2026-08-09,P005,Akash,Raze,Icebox,18,12,10,10,3071.0,28,Win,Gold
104508,2026-05-18,P019,Ritesh,Brimstone,Lotus,10,17,10,4,1879.0,29,Win,Diamond
102305,2026-03-13,P007,Karan,Omen,Split,12,10,4,5,1175.0,22,Loss,Iron
106532,2026-09-15,P002,Rahul,Viper,Ascent,14,15,8,2,2214.0,27,Loss,Ascendant
106289,2026-02-11,P004,Rohan,Chamber,Icebox,15,14,9,6,2041.0,26,Win,Gold
104195,2026-05-10,P014,Varun,Jett,Lotus,22,19,4,12,3388.0,25,Loss,Silver
105562,2026-07-21,P011,Neeraj,Raze,Lotus,4,18,8,2,677.0,30,Loss,Platinum
104840,2026-06-16,P008,Aditya,Sage,Haven,19,13,7,6,2692.0,30,Loss,Bronze
104655,2026-04-26,P010,Pratik,Sova,Breeze,16,14,2,6,2374.0,18,Loss,Platinum
108182,2026-08-04,P011,Neeraj,Fade,Icebox,14,13,3,8,2179.0,23,Loss,Diamond
104168,2026-05-07,P015,Nikhil,Raze,Breeze,25,15,5,12,4387.0,27,Loss,Gold
103849,2026-02-13,P010,Pratik,Brimstone,Sunset,24,16,4,11,3498.0,18,Win,Ascendant
109867,2026-04-14,P002,Rahul,Brimstone,Haven,14,13,9,5,1937.0,19,Win,Bronze
108419,2026-08-08,P007,Karan,Reyna,Haven,18,10,3,8,2815.0,18,Win,Diamond
105253,2026-03-28,P006,Vivek,Jett,Icebox,10,20,10,0,1238.0,30,Win,Platinum
107919,2026-08-01,P016,Arjun,Omen,Pearl,23,9,10,7,3885.0,28,Loss,Ascendant
105533,2026-06-04,P019,Ritesh,Viper,Sunset,24,10,2,9,3736.0,19,Win,Platinum
102414,2026-02-14,P020,Harsh,Reyna,Breeze,14,18,6,6,2622.0,23,Win,Gold
103554,2026-09-10,P020,Harsh,Chamber,Sunset,28,17,8,15,4088.0,29,Loss,Platinum
104691,2026-02-24,P003,Amit,Viper,Lotus,21,14,6,9,2232.0,21,Loss,Bronze
104498,2026-09-29,P009,Sahil,Cypher,Breeze,30,14,2,17,4147.0,28,Loss,Diamond
102195,2026-01-08,P014,Varun,Brimstone,Icebox,17,20,4,7,2020.0,22,Win,Platinum
105045,2026-08-08,P019,Ritesh,Phoenix,Lotus,22,12,7,9,3885.0,25,Loss,Gold
102600,2026-08-20,P015,Nikhil,Killjoy,Breeze,25,13,7,12,3138.0,20,Loss,Diamond
101518,2026-01-16,P009,Sahil,Sage,Lotus,25,15,1,10,3743.0,27,Win,Silver
104764,2026-04-18,P010,Pratik,Raze,Split,12,10,2,3,1596.0,19,Win,Diamond
104314,2026-04-07,P003,Amit,Sage,Split,5,20,8,2,1063.0,25,Loss,Silver
103366,2026-02-05,P018,Manish,Brimstone,Breeze,29,11,11,7,3597.0,18,Loss,Ascendant
106408,2026-07-27,P004,Rohan,Sova,Pearl,20,14,5,11,2949.0,24,Loss,Platinum
108948,2026-05-08,P011,Neeraj,Raze,Haven,16,22,2,5,2691.0,21,Win,Gold
102633,2026-03-16,P004,Rohan,Raze,Haven,20,11,4,11,3455.0,25,Win,Bronze
107129,2026-06-27,P010,Pratik,Sage,Breeze,22,16,11,10,2562.0,23,Loss,Immortal
105633,2026-07-12,P008,Aditya,Cypher,Pearl,18,13,1,8,2214.0,30,Win,Platinum
108632,2026-02-25,P001,Shubham,Raze,Lotus,16,12,5,4,2074.0,25,Win,Diamond
109873,2026-02-19,P015,Nikhil,Cypher,Breeze,14,21,7,7,2040.0,23,Win,Immortal
102434,2026-08-20,P014,Varun,Chamber,Icebox,11,14,7,3,1677.0,26,Win,Gold
108295,2026-08-05,P009,Sahil,Reyna,Bind,15,16,5,4,2244.0,20,Loss,Silver
106789,2026-03-23,P004,Rohan,Chamber,Sunset,16,24,10,6,2973.0,29,Loss,Immortal
106641,2026-04-02,P017,Siddhant,Killjoy,Ascent,19,9,3,6,3027.0,22,Win,Gold
104520,2026-08-02,P009,Sahil,Fade,Breeze,26,14,6,11,3844.0,21,Loss,Platinum
105587,2026-04-10,P016,Arjun,Brimstone,Ascent,21,13,2,7,4040.0,20,Loss,Immortal
103545,2026-08-12,P009,Sahil,Phoenix,Pearl,23,15,3,14,4420.0,26,Loss,Platinum
105992,2026-03-14,P007,Karan,Omen,Breeze,5,13,7,0,734.0,22,Loss,Platinum
109391,2026-04-04,P003,Amit,Killjoy,Lotus,29,11,7,7,2624.0,30,Loss,Diamond
108824,2026-06-28,P017,Siddhant,Sova,Icebox,20,21,2,7,2979.0,28,Loss,Diamond
105531,2026-08-21,P011,Neeraj,Sage,Icebox,21,15,4,10,3057.0,18,Win,Iron
105444,2026-04-09,P017,Siddhant,Omen,Split,15,13,0,8,1721.0,28,Loss,Platinum
100517,2026-08-28,P015,Nikhil,Cypher,Split,22,16,9,6,3448.0,27,Loss,Diamond
106138,2026-03-09,P013,Ankit,Raze,Breeze,20,9,0,8,3065.0,27,Win,Diamond
106897,2026-05-23,P019,Ritesh,Reyna,Pearl,17,12,0,9,1755.0,20,Loss,Silver
109101,2026-05-02,P015,Nikhil,Omen,Lotus,8,14,6,5,1032.0,19,Win,Platinum
107995,2026-05-15,P020,Harsh,Brimstone,Pearl,11,12,4,5,2035.0,20,Loss,Iron
101415,2026-03-26,P003,Amit,Sage,Split,7,7,6,4,1443.0,22,Win,Silver
104664,2026-02-11,P012,Yash,Chamber,Icebox,30,19,7,13,4224.0,29,Win,Bronze
104456,2026-03-20,P013,Ankit,Cypher,Bind,25,9,3,11,3106.0,24,Win,Bronze
102761,2026-03-19,P009,Sahil,Gekko,Sunset,17,21,6,8,1533.0,18,Loss,Diamond
104855,2026-07-22,P013,Ankit,Jett,Split,26,13,7,13,4604.0,26,Win,Silver
100127,2026-08-28,P006,Vivek,Raze,Lotus,20,17,6,7,4103.0,28,Loss,Ascendant
103474,2026-05-25,P010,Pratik,Viper,Haven,21,11,1,6,2189.0,24,Win,Iron
109823,2026-03-09,P006,Vivek,Raze,Pearl,17,8,11,6,3171.0,23,Loss,Diamond
104310,2026-07-16,P012,Yash,Raze,Lotus,8,17,2,4,1130.0,30,Loss,Bronze
102438,2026-04-20,P020,Harsh,Sage,Pearl,16,18,11,3,2421.0,23,Win,Gold
103765,2026-09-03,P003,Amit,Sage,Split,20,13,6,7,3049.0,19,Win,Silver
106909,2026-05-25,P019,Ritesh,Chamber,Breeze,17,17,3,7,1990.0,21,Loss,Gold
106378,2026-04-15,P018,Manish,Chamber,Ascent,3,17,4,2,648.0,19,Win,Gold
106693,2026-07-09,P006,Vivek,Jett,Split,16,12,5,5,3074.0,25,Win,Gold
109323,2026-05-19,P017,Siddhant,Killjoy,Icebox,21,19,1,10,3424.0,23,Win,Platinum
109790,2026-02-10,P007,Karan,Fade,Sunset,9,16,4,3,1167.0,27,Loss,Gold
101473,2026-07-14,P017,Siddhant,Cypher,Breeze,24,12,6,10,3520.0,29,Loss,Iron
104821,2026-09-21,P016,Arjun,Raze,Haven,7,17,7,3,1098.0,28,Win,Platinum
106948,2026-08-17,P011,Neeraj,Killjoy,Haven,36,17,0,16,5596.0,26,Loss,Ascendant
103560,2026-05-19,P011,Neeraj,Raze,Lotus,33,12,5,15,4982.0,21,Win,Platinum
103951,2026-01-05,P020,Harsh,Jett,Sunset,9,16,7,3,1319.0,18,Loss,Platinum
100049,2026-04-14,P015,Nikhil,Killjoy,Bind,19,15,7,4,3264.0,25,Loss,Ascendant
105437,2026-03-04,P001,Shubham,Cypher,Ascent,16,13,9,7,2253.0,19,Loss,Bronze
109917,2026-03-05,P013,Ankit,Phoenix,Icebox,30,9,7,5,4660.0,30,Loss,Gold
100887,2026-07-06,P014,Varun,Chamber,Bind,27,18,4,10,5265.0,23,Loss,Silver
102616,2026-06-18,P018,Manish,Phoenix,Ascent,6,18,9,3,735.0,28,Loss,Platinum
100516,2026-03-08,P019,Ritesh,Jett,Lotus,11,8,9,9,1441.0,18,Win,Immortal
103168,2026-03-30,P006,Vivek,Phoenix,Breeze,17,9,2,3,2736.0,25,Loss,Immortal
102949,2026-02-02,P013,Ankit,Cypher,Icebox,14,19,4,3,1963.0,19,Loss,Gold
101424,2026-02-13,P009,Sahil,Jett,Pearl,19,15,11,5,3858.0,21,Loss,Diamond
100139,2026-02-10,P003,Amit,Raze,Bind,26,13,10,12,4241.0,20,Loss,Silver
101924,2026-05-15,P012,Yash,Omen,Split,20,16,0,8,1869.0,18,Loss,Silver
102378,2026-04-10,P017,Siddhant,Raze,Icebox,22,14,7,6,3611.0,22,Win,Diamond
103197,2026-01-06,P009,Sahil,Viper,Icebox,7,14,3,3,1105.0,28,Loss,Diamond
105131,2026-04-20,P014,Varun,Sova,Split,12,22,3,3,1466.0,18,Loss,Gold
100112,2026-05-04,P020,Harsh,Gekko,Lotus,17,13,8,5,3155.0,23,Loss,Diamond
104559,2026-04-01,P011,Neeraj,Jett,Ascent,19,10,7,6,2753.0,24,Win,Gold
104595,2026-08-16,P018,Manish,Sova,Breeze,17,12,4,10,3322.0,19,Win,Silver
107332,2026-06-03,P015,Nikhil,Phoenix,Icebox,18,17,1,8,3137.0,19,Loss,Silver
103250,2026-05-10,P004,Rohan,Phoenix,Bind,15,15,8,5,2553.0,27,Win,Iron
104690,2026-06-25,P018,Manish,Phoenix,Ascent,10,10,5,3,943.0,22,Win,Bronze
107440,2026-07-19,P017,Siddhant,Jett,Split,20,17,3,3,3996.0,20,Loss,Gold
107802,2026-05-03,P016,Arjun,Killjoy,Breeze,22,16,7,8,4265.0,18,Win,Platinum
104546,2026-05-19,P007,Karan,Phoenix,Icebox,11,14,9,1,1489.0,22,Win,Diamond
106848,2026-04-20,P005,Akash,Viper,Breeze,22,16,7,10,3545.0,26,Win,Gold
103277,2026-06-28,P017,Siddhant,Chamber,Split,19,21,5,11,2833.0,20,Win,Silver
106309,2026-04-24,P014,Varun,Raze,Split,19,10,8,7,2089.0,21,Loss,Gold
106623,2026-05-22,P012,Yash,Brimstone,Pearl,13,11,6,6,1699.0,30,Loss,Diamond
104068,2026-04-10,P005,Akash,Omen,Sunset,16,13,8,9,1924.0,20,Loss,Platinum
104408,2026-06-03,P013,Ankit,Sova,Haven,16,12,5,7,1671.0,18,Loss,Gold
106178,2026-03-23,P015,Nikhil,Chamber,Breeze,20,12,7,6,2411.0,19,Loss,Gold
108607,2026-08-04,P009,Sahil,Cypher,Lotus,23,27,3,7,4062.0,28,Win,Gold
109380,2026-02-06,P019,Ritesh,Raze,Pearl,24,24,6,7,3458.0,26,Loss,Platinum
103222,2026-06-09,P011,Neeraj,Gekko,Icebox,21,8,0,11,2976.0,30,Loss,Platinum
108689,2026-08-31,P003,Amit,Cypher,Bind,28,8,3,5,3950.0,21,Loss,Bronze
100451,2026-03-07,P013,Ankit,Phoenix,Sunset,24,17,13,3,4118.0,27,Win,Diamond
103731,2026-05-17,P020,Harsh,Cypher,Haven,18,11,5,13,3271.0,23,Win,Gold
108972,2026-02-26,P005,Akash,Viper,Bind,14,11,8,3,1949.0,22,Loss,Platinum
104986,2026-07-04,P012,Yash,Killjoy,Icebox,16,19,7,4,2488.0,24,Loss,Silver
103663,2026-03-28,P003,Amit,Sova,Breeze,14,15,6,6,2355.0,25,Win,Platinum
102763,2026-03-30,P009,Sahil,Brimstone,Pearl,27,12,0,8,3529.0,28,Win,Gold
100658,2026-03-05,P017,Siddhant,Raze,Ascent,18,13,2,4,3517.0,25,Loss,Platinum
107712,2026-08-10,P001,Shubham,Sova,Haven,21,17,6,12,3971.0,24,Win,Platinum
107710,2026-04-03,P012,Yash,Raze,Haven,21,17,1,8,3111.0,20,Win,Iron
104620,2026-03-30,P011,Neeraj,Phoenix,Split,17,10,5,6,2127.0,28,Win,Platinum
100999,2026-05-12,P012,Yash,Sova,Breeze,6,20,2,5,979.0,21,Loss,Platinum
100389,2026-09-24,P005,Akash,Reyna,Sunset,34,6,9,9,5790.0,22,Loss,Diamond
103407,2026-02-11,P017,Siddhant,Brimstone,Icebox,9,13,5,1,1745.0,25,Win,Platinum
101476,2026-01-23,P013,Ankit,Killjoy,Breeze,14,11,3,4,2529.0,24,Loss,Diamond
102240,2026-05-06,P020,Harsh,Chamber,Pearl,23,12,6,3,3596.0,22,Win,Gold
102386,2026-06-13,P006,Vivek,Brimstone,Breeze,25,14,5,8,4302.0,18,Loss,Diamond
109158,2026-09-15,P012,Yash,Viper,Lotus,23,14,7,15,3624.0,20,Loss,Ascendant
100992,2026-01-07,P014,Varun,Cypher,Pearl,16,17,7,7,2131.0,18,Loss,Platinum
104997,2026-05-07,P015,Nikhil,Sage,Lotus,27,15,9,6,3195.0,30,Loss,Platinum
103922,2026-09-17,P015,Nikhil,Reyna,Icebox,28,17,8,8,2893.0,30,Loss,
102972,2026-06-13,P010,Pratik,Fade,Pearl,28,11,7,14,2715.0,20,Loss,Platinum
103386,2026-01-05,P006,Vivek,Sova,Breeze,27,9,10,17,4264.0,18,Win,Gold
107920,2026-05-09,P010,Pratik,Brimstone,Bind,20,9,7,14,3017.0,22,Win,Gold
106993,2026-07-16,P006,Vivek,Omen,Sunset,9,15,9,6,1369.0,28,Win,Diamond
104769,2026-07-12,P004,Rohan,Reyna,Ascent,3,19,7,1,540.0,22,Win,Diamond
101293,2026-07-19,P019,Ritesh,Fade,Bind,17,8,8,10,2932.0,22,Win,Diamond
101824,2026-06-14,P009,Sahil,Gekko,Ascent,29,18,2,11,2897.0,21,Win,Iron
102873,2026-07-14,P020,Harsh,Brimstone,Bind,4,11,8,3,630.0,30,Win,Platinum
104173,2026-03-30,P018,Manish,Fade,Haven,22,17,11,10,3756.0,18,Win,Bronze
102535,2026-02-11,P019,Ritesh,Viper,Split,26,17,1,8,4698.0,29,Loss,Diamond
109733,2026-08-04,P008,Aditya,Jett,Bind,21,13,5,9,2404.0,20,Loss,Diamond
101907,2026-03-16,P007,Karan,Chamber,Ascent,24,14,3,9,3993.0,24,Loss,Platinum
100042,2026-05-25,P007,Karan,Viper,Pearl,17,15,10,5,3418.0,30,Win,Silver
109511,2026-02-10,P019,Ritesh,Chamber,Bind,13,11,11,4,2040.0,19,Loss,Ascendant
100368,2026-03-14,P014,Varun,Sova,Pearl,3,15,6,1,571.0,22,Win,Platinum
101151,2026-06-30,P005,Akash,Sage,Icebox,23,13,8,14,4441.0,18,Win,Immortal
107787,2026-04-16,P015,Nikhil,Killjoy,Bind,5,17,7,2,991.0,30,Loss,Gold
106387,2026-04-14,P014,Varun,Chamber,Breeze,23,12,7,13,3432.0,26,Win,Gold
106234,2026-03-26,P012,Yash,Reyna,Breeze,28,10,3,8,3372.0,26,Win,Gold
106537,2026-05-22,P007,Karan,Sage,Lotus,9,17,5,3,1902.0,27,Win,Ascendant
108094,2026-03-28,P006,Vivek,Sage,Split,8,19,9,4,937.0,28,Win,Platinum
104160,2026-08-12,P014,Varun,Phoenix,Breeze,24,17,8,14,4000.0,24,Loss,Iron
104287,2026-04-02,P013,Ankit,Brimstone,Haven,27,21,3,14,4920.0,28,Win,Ascendant
107810,2026-02-27,P012,Yash,Omen,Bind,16,16,6,4,2622.0,30,Win,Platinum
108313,2026-09-06,P012,Yash,Killjoy,Split,10,13,2,4,1440.0,27,Loss,Platinum
100174,2026-06-05,P001,Shubham,Raze,Split,22,9,7,5,3518.0,18,Win,Gold
101903,2026-02-20,P007,Karan,Phoenix,Sunset,15,17,0,3,2733.0,29,Win,Ascendant
101099,2026-09-12,P005,Akash,Chamber,Lotus,25,13,2,9,3953.0,24,Win,Bronze
108149,2026-03-02,P001,Shubham,Brimstone,Ascent,21,12,3,7,3217.0,30,Win,Gold
103408,2026-02-19,P012,Yash,Jett,Ascent,23,16,5,13,4714.0,27,Win,Diamond
101538,2026-06-12,P014,Varun,Chamber,Haven,24,12,4,11,2870.0,25,Win,Immortal
102292,2026-09-24,P001,Shubham,Gekko,Icebox,18,18,4,9,3363.0,22,Loss,Ascendant
109319,2026-06-16,P005,Akash,Gekko,Sunset,17,18,5,7,2830.0,24,Win,Gold
101363,2026-05-02,P016,Arjun,Cypher,Ascent,28,11,11,11,4862.0,30,Win,Silver
107013,2026-04-30,P010,Pratik,Brimstone,Pearl,3,17,3,1,596.0,22,Win,Platinum
106658,2026-04-19,P017,Siddhant,Viper,Haven,32,16,6,14,5148.0,19,Win,Platinum
105260,2026-07-14,P002,Rahul,Gekko,Pearl,14,12,9,6,2458.0,26,Win,Diamond
106847,2026-09-03,P003,Amit,Cypher,Sunset,26,12,0,9,2134.0,21,Win,Gold
107089,2026-04-02,P020,Harsh,Raze,Haven,25,25,3,14,4018.0,24,Win,Bronze
100680,2026-01-30,P006,Vivek,Raze,Sunset,22,19,7,6,3222.0,19,Win,Diamond
109334,2026-08-05,P007,Karan,Reyna,Lotus,10,22,10,3,1686.0,20,Loss,Silver
107682,2026-07-27,P003,Amit,Omen,Lotus,21,8,5,6,2770.0,27,Loss,Platinum
103664,2026-04-15,P008,Aditya,Raze,Ascent,27,9,7,7,3342.0,28,Win,Silver
101661,2026-02-22,P001,Shubham,Killjoy,Pearl,26,18,4,11,2167.0,18,Loss,
100508,2026-08-15,P010,Pratik,Omen,Lotus,12,21,3,1,2077.0,29,Win,Iron
100166,2026-08-21,P007,Karan,Jett,Ascent,22,13,3,11,3495.0,22,Loss,Platinum
105497,2026-08-23,P013,Ankit,Raze,Split,25,14,4,5,4302.0,29,Loss,Ascendant
108317,2026-05-25,P001,Shubham,Chamber,Icebox,7,12,3,4,1228.0,26,Loss,Gold
101006,2026-09-22,P003,Amit,Jett,Pearl,17,11,10,3,2510.0,23,Loss,Ascendant
108370,2026-09-25,P008,Aditya,Fade,Breeze,22,13,2,4,3441.0,29,Loss,Silver
101914,2026-04-17,P008,Aditya,Killjoy,Breeze,12,11,2,4,1918.0,29,Win,Silver
103494,2026-03-29,P003,Amit,Sova,Bind,3,11,0,2,424.0,25,Win,Gold
109653,2026-01-26,P011,Neeraj,Phoenix,Bind,6,12,7,3,1204.0,19,Win,Diamond
109770,2026-03-24,P010,Pratik,Killjoy,Sunset,5,14,1,1,,23,Win,Gold
106474,2026-04-19,P010,Pratik,Fade,Bind,16,19,4,7,1521.0,30,Win,Gold
104990,2026-09-09,P002,Rahul,Viper,Bind,19,14,3,6,2186.0,30,Loss,Silver
102536,2026-01-07,P016,Arjun,Gekko,Lotus,19,13,6,3,3639.0,24,Win,Silver
101104,2026-05-20,P008,Aditya,Phoenix,Split,20,14,8,5,2689.0,26,Loss,Silver
103875,2026-03-21,P018,Manish,Cypher,Icebox,13,15,3,4,1852.0,21,Loss,Silver
107557,2026-09-01,P015,Nikhil,Omen,Split,14,10,8,6,2170.0,29,Loss,Immortal
101752,2026-04-02,P014,Varun,Gekko,Sunset,3,11,9,1,476.0,26,Loss,Diamond
105310,2026-03-17,P008,Aditya,Chamber,Lotus,27,13,8,12,5199.0,29,Loss,Gold
109609,2026-06-27,P019,Ritesh,Sage,Bind,3,8,0,1,339.0,30,Loss,Platinum
102916,2026-04-03,P006,Vivek,Sova,Icebox,16,16,0,11,2626.0,24,Win,Ascendant
108093,2026-05-02,P009,Sahil,Killjoy,Icebox,15,9,0,7,2906.0,22,Win,Immortal
105754,2026-04-04,P017,Siddhant,Fade,Split,21,13,7,7,3459.0,26,Loss,Gold
100152,2026-09-15,P002,Rahul,Gekko,Icebox,12,16,5,7,1694.0,18,Win,Diamond
107724,2026-09-22,P020,Harsh,Killjoy,Sunset,22,16,9,7,3503.0,18,Loss,Bronze
105679,2026-04-03,P004,Rohan,Reyna,Split,6,8,3,2,901.0,27,Win,Silver
103907,2026-09-16,P006,Vivek,Omen,Haven,26,10,0,12,4641.0,22,Win,Platinum
109154,2026-08-10,P015,Nikhil,Sage,Bind,18,15,6,7,2762.0,30,Win,Bronze
102552,2026-01-15,P012,Yash,Phoenix,Split,16,23,6,4,2504.0,20,Loss,Diamond
102773,2026-06-19,P007,Karan,Fade,Bind,22,12,5,9,3872.0,19,Win,Immortal
106126,2026-08-09,P017,Siddhant,Reyna,Icebox,7,15,8,3,874.0,22,Loss,Gold
103551,2026-01-29,P016,Arjun,Killjoy,Split,17,16,5,7,2767.0,18,Win,Iron
103722,2026-07-20,P010,Pratik,Cypher,Bind,17,11,7,7,2077.0,20,Loss,Iron
106671,2026-03-21,P003,Amit,Cypher,Icebox,13,7,7,4,2361.0,20,Win,Immortal
100520,2026-07-13,P002,Rahul,Sova,Pearl,25,15,2,10,3436.0,19,Win,Diamond
108068,2026-05-15,P002,Rahul,Brimstone,Icebox,6,9,6,4,1035.0,19,Win,Ascendant
104538,2026-09-18,P007,Karan,Reyna,Ascent,20,12,4,10,2584.0,20,Win,Diamond
108904,2026-01-13,P013,Ankit,Raze,Pearl,14,9,1,4,1954.0,29,Loss,Gold
101822,2026-08-31,P006,Vivek,Phoenix,Pearl,24,14,6,11,3319.0,20,Loss,Gold
104086,2026-09-19,P010,Pratik,Viper,Split,5,15,5,2,924.0,22,Loss,Ascendant
106176,2026-02-26,P019,Ritesh,Raze,Bind,20,7,6,10,2823.0,23,Win,Immortal
108761,2026-01-22,P003,Amit,Cypher,Ascent,26,14,8,8,4307.0,25,Loss,Diamond
107364,2026-05-30,P020,Harsh,Brimstone,Haven,14,11,3,8,2230.0,23,Loss,Silver
109826,2026-06-05,P007,Karan,Brimstone,Pearl,19,16,6,10,3381.0,29,Win,Bronze
100309,2026-07-03,P009,Sahil,Brimstone,Haven,8,22,6,1,1017.0,20,Win,Immortal
107755,2026-03-16,P015,Nikhil,Sova,Ascent,20,18,8,9,1624.0,19,Win,Platinum
106498,2026-08-07,P004,Rohan,Viper,Bind,21,11,5,9,4040.0,18,Win,Diamond
107348,2026-04-01,P011,Neeraj,Cypher,Split,27,22,3,7,4334.0,24,Loss,Gold
103599,2026-05-18,P011,Neeraj,Brimstone,Bind,36,10,8,12,4789.0,28,Win,Platinum
103622,2026-01-22,P019,Ritesh,Chamber,Ascent,19,11,8,7,2732.0,24,Loss,Platinum
103811,2026-07-02,P017,Siddhant,Cypher,Split,16,15,7,5,2902.0,19,Loss,Diamond
103450,2026-08-09,P004,Rohan,Sova,Ascent,15,17,8,5,2262.0,18,Loss,Gold
104591,2026-09-14,P012,Yash,Brimstone,Haven,5,16,7,1,902.0,20,Win,Platinum
100205,2026-05-09,P003,Amit,Raze,Sunset,6,21,7,1,1025.0,21,Win,Diamond
109860,2026-06-22,P004,Rohan,Jett,Haven,30,16,6,12,5431.0,18,Win,Ascendant
101135,2026-07-03,P014,Varun,Reyna,Split,8,14,8,3,822.0,29,Win,Silver
109403,2026-04-04,P016,Arjun,Gekko,Sunset,12,15,9,4,1921.0,29,Loss,Platinum
102749,2026-06-19,P014,Varun,Fade,Icebox,20,11,5,9,3773.0,30,Win,Diamond
103613,2026-06-05,P010,Pratik,Phoenix,Ascent,14,14,6,6,1789.0,19,Win,Ascendant
100305,2026-09-30,P005,Akash,Sova,Ascent,24,16,4,2,4125.0,27,Win,Ascendant
101849,2026-09-28,P002,Rahul,Viper,Bind,18,17,7,4,1651.0,30,Win,Platinum
106475,2026-09-09,P004,Rohan,Sova,Ascent,19,11,10,4,2839.0,19,Loss,Gold
101988,2026-08-17,P014,Varun,Fade,Sunset,24,18,4,5,3757.0,18,Win,Immortal
103240,2026-04-28,P010,Pratik,Fade,Haven,19,18,5,12,2810.0,29,Loss,Gold
102798,2026-05-22,P010,Pratik,Killjoy,Sunset,25,7,12,11,3868.0,24,Loss,Bronze
104515,2026-05-15,P020,Harsh,Reyna,Pearl,18,13,7,11,2794.0,28,Loss,Silver
105630,2026-02-06,P020,Harsh,Sage,Haven,13,15,1,5,1485.0,18,Win,Immortal
107748,2026-09-28,P008,Aditya,Sage,Icebox,8,14,3,4,1285.0,25,Win,Diamond
103109,2026-09-02,P016,Arjun,Reyna,Breeze,23,15,8,6,3543.0,29,Loss,Gold
104939,2026-09-03,P012,Yash,Gekko,Icebox,15,20,1,8,1970.0,29,Win,Silver
104059,2026-04-22,P005,Akash,Viper,Pearl,28,16,1,12,5145.0,26,Loss,Diamond
101987,2026-04-26,P013,Ankit,Gekko,Lotus,9,10,5,3,1627.0,18,Win,Gold
109359,2026-05-06,P016,Arjun,Viper,Icebox,11,13,5,8,1380.0,20,Loss,Silver
108893,2026-01-24,P002,Rahul,Phoenix,Sunset,18,20,7,7,2308.0,27,Win,Platinum
107636,2026-07-02,P011,Neeraj,Phoenix,Lotus,27,13,3,8,4093.0,26,Loss,Gold
100383,2026-08-30,P001,Shubham,Brimstone,Bind,17,15,6,7,3370.0,22,Loss,Gold
105634,2026-07-20,P002,Rahul,Omen,Lotus,21,19,10,7,3348.0,30,Win,Gold
104307,2026-06-30,P007,Karan,Jett,Sunset,21,15,9,4,3149.0,21,Loss,Iron
103388,2026-06-04,P007,Karan,Jett,Haven,7,9,5,2,1481.0,25,Loss,Gold
103156,2026-03-11,P008,Aditya,Reyna,Split,20,17,3,8,3200.0,25,Win,Gold
100403,2026-06-11,P008,Aditya,Fade,Split,10,16,0,3,1291.0,28,Win,Diamond
102727,2026-04-20,P006,Vivek,Viper,Icebox,24,14,11,9,3053.0,28,Loss,Platinum
107170,2026-08-03,P005,Akash,Killjoy,Lotus,13,9,8,4,1602.0,30,Loss,Silver
106307,2026-04-23,P011,Neeraj,Sage,Icebox,28,11,3,15,4192.0,19,Loss,Iron
108703,2026-09-15,P020,Harsh,Gekko,Ascent,28,10,2,17,3007.0,19,Loss,Platinum
108384,2026-07-12,P019,Ritesh,Chamber,Bind,27,14,7,14,4747.0,29,Win,Immortal
106065,2026-06-20,P015,Nikhil,Cypher,Pearl,13,11,8,3,1227.0,30,Win,Iron
103832,2026-02-26,P009,Sahil,Gekko,Split,23,15,2,10,2477.0,29,Win,Gold
108724,2026-07-26,P005,Akash,Brimstone,Sunset,26,20,10,7,2312.0,27,Win,Silver
104776,2026-07-29,P017,Siddhant,Phoenix,Bind,14,20,2,8,1751.0,27,Loss,Silver
104276,2026-04-02,P011,Neeraj,Omen,Split,14,13,3,8,1996.0,21,Loss,Diamond
100253,2026-04-06,P003,Amit,,Ascent,21,12,4,10,2847.0,21,Loss,Gold
106200,2026-02-28,P017,Siddhant,Omen,Split,21,10,2,9,3345.0,24,Win,Bronze
109610,2026-01-23,P010,Pratik,Chamber,Icebox,16,14,6,6,2784.0,19,Win,Diamond
107322,2026-08-30,P003,Amit,Cypher,Haven,21,6,3,7,3472.0,18,Loss,Platinum
100278,2026-06-05,P014,Varun,Reyna,Bind,15,19,8,7,2003.0,29,Win,Silver
103252,2026-09-22,P004,Rohan,Phoenix,Breeze,12,10,6,4,1252.0,24,Win,Ascendant
102480,2026-04-09,P018,Manish,Viper,Haven,8,21,6,5,1018.0,19,Loss,Gold
100289,2026-08-02,P008,Aditya,Fade,Split,5,13,2,2,1013.0,22,Loss,Gold
106114,2026-03-27,P019,Ritesh,Reyna,Sunset,12,6,6,8,1888.0,26,Win,Silver
103075,2026-05-07,P010,Pratik,Sova,Haven,18,11,3,4,2236.0,22,Loss,Diamond
108141,2026-04-18,P015,Nikhil,Gekko,Split,26,8,0,12,3359.0,18,Loss,Gold
107632,2026-05-28,P017,Siddhant,Phoenix,Lotus,22,12,7,13,3584.0,30,Win,Silver
106432,2026-08-18,P012,Yash,Sage,Pearl,23,8,6,10,4249.0,18,Win,Gold
105089,2026-01-08,P005,Akash,Fade,Ascent,14,18,6,7,2223.0,26,Win,Gold
107317,2026-03-13,P008,Aditya,Omen,Lotus,27,11,6,13,3619.0,27,Loss,Gold
109737,2026-06-10,P019,Ritesh,Omen,Lotus,10,13,7,8,1888.0,21,Loss,Gold
108420,2026-06-22,P007,Karan,Brimstone,Lotus,13,15,0,4,2052.0,21,Win,Gold
108976,2026-01-09,P004,Rohan,Brimstone,Lotus,26,15,8,14,4676.0,21,Loss,Platinum
106149,2026-06-29,P013,Ankit,Raze,Pearl,16,16,4,9,1843.0,30,Win,Platinum
107789,2026-06-04,P018,Manish,Brimstone,Bind,12,11,5,4,1709.0,30,Win,Platinum
100270,2026-02-23,P011,Neeraj,Killjoy,Icebox,4,14,5,3,926.0,27,Win,Diamond
106009,2026-05-30,P013,Ankit,Fade,Split,20,19,3,5,3323.0,20,Loss,Bronze
104570,2026-05-27,P013,Ankit,Gekko,Pearl,12,20,6,5,2237.0,27,Loss,Platinum
109855,2026-04-11,P003,Amit,Viper,Split,18,11,5,9,2744.0,24,Loss,Iron
108039,2026-08-20,P019,Ritesh,Phoenix,Haven,15,20,10,4,2375.0,20,Loss,Ascendant
102971,2026-01-31,P019,Ritesh,Sova,Sunset,9,14,6,1,1171.0,23,Loss,Silver
107977,2026-04-18,P010,Pratik,Sova,Ascent,28,13,3,13,3056.0,21,Loss,Diamond
109525,2026-04-03,P009,Sahil,Fade,Bind,13,16,6,3,1944.0,21,Win,Silver
104207,2026-08-18,P014,Varun,Gekko,Haven,20,15,6,7,3409.0,29,Loss,Platinum
103218,2026-01-10,P018,Manish,Jett,Lotus,23,11,6,6,2795.0,30,Loss,Diamond
101391,2026-07-03,P011,Neeraj,Reyna,Breeze,14,18,8,6,1848.0,30,Win,Diamond
103975,2026-07-14,P011,Neeraj,Reyna,Split,19,13,4,7,2712.0,19,Loss,Platinum
104316,2026-09-26,P002,Rahul,Fade,Breeze,24,17,11,7,3805.0,21,Loss,Diamond
106728,2026-06-06,P008,Aditya,Phoenix,Sunset,22,16,0,7,3644.0,28,Win,Bronze
107672,2026-01-13,P015,Nikhil,Reyna,Breeze,29,12,5,15,5408.0,24,Loss,Platinum
107482,2026-01-30,P007,Karan,Jett,Bind,20,18,8,9,3651.0,22,Loss,Diamond
100083,2026-06-03,P001,Shubham,Gekko,Lotus,20,10,6,8,4085.0,23,Loss,Gold
100873,2026-03-06,P007,Karan,Phoenix,Breeze,11,15,6,3,1552.0,30,Loss,Gold
109625,2026-08-25,P011,Neeraj,Jett,Split,17,17,4,8,2764.0,27,Loss,Silver
107669,2026-07-15,P012,Yash,Killjoy,Split,14,10,4,3,2531.0,27,Win,Diamond
104557,2026-03-24,P018,Manish,Reyna,Icebox,33,10,4,11,4729.0,19,Loss,Gold
104500,2026-05-11,P012,Yash,Brimstone,Sunset,14,6,7,3,1915.0,26,Loss,Ascendant
104647,2026-08-30,P020,Harsh,Brimstone,Bind,23,11,6,6,2791.0,24,Loss,Platinum
102038,2026-05-22,P007,Karan,Chamber,Bind,4,13,6,2,777.0,18,Loss,Silver
109714,2026-02-19,P002,Rahul,Brimstone,Split,26,12,6,10,4451.0,28,Loss,Gold
106942,2026-01-14,P003,Amit,Jett,Ascent,3,13,4,1,614.0,26,Win,Silver
102450,2026-03-19,P002,Rahul,Cypher,Sunset,17,17,9,3,2953.0,18,Loss,Silver
103954,2026-09-17,P002,Rahul,Jett,Haven,19,15,8,8,2347.0,26,Win,Immortal
102329,2026-07-22,P019,Ritesh,Cypher,Split,20,10,5,12,2612.0,20,Win,Diamond
109143,2026-03-02,P014,Varun,Fade,Ascent,12,12,11,6,1726.0,30,Loss,Ascendant
107077,2026-01-30,P001,Shubham,Viper,Breeze,8,11,4,3,1358.0,26,Loss,Gold
105042,2026-08-13,P007,Karan,Chamber,Breeze,21,14,3,5,2207.0,23,Win,Gold
109383,2026-03-26,P005,Akash,Omen,Breeze,11,5,6,7,1904.0,18,Win,Gold
104746,2026-01-06,P001,Shubham,Gekko,Pearl,15,10,5,7,2251.0,27,Loss,Gold
109386,2026-01-20,P010,Pratik,Cypher,Pearl,8,14,4,3,1364.0,19,Loss,Platinum
108088,2026-03-11,P011,Neeraj,Brimstone,Split,15,7,6,6,2476.0,29,Win,Iron
106521,2026-03-31,P001,Shubham,Viper,Icebox,13,17,7,6,1668.0,19,Loss,Platinum
109879,2026-01-04,P018,Manish,Omen,Haven,18,20,9,6,2362.0,18,Win,Silver
106383,2026-05-09,P011,Neeraj,Omen,Pearl,24,18,4,8,3567.0,23,Loss,Platinum
102401,2026-08-28,P012,Yash,Sage,Sunset,29,12,0,5,3992.0,23,Win,Ascendant
105520,2026-06-11,P009,Sahil,Viper,Haven,31,11,4,10,6417.0,25,Loss,Platinum
101216,2026-06-04,P011,Neeraj,Chamber,Breeze,15,19,7,2,2144.0,25,Loss,Diamond
108714,2026-04-23,P014,Varun,Cypher,Split,35,17,6,13,5782.0,18,Loss,Gold
106020,2026-06-27,P019,Ritesh,Sage,Pearl,12,11,2,4,2495.0,28,Win,Silver
109074,2026-05-09,P013,Ankit,Reyna,Lotus,19,8,6,7,3223.0,22,Win,Gold
101064,2026-04-13,P013,Ankit,Brimstone,Icebox,7,16,4,3,1160.0,29,Loss,Gold
103786,2026-07-15,P010,Pratik,Raze,Sunset,19,10,6,9,2845.0,27,Win,Silver
104410,2026-09-21,P014,Varun,Gekko,Haven,7,16,6,5,914.0,26,Loss,Silver
106998,2026-07-02,P013,Ankit,Sage,Icebox,15,6,11,4,2188.0,21,Win,Ascendant
106791,2026-06-13,P012,Yash,Jett,Bind,13,8,5,7,1646.0,25,Loss,Gold
105523,2026-03-03,P006,Vivek,Chamber,Split,19,11,7,8,3701.0,21,Loss,Diamond
105996,2026-08-16,P008,Aditya,Raze,Split,14,17,7,7,2816.0,18,Loss,Silver
108852,2026-06-29,P013,Ankit,Omen,Breeze,28,12,13,13,3452.0,19,Loss,Platinum
105888,2026-06-25,P014,Varun,Omen,Lotus,19,14,5,11,1807.0,23,Loss,Platinum
102161,2026-02-20,P012,Yash,Reyna,Icebox,16,11,8,5,2144.0,24,Win,Platinum
103008,2026-02-08,P007,Karan,Fade,Split,29,6,6,14,4934.0,21,Win,Bronze
101105,2026-09-05,P001,Shubham,Viper,Pearl,18,16,8,7,2568.0,29,Loss,Platinum
106685,2026-03-10,P007,Karan,Viper,Split,28,6,9,15,4870.0,20,Loss,Ascendant
100692,2026-02-17,P001,Shubham,Jett,Split,14,18,6,5,1945.0,22,Loss,Silver
107547,2026-08-14,P002,Rahul,Gekko,Pearl,26,14,3,9,3307.0,27,Loss,Bronze
104956,2026-06-17,P007,Karan,Viper,Sunset,25,22,12,7,4118.0,20,Loss,Ascendant
106627,2026-04-07,P014,Varun,Brimstone,Sunset,11,13,4,0,1869.0,25,Loss,Silver
108498,2026-05-17,P011,Neeraj,Omen,Ascent,22,13,8,16,3153.0,27,Loss,Gold
104369,2026-02-10,P004,Rohan,Killjoy,Ascent,20,12,2,12,2692.0,20,Win,Immortal
102765,2026-03-04,P003,Amit,Omen,Ascent,20,17,3,7,3279.0,19,Win,Platinum
103929,2026-08-08,P016,Arjun,Brimstone,Split,7,11,4,2,865.0,25,Win,Platinum
108304,2026-07-26,P005,Akash,Fade,Breeze,8,11,11,2,1251.0,18,Loss,Diamond
109739,2026-03-09,P004,Rohan,Cypher,Breeze,22,13,7,11,3614.0,26,Loss,Diamond
108771,2026-06-09,P012,Yash,Brimstone,Lotus,16,11,7,8,2639.0,23,Loss,Gold
106426,2026-04-06,P012,Yash,Viper,Split,13,17,1,11,1674.0,23,Win,Bronze
100628,2026-01-21,P013,Ankit,Brimstone,Icebox,18,7,0,4,2837.0,21,Win,Gold
102451,2026-05-19,P001,Shubham,Chamber,Sunset,4,16,0,2,432.0,22,Win,Ascendant
106768,2026-04-25,P001,Shubham,Raze,Ascent,20,8,7,5,2630.0,29,Loss,Platinum
106608,2026-09-29,P012,Yash,Chamber,Haven,15,14,8,6,2360.0,24,Win,Bronze
103824,2026-08-06,P012,Yash,Chamber,Lotus,22,12,9,12,3013.0,29,Loss,Silver
109914,2026-03-21,P002,Rahul,Brimstone,Breeze,14,18,6,7,1726.0,24,Loss,Silver
102652,2026-09-21,P011,Neeraj,Jett,Haven,11,22,1,5,1726.0,20,Loss,Gold
109126,2026-01-06,P001,Shubham,Raze,Icebox,15,15,2,4,2407.0,20,Loss,Diamond
103743,2026-03-20,P003,Amit,Brimstone,Bind,11,10,8,6,1748.0,22,Loss,Silver
102176,2026-07-07,P010,Pratik,Fade,Haven,19,14,3,3,3277.0,18,Loss,Bronze
109926,2026-08-25,P002,Rahul,Sage,Ascent,36,12,8,7,5479.0,20,Win,Iron
109282,2026-04-12,P013,Ankit,Gekko,Bind,9,20,9,4,1714.0,21,Loss,Immortal
103318,2026-07-06,P017,Siddhant,Omen,Bind,24,14,4,5,3646.0,20,Loss,Diamond
106372,2026-01-26,P008,Aditya,Fade,Breeze,23,12,5,6,2738.0,24,Win,Diamond
102787,2026-03-05,P001,Shubham,Phoenix,Pearl,15,19,0,5,2398.0,21,Win,Diamond
104105,2026-05-21,P009,Sahil,Reyna,Split,27,17,2,14,4199.0,18,Loss,Diamond
106384,2026-06-16,P012,Yash,Viper,Bind,36,16,6,16,4978.0,20,Win,Diamond
101676,2026-04-28,P015,Nikhil,Gekko,Breeze,14,14,10,7,2108.0,20,Win,Gold
103947,2026-01-31,P015,Nikhil,Raze,Split,19,13,8,7,3664.0,19,Loss,Platinum
104444,2026-01-03,P002,Rahul,Gekko,Split,3,23,9,3,629.0,22,Loss,Gold
102936,2026-08-20,P013,Ankit,Fade,Pearl,20,18,9,11,2647.0,26,Win,Platinum
106691,2026-03-04,P018,Manish,Cypher,Icebox,13,14,1,5,2144.0,18,Win,Diamond
107801,2026-07-14,P006,Vivek,Omen,Bind,17,16,3,8,2750.0,30,Loss,Bronze
105722,2026-08-13,P017,Siddhant,Omen,Bind,25,11,1,7,4160.0,29,Win,Ascendant
107475,2026-07-16,P020,Harsh,Reyna,Icebox,26,20,6,10,4166.0,22,Loss,Bronze
102503,2026-08-06,P003,Amit,Killjoy,Pearl,21,16,7,12,3563.0,26,Loss,Platinum
108500,2026-05-25,P019,Ritesh,Phoenix,Icebox,20,13,6,5,2339.0,21,Loss,Gold
102369,2026-08-20,P001,Shubham,Omen,Haven,17,15,5,10,2314.0,23,Loss,Platinum
104967,2026-03-16,P003,Amit,Fade,Ascent,18,9,5,13,2588.0,18,Win,Silver
105883,2026-01-17,P014,Varun,Chamber,Haven,13,16,10,9,2579.0,18,Win,Bronze
102217,2026-03-19,P008,Aditya,Cypher,Bind,17,10,3,5,2529.0,27,Loss,Gold
105847,2026-03-08,P016,Arjun,Phoenix,Lotus,36,16,2,22,5400.0,30,Loss,Silver
102218,2026-09-02,P020,Harsh,Sage,Bind,25,16,9,9,4139.0,26,Loss,Gold
103326,2026-07-24,P005,Akash,Reyna,Haven,17,16,3,5,1989.0,28,Loss,Diamond
108240,2026-01-29,P008,Aditya,Reyna,Breeze,17,13,8,10,2970.0,24,Loss,Gold
103583,2026-07-26,P002,Rahul,Fade,Sunset,25,13,7,7,3243.0,30,Win,Silver
109844,2026-05-24,P016,Arjun,Fade,Haven,14,11,7,5,1876.0,25,Loss,Gold
103619,2026-06-23,P006,Vivek,Brimstone,Bind,29,14,9,12,5249.0,28,Loss,Diamond
107741,2026-01-14,P007,Karan,Jett,Breeze,22,15,2,9,2839.0,28,Win,Iron
106461,2026-05-23,P020,Harsh,Chamber,Bind,25,12,7,9,4771.0,28,Win,Platinum
103115,2026-09-18,P015,Nikhil,Sova,Icebox,18,10,4,5,2516.0,21,Loss,Immortal
100085,2026-08-31,P012,Yash,Killjoy,Pearl,21,12,7,4,2507.0,27,Loss,Gold
105973,2026-05-31,P020,Harsh,Raze,Sunset,11,14,5,8,1775.0,21,Win,Gold
102801,2026-09-12,P001,Shubham,Sage,Split,21,18,9,6,2720.0,22,Win,Platinum
103671,2026-05-06,P014,Varun,Brimstone,Icebox,14,12,3,5,1885.0,27,Loss,Ascendant
103667,2026-07-01,P011,Neeraj,Cypher,Pearl,11,9,5,4,2206.0,27,Loss,Immortal
109814,2026-05-23,P006,Vivek,Brimstone,Icebox,21,19,6,13,3857.0,19,Loss,Iron
105158,2026-07-30,P020,Harsh,Sage,Bind,16,15,5,8,1940.0,25,Loss,Platinum
105725,2026-02-26,P001,Shubham,Sage,Sunset,17,10,8,7,2468.0,20,Loss,Ascendant
104590,2026-05-27,P013,Ankit,Fade,Pearl,16,11,0,6,2331.0,21,Loss,Diamond
102019,2026-08-05,P002,Rahul,Phoenix,Breeze,23,20,12,13,3167.0,29,Loss,Diamond
107866,2026-06-24,P018,Manish,Viper,Icebox,5,19,4,4,718.0,25,Loss,Gold
102525,2026-05-28,P002,Rahul,Brimstone,Lotus,11,8,4,5,1436.0,26,Win,Bronze
107447,2026-03-18,P006,Vivek,Reyna,Sunset,32,16,9,13,5517.0,25,Loss,Ascendant
106258,2026-03-25,P003,Amit,Viper,Ascent,19,17,8,8,3401.0,28,Loss,Platinum
103212,2026-09-16,P016,Arjun,Fade,Bind,19,13,6,7,3215.0,25,Loss,Bronze
100519,2026-04-01,P005,Akash,Gekko,Haven,22,11,7,10,3683.0,28,Win,Silver
105366,2026-03-23,P013,Ankit,Omen,Ascent,20,10,4,10,3571.0,28,Loss,Silver
107988,2026-07-15,P012,Yash,Fade,Breeze,13,10,9,4,2067.0,25,Loss,Platinum
102895,2026-05-01,P004,Rohan,Chamber,Ascent,15,17,5,5,2436.0,26,Win,Ascendant
100244,2026-05-18,P003,Amit,Cypher,Bind,23,22,3,3,2895.0,26,Loss,Silver
105930,2026-05-25,P005,Akash,Brimstone,Haven,17,8,6,6,2291.0,23,Loss,Silver
104714,2026-02-26,P013,Ankit,Sova,Haven,11,13,12,6,1592.0,21,Loss,Gold
109226,2026-04-20,P019,Ritesh,Fade,Icebox,19,12,3,10,2543.0,25,Win,Diamond
103425,2026-03-21,P016,Arjun,Killjoy,Bind,13,16,3,6,1917.0,23,Loss,Platinum
106964,2026-09-22,P020,Harsh,Jett,Ascent,17,20,10,4,3612.0,29,Win,Silver
106751,2026-08-03,P019,Ritesh,Gekko,Ascent,18,15,15,6,3336.0,19,Win,Iron
106664,2026-06-25,P008,Aditya,Cypher,Breeze,24,20,0,10,3113.0,28,Win,Diamond
106206,2026-01-10,P011,Neeraj,Sage,Breeze,15,12,6,6,2248.0,20,Loss,Gold
107283,2026-04-22,P015,Nikhil,Sage,Pearl,33,9,3,11,5163.0,23,Loss,Iron
105509,2026-05-29,P011,Neeraj,Cypher,Split,34,13,0,14,6500.0,19,Loss,Diamond
102001,2026-06-21,P005,Akash,Gekko,Pearl,26,14,10,6,3992.0,25,Loss,Platinum
100885,2026-01-08,P010,Pratik,Phoenix,Bind,16,10,4,8,2749.0,22,Win,Gold
100869,2026-04-07,P014,Varun,Raze,Sunset,18,10,11,8,2150.0,18,Loss,Silver
109708,2026-02-10,P005,Akash,Jett,Split,22,13,5,10,3551.0,30,Win,Diamond
105720,2026-01-21,P016,Arjun,Killjoy,Ascent,17,14,5,6,2266.0,28,Win,Diamond
100356,2026-09-15,P008,Aditya,Jett,Haven,19,17,5,5,3010.0,26,Loss,Ascendant
109927,2026-08-19,P020,Harsh,Omen,Bind,21,13,6,7,3352.0,23,Loss,Platinum
105451,2026-08-07,P010,Pratik,Fade,Lotus,15,16,8,6,1724.0,30,Loss,Ascendant
108211,2026-04-05,P014,Varun,Jett,Pearl,20,14,3,12,2775.0,24,Loss,Silver
108747,2026-02-25,P017,Siddhant,Sage,Pearl,16,16,7,4,2415.0,22,Win,Immortal
107738,2026-09-20,P012,Yash,Sova,Breeze,30,10,8,4,4625.0,30,Win,Diamond
101275,2026-06-16,P016,Arjun,Jett,Ascent,17,14,5,9,2531.0,18,Loss,Iron
101890,2026-05-01,P018,Manish,Fade,Lotus,7,14,6,4,992.0,28,Loss,Platinum
108936,2026-07-21,P004,Rohan,Chamber,Split,17,17,7,10,2238.0,20,Win,Gold
108003,2026-06-12,P009,Sahil,Killjoy,Ascent,4,15,7,0,642.0,21,Loss,Platinum
109202,2026-01-14,P014,Varun,Reyna,Breeze,17,11,11,6,2738.0,18,Win,Gold
103563,2026-09-09,P006,Vivek,Phoenix,Breeze,14,8,6,9,2437.0,24,Win,Diamond
105787,2026-01-03,P017,Siddhant,Phoenix,Split,26,15,6,14,4275.0,30,Loss,Silver
104958,2026-02-10,P011,Neeraj,Phoenix,Split,9,20,6,4,1608.0,25,Loss,Platinum
101546,2026-03-30,P013,Ankit,Viper,Ascent,8,15,5,4,1068.0,23,Loss,Platinum
106193,2026-08-04,P014,Varun,Killjoy,Split,4,13,4,2,431.0,24,Loss,Gold
102380,2026-02-07,P017,Siddhant,Brimstone,Pearl,7,17,5,2,984.0,28,Loss,Ascendant
103823,2026-01-11,P012,Yash,Killjoy,Bind,20,19,1,10,3245.0,19,Loss,Platinum
103232,2026-07-11,P013,Ankit,Viper,Breeze,21,19,7,7,2450.0,28,Loss,Bronze
108417,2026-03-20,P015,Nikhil,Jett,Sunset,10,15,1,2,1015.0,28,Loss,Silver
103306,2026-05-06,P004,Rohan,Brimstone,Icebox,9,15,9,4,1010.0,19,Win,Silver
100492,2026-08-16,P019,Ritesh,Sova,Breeze,21,14,11,7,2505.0,25,Win,Gold
103499,2026-02-17,P004,Rohan,Brimstone,Bind,14,15,2,3,2462.0,19,Win,Platinum
106695,2026-03-12,P016,Arjun,Cypher,Ascent,13,12,6,3,2315.0,22,Loss,Platinum
101116,2026-06-05,P003,Amit,Fade,Split,20,14,6,6,3205.0,29,Win,Platinum
105637,2026-07-02,P009,Sahil,Jett,Icebox,17,10,2,12,2687.0,30,Win,Iron
108793,2026-09-06,P010,Pratik,Cypher,Icebox,15,12,2,8,2234.0,29,Loss,Gold
106146,2026-07-13,P004,Rohan,Killjoy,Ascent,20,14,2,5,3066.0,29,Win,Ascendant
109887,2026-01-25,P010,Pratik,Sage,Lotus,17,10,4,4,2431.0,25,Loss,Ascendant
108794,2026-05-17,P019,Ritesh,Chamber,Pearl,15,17,11,7,2182.0,19,Win,Platinum
109211,2026-09-06,P003,Amit,Omen,Ascent,19,14,6,9,3147.0,22,Loss,Bronze
108244,2026-03-05,P019,Ritesh,Killjoy,Bind,11,17,8,7,1266.0,29,Loss,Silver
108000,2026-06-17,P001,Shubham,Viper,Sunset,21,9,6,13,2889.0,21,Win,Diamond
103645,2026-05-21,P007,Karan,Viper,Pearl,27,20,7,14,4609.0,25,Win,Diamond
102500,2026-08-08,P006,Vivek,Raze,Breeze,9,14,4,4,1218.0,25,Loss,Immortal
105677,2026-06-20,P009,Sahil,Fade,Split,26,14,0,11,3889.0,19,Loss,Iron
105241,2026-05-24,P010,Pratik,Cypher,Split,13,9,4,8,1377.0,29,Loss,Silver
107993,2026-06-04,P017,Siddhant,Reyna,Lotus,21,8,2,6,3205.0,19,Win,Platinum
102783,2026-09-03,P001,Shubham,Phoenix,Pearl,9,11,12,5,1783.0,20,Win,Diamond
106158,2026-01-16,P016,Arjun,Sage,Haven,23,14,7,4,2947.0,27,Loss,Silver
103809,2026-07-28,P009,Sahil,Reyna,Lotus,10,11,3,6,1907.0,21,Win,Bronze
106650,2026-09-13,P017,Siddhant,Jett,Lotus,20,10,6,11,1840.0,22,Win,Immortal
108665,2026-03-14,P016,Arjun,Viper,Lotus,10,17,1,1,1515.0,29,Win,Immortal
108360,2026-07-20,P008,Aditya,Viper,Breeze,5,14,1,0,705.0,20,Loss,Silver
101696,2026-04-17,P009,Sahil,Sage,Split,24,13,2,7,2451.0,25,Loss,Diamond
105685,2026-06-01,P011,Neeraj,Reyna,Split,26,20,8,4,4369.0,18,Loss,Gold
109937,2026-07-06,P017,Siddhant,Sage,Split,30,17,5,7,6190.0,26,Loss,Platinum
105939,2026-05-04,P008,Aditya,Omen,Lotus,20,11,8,13,3744.0,28,Win,Silver
102052,2026-05-27,P019,Ritesh,Reyna,Lotus,23,16,6,11,3915.0,22,Win,Bronze
101776,2026-05-09,P002,Rahul,Reyna,Sunset,9,12,1,4,1442.0,29,Loss,Iron
106590,2026-03-13,P006,Vivek,Viper,Pearl,25,12,6,7,3430.0,25,Loss,Gold
103313,2026-01-10,P019,Ritesh,Jett,Bind,3,16,7,2,595.0,22,Win,Iron
104781,2026-09-22,P009,Sahil,Jett,Breeze,21,14,6,11,3491.0,28,Win,Diamond
108483,2026-09-10,P009,Sahil,Raze,Haven,10,15,4,5,1204.0,21,Loss,Gold
108383,2026-04-12,P016,Arjun,Killjoy,Bind,15,13,3,8,2651.0,27,Win,Diamond
101592,2026-02-27,P010,Pratik,Gekko,Sunset,14,17,8,3,2616.0,26,Loss,Ascendant
101723,2026-07-31,P008,Aditya,Viper,Split,18,16,7,7,3069.0,18,Loss,Immortal
100215,2026-07-11,P003,Amit,Sage,Haven,19,17,5,12,3262.0,29,Loss,Ascendant
106355,2026-05-14,P017,Siddhant,Viper,Haven,23,15,0,12,3379.0,25,Win,Silver
108274,2026-08-28,P012,Yash,Sova,Lotus,16,14,4,9,2565.0,23,Win,Platinum
100490,2026-08-14,P018,Manish,Chamber,Haven,6,11,4,3,812.0,18,Win,Iron
109152,2026-05-12,P009,Sahil,Sova,Bind,12,5,3,2,2113.0,18,Loss,Platinum
103483,2026-09-21,P015,Nikhil,Sage,Bind,23,19,0,8,3675.0,18,Win,Silver
105102,2026-05-31,P001,Shubham,Killjoy,Bind,22,13,7,10,3493.0,20,Win,Bronze
105187,2026-02-10,P005,Akash,Sage,Breeze,14,10,10,9,1876.0,25,Win,Gold
103431,2026-09-15,P017,Siddhant,Omen,Sunset,27,14,6,11,4146.0,22,Loss,Gold
106324,2026-03-04,P020,Harsh,Jett,Lotus,5,19,8,1,838.0,29,Loss,Bronze
107744,2026-03-01,P019,Ritesh,Raze,Icebox,23,15,3,9,3935.0,25,Loss,Gold
105513,2026-03-25,P004,Rohan,Brimstone,Ascent,27,15,0,12,4327.0,26,Win,Platinum
100025,2026-08-05,P011,Neeraj,Gekko,Breeze,29,13,7,7,5199.0,22,Loss,Silver
103512,2026-04-18,P009,Sahil,Killjoy,Haven,14,15,8,7,2251.0,20,Win,Diamond
102409,2026-09-15,P001,Shubham,Omen,Icebox,23,18,3,9,3758.0,18,Win,Platinum
103270,2026-04-29,P006,Vivek,Raze,Bind,20,6,8,4,2357.0,23,Loss,Platinum
105209,2026-09-12,P012,Yash,Sage,Split,15,16,2,7,2769.0,25,Loss,Platinum
108730,2026-07-12,P012,Yash,Brimstone,Breeze,9,13,4,5,1052.0,30,Loss,Silver
101552,2026-09-21,P011,Neeraj,Jett,Haven,24,18,6,7,4806.0,28,Loss,Iron
109216,2026-05-25,P015,Nikhil,Brimstone,Pearl,21,18,4,10,2163.0,19,Loss,Ascendant
108640,2026-03-18,P015,Nikhil,Viper,Breeze,10,16,0,2,1443.0,23,Win,Platinum
103871,2026-01-09,P006,Vivek,Viper,Sunset,15,20,5,3,3212.0,22,Loss,Silver
103402,2026-03-04,P012,Yash,Sage,Bind,26,13,10,8,4688.0,26,Loss,Ascendant
104529,2026-01-06,P014,Varun,Brimstone,Split,14,16,3,4,1819.0,18,Loss,Silver
100979,2026-06-29,P014,Varun,Chamber,Ascent,24,22,8,13,3589.0,19,Loss,Platinum
102655,2026-05-31,P008,Aditya,Killjoy,Icebox,32,8,2,11,4851.0,23,Win,Diamond
101847,2026-03-21,P020,Harsh,Gekko,Pearl,27,8,3,13,5176.0,29,Win,Platinum
107999,2026-03-08,P004,Rohan,Gekko,Split,7,14,7,2,1231.0,20,Win,Diamond
109217,2026-08-31,P013,Ankit,Viper,Breeze,20,9,2,5,2642.0,20,Loss,Gold
107178,2026-09-04,P007,Karan,Brimstone,Sunset,20,15,3,9,2160.0,29,Loss,Gold
107333,2026-07-24,P018,Manish,Omen,Sunset,9,13,5,3,1542.0,26,Win,Platinum
105721,2026-09-06,P003,Amit,Gekko,Breeze,18,6,6,4,2937.0,28,Loss,Ascendant
100515,2026-02-07,P016,Arjun,Brimstone,Breeze,12,14,7,3,2397.0,28,Win,Bronze
109725,2026-09-03,P019,Ritesh,Jett,Sunset,14,11,2,6,1771.0,20,Loss,Silver
108315,2026-04-07,P018,Manish,Jett,Split,21,11,10,9,5349.0,19,Loss,Iron
101102,2026-01-31,P001,Shubham,Chamber,Split,20,13,6,10,2754.0,27,Loss,Gold
103276,2026-05-26,P003,Amit,Brimstone,Lotus,12,14,7,5,1399.0,23,Loss,Gold
107250,2026-06-24,P018,Manish,Brimstone,Breeze,26,10,5,7,4966.0,29,Win,Platinum
107423,2026-02-02,P014,Varun,Fade,Lotus,21,13,8,10,3390.0,28,Loss,Gold
109096,2026-04-25,P016,Arjun,Gekko,Breeze,15,18,2,5,2012.0,25,Loss,Bronze
108355,2026-01-14,P016,Arjun,Viper,Icebox,21,12,6,8,3022.0,22,Loss,Diamond
103996,2026-01-29,P012,Yash,Gekko,Pearl,25,13,8,7,4476.0,28,Loss,Silver
100194,2026-04-28,P005,Akash,Reyna,Sunset,30,17,4,6,4862.0,25,Loss,Platinum
104711,2026-04-25,P018,Manish,Fade,Pearl,18,12,7,7,3029.0,18,Loss,Platinum
100643,2026-07-05,P001,Shubham,Gekko,Pearl,16,8,5,3,2290.0,28,Loss,Ascendant
108823,2026-04-18,P015,Nikhil,Jett,Breeze,8,12,5,3,980.0,29,Win,Gold
103285,2026-08-02,P009,Sahil,Cypher,Haven,18,18,11,8,2561.0,18,Loss,Diamond
103116,2026-08-07,P002,Rahul,Sova,Haven,16,14,5,4,2392.0,19,Loss,Gold
108657,2026-01-20,P005,Akash,Chamber,Haven,23,12,3,9,4026.0,19,Win,Gold
103575,2026-09-16,P006,Vivek,Sage,Sunset,14,17,8,5,2293.0,21,Loss,Gold
109042,2026-04-08,P016,Arjun,Gekko,Pearl,11,9,9,3,2052.0,22,Win,Platinum
104320,2026-09-14,P020,Harsh,Fade,Breeze,21,13,5,3,1926.0,27,Win,Platinum
101787,2026-05-24,P009,Sahil,Phoenix,Pearl,8,10,5,4,1245.0,19,Loss,Silver
102207,2026-09-22,P013,Ankit,Raze,Bind,14,10,3,6,1735.0,29,Win,Ascendant
104552,2026-01-01,P003,Amit,Jett,Sunset,19,15,8,7,3462.0,19,Loss,Silver
109291,2026-07-19,P004,Rohan,Jett,Breeze,11,19,7,4,2219.0,28,Loss,Gold
103718,2026-03-21,P020,Harsh,Omen,Lotus,14,18,6,7,1847.0,28,Loss,Platinum
100972,2026-03-28,P013,Ankit,Raze,Lotus,16,11,5,5,2703.0,20,Loss,Platinum
104579,2026-08-07,P001,Shubham,Raze,Ascent,10,17,7,5,1564.0,18,Win,Diamond
100719,2026-03-14,P011,Neeraj,Chamber,Sunset,25,20,5,16,3657.0,18,Win,Silver
109333,2026-07-22,P008,Aditya,Viper,Haven,24,10,3,4,3093.0,24,Win,Platinum
106155,2026-02-24,P019,Ritesh,Viper,Ascent,9,15,3,3,803.0,23,Win,Iron
109449,2026-09-10,P006,Vivek,Brimstone,Ascent,19,8,6,10,3258.0,27,Win,Diamond
103896,2026-08-10,P013,Ankit,Phoenix,Sunset,27,16,6,11,3199.0,24,Win,Diamond
102803,2026-03-24,P001,Shubham,Cypher,Ascent,38,14,1,7,6334.0,23,Win,Iron
102566,2026-09-15,P005,Akash,Gekko,Haven,17,13,2,7,1492.0,29,Loss,Silver
104025,2026-02-04,P001,Shubham,Sage,Lotus,20,12,3,3,3374.0,25,Win,Platinum
106198,2026-03-07,P009,Sahil,Raze,Split,9,17,4,3,1697.0,19,Loss,Platinum
100032,2026-07-05,P004,Rohan,Phoenix,Breeze,20,15,11,9,2639.0,29,Loss,Diamond
108325,2026-06-27,P003,Amit,Reyna,Pearl,21,15,3,9,3294.0,27,Loss,Gold
108850,2026-06-24,P007,Karan,Gekko,Sunset,17,12,9,8,2424.0,23,Loss,Platinum
109838,2026-06-19,P020,Harsh,Omen,Haven,30,11,7,7,5420.0,30,Loss,Iron
104063,2026-09-09,P014,Varun,Cypher,Split,21,19,9,2,3298.0,28,Win,Silver
109559,2026-07-28,P007,Karan,Chamber,Pearl,17,16,1,4,2110.0,24,Win,Diamond
105540,2026-03-12,P016,Arjun,Phoenix,Icebox,16,7,8,5,2223.0,22,Win,Gold
101697,2026-03-15,P007,Karan,Cypher,Pearl,21,11,7,8,3359.0,22,Win,Diamond
102792,2026-07-23,P008,Aditya,Fade,Ascent,13,15,9,8,1993.0,22,Win,Gold
102222,2026-06-02,P001,Shubham,Omen,Bind,15,16,7,4,2196.0,18,Win,Ascendant
105818,2026-04-22,P013,Ankit,Gekko,Breeze,16,18,8,8,2782.0,23,Loss,Iron
109682,2026-01-31,P009,Sahil,Gekko,Pearl,28,13,7,11,3455.0,19,Loss,Silver
103764,2026-04-27,P010,Pratik,Chamber,Pearl,21,16,10,10,3725.0,20,Loss,Silver
103866,2026-07-13,P003,Amit,Viper,Icebox,26,8,5,13,4446.0,24,Win,Diamond
107231,2026-01-15,P005,Akash,Cypher,Haven,20,12,6,9,2397.0,30,Loss,Platinum
108681,2026-02-26,P010,Pratik,Sage,Lotus,18,12,4,3,3909.0,29,Loss,Immortal
108957,2026-05-23,P004,Rohan,,Split,18,18,11,10,2577.0,28,Win,
107054,2026-03-22,P017,Siddhant,Viper,Sunset,23,13,7,10,2549.0,21,Loss,Platinum
107116,2026-09-10,P020,Harsh,Jett,Breeze,20,16,6,8,2586.0,25,Loss,Diamond
103758,2026-09-13,P006,Vivek,Jett,Ascent,10,8,5,2,1554.0,20,Loss,Ascendant
109890,2026-04-25,P009,Sahil,Sova,Lotus,10,16,4,7,1371.0,21,Win,Silver
103227,2026-01-24,P014,Varun,Reyna,Lotus,7,14,10,3,1539.0,27,Win,Bronze
107837,2026-06-08,P016,Arjun,Phoenix,Pearl,17,10,5,14,2633.0,18,Loss,Diamond
103923,2026-04-17,P012,Yash,Reyna,Icebox,10,16,6,4,1860.0,23,Win,Immortal
103904,2026-08-19,P004,Rohan,Brimstone,Split,14,14,8,6,2587.0,19,Win,Ascendant
102277,2026-07-12,P005,Akash,Brimstone,Icebox,34,14,3,15,6500.0,20,Win,Platinum
106842,2026-03-30,P004,Rohan,Sova,Breeze,14,11,8,4,2042.0,29,Win,Silver
101401,2026-08-13,P018,Manish,Fade,Lotus,24,8,7,5,3166.0,18,Win,Immortal
100739,2026-09-03,P018,Manish,Jett,Pearl,23,12,12,10,3302.0,19,Loss,Silver
104266,2026-05-13,P009,Sahil,Sage,Sunset,15,8,4,6,1901.0,26,Loss,Ascendant
109881,2026-08-07,P001,Shubham,Phoenix,Haven,12,14,9,4,1393.0,23,Loss,Bronze
107386,2026-04-10,P008,Aditya,Killjoy,Ascent,18,17,5,8,2426.0,23,Win,Silver
107503,2026-07-05,P015,Nikhil,Raze,Icebox,13,12,5,2,1864.0,25,Win,Diamond
103851,2026-06-25,P004,Rohan,Reyna,Pearl,11,12,6,3,1458.0,23,Loss,Silver
108650,2026-06-21,P016,Arjun,Raze,Breeze,11,14,0,5,1353.0,21,Win,Silver
102661,2026-02-01,P019,Ritesh,Cypher,Sunset,4,13,12,1,995.0,26,Win,Silver
107393,2026-04-22,P016,Arjun,Cypher,Icebox,13,20,6,5,2366.0,25,Win,Gold
106877,2026-03-28,P012,Yash,Gekko,Haven,19,11,1,7,3547.0,29,Loss,Silver
100674,2026-09-11,P010,Pratik,Chamber,Sunset,15,12,9,7,2175.0,23,Win,Silver
108206,2026-07-18,P010,Pratik,Viper,Lotus,23,9,6,14,3124.0,20,Win,Ascendant
106389,2026-09-24,P012,Yash,Raze,Lotus,24,21,1,8,4060.0,25,Win,Gold
103841,2026-03-25,P010,Pratik,Viper,Lotus,17,11,4,4,2390.0,18,Loss,Platinum
101815,2026-07-24,P009,Sahil,Sage,Lotus,17,15,4,5,2368.0,21,Loss,Platinum
108353,2026-03-11,P010,Pratik,Killjoy,Pearl,14,19,3,11,2565.0,30,Win,Silver
109858,2026-04-03,P018,Manish,Reyna,Icebox,21,12,2,16,3595.0,18,Loss,Silver
109220,2026-06-06,P005,Akash,Fade,Bind,7,11,1,5,699.0,24,Win,Platinum
104653,2026-05-15,P001,Shubham,Sage,Ascent,5,14,12,2,1156.0,26,Win,Platinum
107346,2026-07-17,P007,Karan,Sova,Icebox,28,12,9,8,5201.0,20,Loss,Gold
102100,2026-03-25,P019,Ritesh,Reyna,Split,11,15,5,7,1825.0,23,Loss,Gold
107745,2026-06-14,P012,Yash,Brimstone,Split,12,19,10,2,1462.0,25,Loss,Gold
101673,2026-07-07,P005,Akash,Omen,Ascent,14,13,6,7,1505.0,21,Loss,Iron
102101,2026-05-05,P005,Akash,Raze,Breeze,20,7,6,11,3345.0,20,Win,Bronze
104213,2026-03-16,P008,Aditya,Raze,Lotus,15,10,10,7,2042.0,19,Loss,Bronze
106991,2026-01-15,P011,Neeraj,Chamber,Haven,13,14,1,3,1767.0,19,Loss,Ascendant
101548,2026-04-03,P015,Nikhil,Fade,Sunset,22,13,2,10,3226.0,24,Loss,Gold
106435,2026-08-22,P004,Rohan,Raze,Sunset,25,19,7,15,5059.0,18,Win,Gold
103323,2026-07-08,P015,Nikhil,Chamber,Sunset,16,15,1,8,2590.0,19,Loss,Diamond
107286,2026-07-04,P005,Akash,Sova,Ascent,15,9,7,7,2676.0,24,Win,Gold
100355,2026-09-16,P006,Vivek,Raze,Breeze,10,11,3,5,1541.0,21,Win,Platinum
105184,2026-05-20,P020,Harsh,Raze,Ascent,28,9,5,8,4567.0,20,Loss,Gold
101461,2026-01-25,P002,Rahul,Cypher,Lotus,22,15,11,11,2213.0,19,Loss,Platinum
107658,2026-07-21,P006,Vivek,Cypher,Haven,21,10,5,10,2582.0,24,Loss,Gold
109404,2026-02-19,P014,Varun,Sova,Split,17,15,8,5,2290.0,22,Loss,Bronze
103220,2026-06-11,P014,Varun,Sage,Split,26,9,7,8,2657.0,29,Loss,Diamond
100939,2026-04-22,P019,Ritesh,Chamber,Lotus,17,12,5,10,2423.0,24,Win,Gold
105147,2026-05-27,P004,Rohan,Phoenix,Bind,14,15,7,9,2785.0,25,Win,Silver
105923,2026-07-15,P012,Yash,Gekko,Split,26,15,7,7,4577.0,22,Loss,Bronze
107918,2026-04-13,P017,Siddhant,Viper,Pearl,10,17,9,8,2265.0,23,Loss,Iron
101751,2026-02-11,P002,Rahul,Gekko,Ascent,18,16,3,4,2722.0,20,Win,Bronze
108045,2026-02-07,P011,Neeraj,Phoenix,Pearl,23,19,6,14,3192.0,24,Win,Diamond
107631,2026-03-14,P020,Harsh,Killjoy,Split,12,16,7,6,1636.0,24,Loss,Gold
101772,2026-04-05,P013,Ankit,Sova,Bind,13,12,10,5,2033.0,30,Win,Gold
101196,2026-04-02,P020,Harsh,Fade,Lotus,20,9,9,5,2977.0,30,Loss,Gold
101878,2026-07-18,P012,Yash,Chamber,Pearl,26,13,1,6,3236.0,21,Win,Platinum
102668,2026-06-13,P007,Karan,Gekko,Pearl,12,14,7,7,1580.0,24,Loss,Platinum
103171,2026-03-17,P019,Ritesh,Fade,Haven,9,11,4,4,901.0,29,Win,Gold
102016,2026-01-29,P017,Siddhant,Cypher,Sunset,32,11,7,15,4535.0,21,Loss,Diamond
102005,2026-05-23,P016,Arjun,Cypher,Haven,27,9,4,11,4353.0,29,Loss,Immortal
108290,2026-09-13,P018,Manish,Brimstone,Haven,19,16,11,6,2847.0,25,Win,Iron
103893,2026-05-03,P015,Nikhil,Sage,Haven,20,15,9,6,2830.0,19,Win,Bronze
109032,2026-03-10,P012,Yash,Chamber,Bind,17,17,9,10,2528.0,29,Loss,Ascendant
103237,2026-03-01,P014,Varun,Omen,Breeze,14,24,5,5,2301.0,25,Win,Ascendant
104424,2026-07-22,P011,Neeraj,Sova,Bind,19,12,3,5,1488.0,29,Loss,Gold
104744,2026-07-12,P017,Siddhant,Killjoy,Breeze,25,20,4,5,4001.0,19,Loss,Diamond
102078,2026-01-20,P015,Nikhil,Raze,Pearl,27,11,5,13,3425.0,21,Win,Diamond
105219,2026-07-13,P007,Karan,Sova,Sunset,12,13,5,3,1875.0,26,Win,Diamond
100396,2026-05-17,P020,Harsh,Reyna,Bind,5,16,5,4,908.0,29,Win,Diamond
102788,2026-08-08,P004,Rohan,Chamber,Ascent,4,14,6,0,595.0,23,Loss,Gold
109105,2026-09-17,P007,Karan,Sage,Sunset,24,11,5,9,2808.0,21,Loss,Diamond
106536,2026-02-28,P003,Amit,Phoenix,Sunset,28,13,5,12,2480.0,24,Loss,Silver
104072,2026-01-20,P018,Manish,Jett,Sunset,13,12,10,4,1859.0,27,Win,Diamond
105574,2026-02-21,P006,Vivek,Sova,Pearl,18,11,4,8,2316.0,27,Loss,Gold
108387,2026-09-25,P006,Vivek,Jett,Lotus,5,12,9,2,1006.0,26,Loss,Ascendant
109527,2026-03-28,P006,Vivek,Cypher,Icebox,23,19,1,5,2768.0,24,Win,Diamond
105355,2026-08-04,P009,Sahil,Chamber,Haven,8,7,7,2,917.0,30,Win,Ascendant
108616,2026-07-12,P016,Arjun,Jett,Lotus,23,15,8,7,4791.0,25,Win,Bronze
107685,2026-04-03,P014,Varun,Chamber,Haven,9,17,5,6,1448.0,30,Loss,Bronze
108396,2026-08-11,P014,Varun,Omen,Pearl,18,15,7,4,2728.0,25,Loss,Platinum
101519,2026-04-28,P012,Yash,Killjoy,Pearl,20,19,5,11,3256.0,19,Loss,Gold
108214,2026-01-29,P020,Harsh,Fade,Ascent,23,9,5,11,3841.0,27,Win,Ascendant
101378,2026-08-28,P011,Neeraj,Brimstone,Bind,21,15,5,9,2952.0,27,Loss,Gold
105672,2026-03-03,P011,Neeraj,Gekko,Ascent,19,14,14,9,2909.0,22,Win,Silver
101023,2026-05-28,P002,Rahul,Chamber,Haven,21,15,3,6,3389.0,30,Loss,Gold
102587,2026-01-09,P005,Akash,Jett,Haven,14,11,8,4,2517.0,25,Loss,Silver
107075,2026-01-17,P012,Yash,Brimstone,Haven,22,14,6,11,2079.0,20,Loss,Bronze
105621,2026-06-30,P010,Pratik,Gekko,Lotus,19,6,7,9,3080.0,30,Win,Diamond
107671,2026-09-14,P005,Akash,Chamber,Breeze,18,18,7,11,3309.0,25,Win,Bronze
105008,2026-03-26,P011,Neeraj,Fade,Breeze,23,12,11,7,4493.0,18,Loss,Platinum
102857,2026-04-18,P017,Siddhant,Brimstone,Icebox,18,16,10,8,2671.0,28,Loss,Ascendant
108272,2026-06-25,P016,Arjun,Sage,Pearl,30,20,0,14,4153.0,28,Loss,Silver
105771,2026-07-02,P013,Ankit,Reyna,Lotus,3,16,7,0,571.0,30,Win,Ascendant
105842,2026-03-23,P012,Yash,Killjoy,Bind,27,18,2,7,4234.0,29,Win,Gold
107647,2026-05-15,P018,Manish,Reyna,Breeze,18,11,5,14,3726.0,26,Win,Bronze
105832,2026-06-17,P020,Harsh,Omen,Split,3,10,2,0,494.0,25,Win,Iron
101629,2026-05-25,P014,Varun,Raze,Icebox,20,15,3,6,3608.0,18,Win,Immortal
104888,2026-06-10,P020,Harsh,Phoenix,Lotus,13,12,7,6,2130.0,27,Win,Platinum
104526,2026-05-07,P008,Aditya,Killjoy,Pearl,18,14,5,9,2623.0,26,Loss,Silver
103523,2026-04-17,P010,Pratik,Cypher,Ascent,25,12,7,7,4005.0,25,Loss,Gold
105904,2026-02-19,P007,Karan,Reyna,Breeze,24,15,10,12,3192.0,19,Win,Gold
107816,2026-01-11,P008,Aditya,Sage,Bind,21,6,2,12,2755.0,29,Loss,Platinum
103607,2026-03-01,P005,Akash,Chamber,Pearl,12,20,3,0,2101.0,25,Win,Immortal
109437,2026-08-01,P013,Ankit,Gekko,Breeze,24,14,6,9,3662.0,28,Loss,Gold
105220,2026-08-24,P012,Yash,Reyna,Split,24,16,7,10,4046.0,30,Loss,Platinum
100234,2026-09-12,P003,Amit,Brimstone,Ascent,13,10,3,8,2080.0,22,Loss,Diamond
109063,2026-05-31,P007,Karan,Raze,Split,14,12,2,7,1042.0,25,Win,Silver
103796,2026-08-01,P007,Karan,Sage,Breeze,13,15,5,8,1840.0,27,Loss,Ascendant
104118,2026-06-19,P017,Siddhant,Chamber,Breeze,20,11,3,5,2770.0,30,Loss,Diamond
106318,2026-02-27,P020,Harsh,Cypher,Breeze,31,13,2,11,4545.0,24,Win,Diamond
105001,2026-08-21,P020,Harsh,Viper,Lotus,14,13,6,7,1422.0,25,Win,Platinum
103800,2026-06-13,P020,Harsh,Killjoy,Sunset,18,12,4,7,2140.0,20,Win,Diamond
107583,2026-09-12,P008,Aditya,Brimstone,Haven,19,15,3,7,2284.0,30,Win,Bronze
103899,2026-07-01,P002,Rahul,Chamber,Pearl,23,20,3,7,3219.0,30,Loss,Platinum
105024,2026-02-12,P004,Rohan,Sova,Split,22,15,13,9,3231.0,27,Win,Immortal
101948,2026-09-02,P006,Vivek,Brimstone,Sunset,25,15,4,12,3350.0,29,Win,Gold
106361,2026-03-08,P006,Vivek,Fade,Split,12,20,3,7,2350.0,22,Loss,Platinum
100470,2026-04-23,P009,Sahil,Phoenix,Lotus,13,13,5,5,2781.0,25,Loss,Platinum
107589,2026-09-02,P010,Pratik,Jett,Lotus,16,12,6,7,1982.0,23,Loss,Platinum
103492,2026-04-07,P005,Akash,Brimstone,Icebox,14,17,6,3,2293.0,25,Loss,Ascendant
106091,2026-06-12,P001,Shubham,Gekko,Haven,12,11,5,4,2271.0,20,Win,Gold
102671,2026-05-24,P017,Siddhant,Killjoy,Icebox,18,12,7,3,2802.0,28,Loss,Diamond
109820,2026-03-09,P006,Vivek,Chamber,Sunset,10,8,1,3,1687.0,20,Loss,Ascendant
102224,2026-07-26,P003,Amit,Fade,Bind,22,12,0,7,3068.0,24,Loss,Gold
101106,2026-02-17,P012,Yash,Jett,Pearl,22,18,6,13,3580.0,27,Loss,Gold
102188,2026-04-18,P002,Rahul,Viper,Lotus,17,12,4,0,2320.0,29,Loss,Gold
100818,2026-08-09,P012,Yash,Sage,Pearl,29,13,3,20,3278.0,25,Win,Silver
105571,2026-08-28,P010,Pratik,Sage,Breeze,9,12,3,7,1134.0,28,Win,Diamond
104523,2026-08-07,P019,Ritesh,Gekko,Icebox,24,15,5,9,2801.0,20,Loss,Bronze
105793,2026-04-02,P005,Akash,Omen,Sunset,16,12,8,8,1769.0,25,Loss,Diamond
109400,2026-09-22,P019,Ritesh,Brimstone,Lotus,14,24,4,4,2045.0,28,Win,Diamond
108799,2026-08-24,P006,Vivek,Gekko,Bind,20,24,5,6,3423.0,30,Win,Silver
107493,2026-03-14,P005,Akash,Sage,Sunset,28,19,6,16,4783.0,18,Loss,Immortal
102624,2026-06-15,P006,Vivek,Chamber,Pearl,15,17,1,3,2285.0,26,Win,Silver
107458,2026-08-22,P018,Manish,Chamber,Bind,18,10,5,6,2828.0,26,Loss,Gold
109411,2026-06-19,P009,Sahil,Jett,Haven,32,12,9,14,5269.0,29,Loss,Gold
109936,2026-09-12,P011,Neeraj,Sova,Haven,24,13,1,3,3152.0,22,Loss,Immortal
109138,2026-01-10,P018,Manish,Chamber,Ascent,5,12,3,1,848.0,25,Loss,Platinum
100888,2026-03-14,P015,Nikhil,Killjoy,Icebox,15,21,7,4,1801.0,25,Loss,Ascendant
106795,2026-09-15,P016,Arjun,Sage,Icebox,28,16,6,11,4375.0,19,Loss,Gold
102437,2026-02-02,P012,Yash,Phoenix,Split,22,14,7,7,2324.0,22,Loss,Platinum
106056,2026-03-01,P010,Pratik,Phoenix,Sunset,18,10,6,7,2209.0,19,Loss,Gold
107434,2026-09-24,P003,Amit,Omen,Ascent,26,15,8,20,4456.0,30,Win,Silver
100817,2026-08-15,P009,Sahil,Raze,Breeze,22,12,5,11,2979.0,21,Win,Platinum
108953,2026-07-16,P012,Yash,Fade,Haven,16,14,8,9,2078.0,22,Loss,Bronze
103414,2026-02-27,P012,Yash,Phoenix,Breeze,18,20,4,9,3108.0,19,Win,Gold
106352,2026-08-11,P013,Ankit,Gekko,Breeze,23,9,8,8,3705.0,26,Loss,Bronze
102341,2026-01-23,P004,Rohan,Chamber,Haven,19,15,2,10,2835.0,23,Loss,Gold
109048,2026-08-20,P002,Rahul,Raze,Lotus,10,15,1,3,1521.0,27,Loss,Ascendant
103167,2026-07-31,P005,Akash,Fade,Icebox,36,12,15,15,5751.0,19,Loss,Bronze
101809,2026-02-24,P008,Aditya,Sova,Breeze,26,17,7,8,3300.0,19,Loss,Silver
109022,2026-01-06,P016,Arjun,Gekko,Split,26,15,5,9,4912.0,23,Loss,Gold
101264,2026-06-30,P007,Karan,Reyna,Icebox,22,13,2,3,3666.0,28,Loss,Diamond
105086,2026-08-19,P012,Yash,Killjoy,Bind,10,17,5,2,1966.0,21,Loss,Gold
109189,2026-06-07,P008,Aditya,Sage,Bind,20,9,8,8,2423.0,26,Loss,Immortal
105835,2026-08-25,P001,Shubham,Viper,Lotus,10,15,0,3,1412.0,26,Loss,Platinum
105194,2026-01-13,P009,Sahil,Raze,Sunset,19,13,8,6,1900.0,22,Win,Gold
104449,2026-09-09,P007,Karan,Chamber,Lotus,14,14,11,4,2589.0,29,Loss,Immortal
104945,2026-06-12,P001,Shubham,Brimstone,Ascent,29,9,3,13,4937.0,23,Win,Platinum
104045,2026-06-05,P009,Sahil,Jett,Ascent,21,21,6,6,2885.0,30,Win,Platinum
106533,2026-02-03,P014,Varun,Chamber,Icebox,21,18,1,8,2972.0,29,Win,Bronze
103702,2026-08-13,P018,Manish,Brimstone,Split,13,7,2,8,2158.0,27,Win,Silver
101035,2026-03-02,P017,Siddhant,Gekko,Ascent,23,15,3,9,3331.0,30,Loss,Ascendant
109275,2026-07-06,P003,Amit,Gekko,Icebox,27,19,6,8,3625.0,30,Win,Silver
105590,2026-01-24,P018,Manish,Gekko,Ascent,29,12,4,16,3663.0,29,Loss,Diamond
101228,2026-03-25,P013,Ankit,Chamber,Lotus,26,14,9,12,4997.0,18,Win,Iron
107304,2026-09-22,P015,Nikhil,Phoenix,Bind,3,20,4,2,539.0,22,Win,Iron
106843,2026-06-13,P009,Sahil,Reyna,Bind,13,22,8,6,1881.0,26,Win,Silver
105141,2026-05-23,P011,Neeraj,Sova,Pearl,19,12,0,8,2755.0,24,Loss,Silver
100052,2026-01-23,P006,Vivek,Viper,Breeze,19,22,13,4,3990.0,27,Loss,Diamond
107360,2026-07-30,P019,Ritesh,Sage,Icebox,17,15,8,11,3086.0,28,Win,Immortal
108413,2026-02-15,P005,Akash,Cypher,Ascent,23,18,1,7,4443.0,20,Win,Platinum
100159,2026-01-08,P019,Ritesh,Sage,Split,29,20,10,10,3840.0,29,Loss,Gold
107586,2026-01-21,P020,Harsh,Reyna,Haven,24,12,4,6,4233.0,18,Loss,Gold
101587,2026-03-18,P009,Sahil,Sage,Haven,17,14,8,7,2917.0,30,Loss,Silver
101589,2026-08-30,P019,Ritesh,Omen,Haven,13,12,5,4,1347.0,30,Loss,Silver
109861,2026-08-02,P014,Varun,Phoenix,Sunset,9,16,3,6,995.0,30,Win,Diamond
109464,2026-03-20,P006,Vivek,Reyna,Split,8,12,8,4,1314.0,22,Loss,Gold
107110,2026-07-29,P014,Varun,Sova,Lotus,22,4,5,7,2182.0,30,Win,Iron
106712,2026-02-11,P001,Shubham,Chamber,Haven,23,11,0,10,3873.0,20,Win,Platinum
106174,2026-04-21,P001,Shubham,Jett,Split,17,18,1,2,1207.0,22,Loss,Ascendant
107727,2026-04-01,P014,Varun,Omen,Haven,17,13,6,5,2667.0,22,Win,Bronze
103858,2026-01-18,P018,Manish,Brimstone,Haven,13,17,3,6,1762.0,19,Loss,Diamond
109834,2026-09-26,P006,Vivek,Gekko,Sunset,3,16,8,1,586.0,24,Loss,Immortal
108960,2026-01-26,P001,Shubham,Viper,Pearl,23,11,6,9,3919.0,26,Loss,Platinum
102828,2026-03-08,P011,Neeraj,Cypher,Sunset,19,20,8,5,3112.0,19,Loss,Ascendant
100436,2026-06-07,P010,Pratik,Sova,Ascent,15,17,0,10,3071.0,25,Loss,Bronze
108140,2026-06-06,P001,Shubham,Fade,Pearl,15,19,7,5,1785.0,20,Win,Bronze
108199,2026-06-06,P017,Siddhant,Viper,Breeze,17,14,3,4,2156.0,23,Win,Diamond
103878,2026-02-12,P014,Varun,Viper,Lotus,20,15,4,8,3356.0,28,Loss,Diamond
101588,2026-03-31,P018,Manish,Fade,Pearl,17,15,5,3,2400.0,28,Loss,Silver
102780,2026-08-02,P002,Rahul,Fade,Split,7,9,6,4,791.0,30,Loss,Ascendant
109000,2026-01-16,P019,Ritesh,Omen,Ascent,16,13,9,7,1602.0,28,Win,Diamond
109336,2026-01-30,P001,Shubham,Sova,Split,25,14,4,5,4103.0,21,Win,Platinum
105686,2026-02-18,P007,Karan,Raze,Lotus,13,11,3,7,1663.0,26,Loss,Ascendant
103965,2026-05-22,P001,Shubham,Sova,Haven,24,22,1,9,3069.0,21,Loss,Diamond
104727,2026-02-26,P006,Vivek,Phoenix,Split,22,13,5,8,3009.0,28,Loss,Diamond
100973,2026-09-19,P001,Shubham,Sova,Bind,16,19,12,6,2687.0,21,Loss,Gold
101238,2026-08-16,P006,Vivek,Cypher,Icebox,24,17,7,14,3282.0,20,Win,Gold
102951,2026-03-29,P017,Siddhant,Sage,Pearl,9,9,7,5,1093.0,25,Loss,Ascendant
102342,2026-02-16,P011,Neeraj,Fade,Breeze,13,14,0,6,1156.0,20,Loss,
106550,2026-05-27,P004,Rohan,Sage,Split,17,15,4,9,2231.0,23,Loss,Diamond
107344,2026-05-07,P001,Shubham,Cypher,Pearl,25,13,9,12,2627.0,23,Loss,Silver
106046,2026-08-23,P017,Siddhant,Gekko,Lotus,14,12,4,8,2365.0,26,Win,Silver
102158,2026-06-18,P007,Karan,Sova,Lotus,23,10,4,7,2721.0,25,Loss,Diamond
109307,2026-01-10,P020,Harsh,Viper,Split,22,14,11,7,2291.0,25,Loss,Bronze
109447,2026-03-27,P013,Ankit,Cypher,Haven,18,13,7,11,3030.0,19,Win,Silver
101497,2026-08-21,P018,Manish,Phoenix,Sunset,12,11,5,3,1812.0,24,Loss,Silver
104545,2026-08-28,P005,Akash,Jett,Ascent,11,15,6,4,1931.0,18,Win,Gold
106465,2026-02-03,P009,Sahil,Phoenix,Icebox,14,16,5,6,1770.0,24,Loss,Diamond
104257,2026-07-08,P016,Arjun,Killjoy,Bind,21,12,2,11,2990.0,21,Win,Immortal
102422,2026-06-11,P006,Vivek,Reyna,Ascent,24,11,4,8,3541.0,24,Win,Silver
108583,2026-01-22,P012,Yash,Gekko,Split,23,17,5,11,4242.0,23,Loss,Diamond
105185,2026-06-01,P011,Neeraj,Viper,Split,8,7,10,3,1524.0,18,Loss,Gold
105647,2026-06-25,P001,Shubham,Fade,Pearl,11,14,5,5,1828.0,28,Loss,Diamond
100357,2026-06-30,P007,Karan,Killjoy,Pearl,3,15,5,2,780.0,30,Loss,Bronze
105242,2026-01-09,P008,Aditya,Omen,Bind,26,7,7,13,4427.0,30,Loss,Iron
108046,2026-03-18,P005,Akash,Phoenix,Bind,13,15,7,8,1491.0,27,Loss,Silver
109259,2026-05-11,P006,Vivek,Sova,Split,13,18,0,5,1413.0,30,Loss,Silver
102092,2026-08-14,P018,Manish,Gekko,Split,17,10,1,6,2555.0,29,Loss,Platinum
105409,2026-04-17,P010,Pratik,Omen,Haven,28,14,5,17,3590.0,29,Win,Gold
102015,2026-07-02,P017,Siddhant,Brimstone,Haven,15,13,1,6,2755.0,19,Loss,Silver
109078,2026-09-30,P013,Ankit,Fade,Bind,27,15,3,4,4422.0,25,Win,Bronze
104044,2026-05-28,P009,Sahil,Cypher,Icebox,13,11,2,5,1663.0,28,Win,Iron
100187,2026-03-26,P007,Karan,Killjoy,Icebox,25,13,3,11,4218.0,30,Loss,Diamond
109212,2026-08-25,P012,Yash,Viper,Breeze,15,16,7,4,2905.0,29,Win,Gold
103655,2026-07-16,P003,Amit,Killjoy,Pearl,15,14,2,3,2256.0,23,Loss,Ascendant
103426,2026-04-30,P015,Nikhil,Sage,Haven,18,13,4,6,2834.0,23,Loss,Platinum
108267,2026-01-02,P005,Akash,Chamber,Ascent,8,13,0,3,795.0,24,Win,Gold
101381,2026-06-08,P016,Arjun,Sage,Lotus,20,15,5,5,2643.0,26,Win,Silver
107502,2026-06-23,P005,Akash,Chamber,Icebox,27,13,4,15,5492.0,23,Win,Iron
100413,2026-08-21,P016,Arjun,Phoenix,Breeze,17,22,3,5,3491.0,19,Win,Silver
105037,2026-03-19,P017,Siddhant,Phoenix,Lotus,9,17,2,3,1060.0,23,Loss,Platinum
104897,2026-06-10,P004,Rohan,Jett,Split,14,16,3,7,2029.0,29,Loss,Bronze
103336,2026-09-07,P005,Akash,Chamber,Haven,11,11,5,7,1806.0,23,Loss,Immortal
103606,2026-06-26,P007,Karan,Fade,Ascent,12,15,2,7,1374.0,30,Win,Diamond
103175,2026-04-01,P009,Sahil,Sova,Bind,20,17,3,9,2610.0,18,Loss,Ascendant
102241,2026-09-15,P001,Shubham,Gekko,Sunset,17,17,7,7,3154.0,23,Loss,Platinum
109728,2026-01-25,P003,Amit,Cypher,Haven,22,16,1,6,2343.0,30,Win,Platinum
107831,2026-08-14,P015,Nikhil,Gekko,Haven,22,6,8,9,3194.0,25,Win,Platinum
100256,2026-07-28,P013,Ankit,Killjoy,Split,4,21,9,1,728.0,19,Loss,Gold
107092,2026-05-02,P014,Varun,Gekko,Lotus,11,13,0,1,1180.0,22,Win,Gold
100200,2026-09-05,P015,Nikhil,Raze,Pearl,23,15,3,5,3671.0,29,Win,Silver
102235,2026-07-10,P012,Yash,Cypher,Haven,8,15,3,1,,25,Loss,Diamond
104743,2026-07-09,P015,Nikhil,Viper,Haven,16,16,6,6,1919.0,26,Loss,Diamond
101767,2026-01-05,P008,Aditya,Fade,Lotus,13,19,1,5,1982.0,26,Loss,Silver
104236,2026-01-04,P002,Rahul,Brimstone,Haven,20,20,11,10,2378.0,18,Loss,Gold
106760,2026-02-13,P014,Varun,Omen,Pearl,18,19,7,7,2366.0,23,Win,Silver
108468,2026-07-27,P012,Yash,Phoenix,Lotus,18,11,11,10,2240.0,18,Win,Platinum
107200,2026-08-08,P018,Manish,Omen,Bind,18,13,4,7,3149.0,24,Win,Bronze
101572,2026-03-25,P009,Sahil,Reyna,Sunset,10,11,8,5,2066.0,18,Loss,Platinum
100024,2026-09-10,P008,Aditya,Phoenix,Bind,9,15,10,3,1323.0,20,Loss,Gold
103363,2026-02-04,P020,Harsh,Killjoy,Ascent,18,12,4,8,2702.0,22,Loss,Iron
101088,2026-06-05,P004,Rohan,Chamber,Pearl,18,10,8,10,3880.0,18,Win,Platinum
104674,2026-09-13,P001,Shubham,Sova,Bind,12,15,7,5,1998.0,22,Loss,Platinum
102694,2026-06-21,P014,Varun,Sage,Ascent,12,14,6,3,1134.0,21,Win,Gold
107616,2026-09-13,P008,Aditya,Viper,Bind,27,13,2,8,4524.0,24,Win,Ascendant
103398,2026-02-08,P015,Nikhil,Omen,Bind,13,11,12,8,1939.0,21,Loss,Gold
103559,2026-08-24,P001,Shubham,Brimstone,Haven,8,12,3,1,802.0,21,Loss,Platinum
109175,2026-05-19,P003,Amit,Omen,Lotus,16,18,10,9,2106.0,21,Win,Gold
102841,2026-01-27,P003,Amit,Cypher,Haven,19,14,9,5,1844.0,24,Win,Gold
102311,2026-01-08,P007,Karan,Jett,Pearl,25,23,10,8,3345.0,30,Loss,Ascendant
108351,2026-07-01,P016,Arjun,Cypher,Haven,10,14,3,6,1454.0,18,Loss,Immortal
103234,2026-07-30,P015,Nikhil,Gekko,Haven,24,12,4,13,3080.0,23,Loss,Platinum
104152,2026-05-12,P020,Harsh,Phoenix,Bind,19,14,5,5,2529.0,26,Win,Platinum
101309,2026-07-11,P019,Ritesh,Killjoy,Split,20,13,8,11,2191.0,19,Win,Platinum
100695,2026-09-06,P007,Karan,Reyna,Sunset,11,17,8,2,1570.0,23,Win,Silver
106699,2026-03-19,P004,Rohan,Viper,Sunset,18,21,6,3,1509.0,29,Loss,Platinum
103752,2026-05-17,P015,Nikhil,Sage,Breeze,22,13,4,11,2762.0,30,Loss,Gold
106337,2026-04-27,P013,Ankit,Brimstone,Split,19,16,3,10,2878.0,28,Win,Platinum
101227,2026-01-20,P015,Nikhil,Gekko,Icebox,25,13,4,8,2971.0,18,Win,Silver
101999,2026-02-13,P019,Ritesh,Fade,Lotus,19,16,5,12,3939.0,20,Win,Gold
100276,2026-03-05,P019,Ritesh,Viper,Sunset,20,16,6,6,3983.0,23,Win,Gold
109487,2026-01-30,P011,Neeraj,Cypher,Haven,14,5,5,4,2720.0,28,Loss,Diamond
107113,2026-06-08,P016,Arjun,Sage,Ascent,25,11,2,14,4407.0,29,Loss,Bronze
105929,2026-04-08,P015,Nikhil,Chamber,Breeze,12,11,6,8,1601.0,30,Win,Iron
102953,2026-03-14,P013,Ankit,Phoenix,Icebox,18,12,7,10,3849.0,19,Win,Bronze
103637,2026-03-16,P007,Karan,Jett,Breeze,13,14,2,5,1669.0,20,Win,Ascendant
103906,2026-04-29,P006,Vivek,Gekko,Breeze,26,11,2,11,3441.0,30,Loss,Platinum
104778,2026-04-06,P003,Amit,Viper,Icebox,28,12,5,17,4872.0,27,Win,Diamond
105845,2026-01-30,P005,Akash,Fade,Breeze,15,7,7,8,2294.0,28,Win,Bronze
109718,2026-03-31,P018,Manish,Gekko,Split,17,12,5,4,2693.0,28,Loss,Iron
104117,2026-09-07,P010,Pratik,Viper,Ascent,24,14,5,6,3670.0,29,Loss,Immortal
107063,2026-09-13,P015,Nikhil,Cypher,Icebox,13,16,4,2,2306.0,18,Loss,Gold
101137,2026-08-20,P017,Siddhant,Chamber,Lotus,11,12,6,2,2418.0,24,Win,Silver
102767,2026-08-08,P019,Ritesh,Brimstone,Breeze,9,6,8,3,1812.0,26,Win,Gold
102334,2026-07-01,P006,Vivek,Sage,Split,13,11,5,5,2033.0,21,Loss,Ascendant
107740,2026-09-20,P009,Sahil,Omen,Pearl,22,12,5,11,3020.0,18,Win,Ascendant
100942,2026-05-16,P005,Akash,Raze,Icebox,16,13,3,8,2753.0,25,Win,Silver
107696,2026-01-27,P005,Akash,Killjoy,Haven,9,12,10,4,1247.0,19,Loss,Diamond
102490,2026-01-12,P017,Siddhant,Brimstone,Haven,29,23,2,15,2682.0,22,Loss,Gold
109699,2026-07-19,P007,Karan,Jett,Pearl,34,9,6,9,3587.0,29,Win,Bronze
106290,2026-01-22,P020,Harsh,Gekko,Pearl,14,9,4,9,943.0,19,Win,Platinum
104935,2026-08-31,P006,Vivek,Killjoy,Ascent,19,15,9,15,3153.0,21,Loss,Silver
103935,2026-04-04,P010,Pratik,Sova,Ascent,23,13,9,8,2651.0,28,Win,Diamond
106989,2026-05-18,P015,Nikhil,Killjoy,Haven,22,10,8,12,3375.0,18,Win,Bronze
102384,2026-01-07,P005,Akash,Viper,Ascent,33,13,9,21,4166.0,21,Win,Diamond
100115,2026-05-10,P009,Sahil,Reyna,Ascent,17,7,6,10,1406.0,29,Win,Silver
101863,2026-05-07,P013,Ankit,Gekko,Pearl,16,17,7,10,3122.0,29,Loss,Gold
109996,2026-04-26,P003,Amit,Phoenix,Sunset,8,13,7,4,1145.0,18,Win,Bronze
103119,2026-08-21,P011,Neeraj,Jett,Icebox,3,9,4,3,575.0,29,Win,Silver
104258,2026-02-28,P003,Amit,Sage,Breeze,16,12,5,8,2591.0,26,Win,Gold
109925,2026-03-02,P012,Yash,Brimstone,Haven,23,14,13,9,3979.0,22,Loss,Diamond
100902,2026-05-06,P009,Sahil,Sage,Icebox,13,21,4,4,2181.0,22,Win,Ascendant
102819,2026-02-24,P005,Akash,Gekko,Bind,13,18,4,4,2008.0,18,Win,Silver
103822,2026-03-20,P010,Pratik,Sova,Bind,18,14,5,5,2476.0,29,Loss,Silver
108062,2026-06-06,P020,Harsh,Gekko,Lotus,19,14,5,6,1734.0,28,Win,Bronze
106923,2026-05-29,P009,Sahil,Sage,Lotus,14,10,8,4,2224.0,22,Win,Silver
109109,2026-05-11,P019,Ritesh,Sova,Pearl,8,12,2,4,1126.0,30,Loss,Diamond
104699,2026-02-20,P014,Varun,Cypher,Icebox,18,11,2,8,2695.0,21,Loss,Bronze
108937,2026-05-03,P015,Nikhil,Chamber,Ascent,20,15,7,7,2497.0,22,Loss,Platinum
103802,2026-08-24,P004,Rohan,Raze,Icebox,3,9,12,1,571.0,20,Win,Immortal
106068,2026-07-22,P020,Harsh,Sova,Sunset,9,9,1,3,1383.0,19,Win,Gold
105810,2026-09-03,P003,Amit,Sova,Sunset,18,19,10,9,2871.0,21,Win,Platinum
103536,2026-05-29,P013,Ankit,Phoenix,Breeze,19,10,4,10,2408.0,22,Loss,Gold
103825,2026-06-10,P006,Vivek,Viper,Sunset,4,14,3,3,644.0,27,Loss,Diamond
106642,2026-03-16,P007,Karan,Jett,Split,20,17,7,8,3388.0,19,Win,Silver
108661,2026-03-30,P010,Pratik,Viper,Bind,23,9,10,12,2836.0,27,Loss,Gold
108627,2026-02-15,P014,Varun,Fade,Ascent,14,13,8,9,1715.0,26,Loss,Bronze
104810,2026-02-16,P003,Amit,Fade,Pearl,25,16,4,9,3085.0,28,Win,Immortal
101946,2026-09-03,P011,Neeraj,Sage,Bind,10,22,0,2,1932.0,20,Win,Bronze
108731,2026-04-30,P009,Sahil,Killjoy,Ascent,16,15,9,4,2310.0,26,Loss,Silver
107169,2026-09-21,P005,Akash,Phoenix,Pearl,16,14,5,7,2541.0,30,Loss,Bronze
105335,2026-03-31,P017,Siddhant,Gekko,Split,14,14,10,10,2313.0,18,Loss,Diamond
103488,2026-01-31,P007,Karan,Reyna,Sunset,25,20,1,8,2916.0,26,Loss,Ascendant
101610,2026-02-11,P004,Rohan,Fade,Pearl,18,9,14,8,3232.0,30,Win,Gold
107495,2026-02-07,P004,Rohan,Sova,Split,7,13,5,2,940.0,18,Loss,Platinum
108783,2026-07-17,P007,Karan,Killjoy,Lotus,18,11,5,7,3210.0,21,Loss,Gold
104677,2026-04-16,P011,Neeraj,Viper,Split,12,15,4,6,1606.0,28,Win,Gold
104959,2026-05-12,P005,Akash,Viper,Lotus,24,20,1,7,3782.0,28,Loss,Silver
105867,2026-02-01,P006,Vivek,Gekko,Haven,16,11,6,4,3055.0,19,Loss,Gold
108782,2026-04-24,P010,Pratik,Fade,Split,15,13,6,7,2662.0,25,Win,Silver
104761,2026-08-06,P010,Pratik,Raze,Haven,8,16,11,4,1351.0,21,Loss,Gold
102194,2026-04-25,P001,Shubham,Viper,Split,18,11,7,3,3077.0,20,Win,Silver
108974,2026-06-17,P008,Aditya,Raze,Lotus,19,13,6,7,2275.0,26,Loss,Platinum
105701,2026-01-01,P019,Ritesh,Omen,Sunset,22,18,7,8,2751.0,30,Loss,Platinum
105113,2026-01-28,P001,Shubham,Chamber,Sunset,18,10,6,8,3164.0,27,Win,Platinum
100557,2026-01-15,P002,Rahul,Reyna,Pearl,23,18,5,11,2094.0,20,Loss,Platinum
108100,2026-04-29,P006,Vivek,Reyna,Bind,15,7,4,4,2260.0,26,Win,Immortal
105139,2026-05-04,P013,Ankit,Phoenix,Ascent,5,13,1,1,739.0,20,Loss,Diamond
101207,2026-03-17,P007,Karan,Reyna,Pearl,13,9,0,4,2268.0,20,Loss,Platinum
107066,2026-09-18,P008,Aditya,Chamber,Sunset,14,8,3,5,1849.0,21,Win,Gold
109685,2026-07-30,P004,Rohan,Killjoy,Sunset,23,14,6,16,2609.0,30,Loss,Silver
101510,2026-05-22,P008,Aditya,Sova,Bind,7,14,6,4,1215.0,26,Win,Gold
106800,2026-01-23,P013,Ankit,Phoenix,Icebox,21,14,11,7,3389.0,27,Loss,Platinum
103829,2026-03-31,P013,Ankit,Reyna,Haven,24,15,13,12,3761.0,21,Win,Silver
103732,2026-05-25,P008,Aditya,Fade,Pearl,16,10,7,6,2507.0,26,Win,Gold
108891,2026-02-24,P002,Rahul,Raze,Icebox,12,15,1,6,1583.0,22,Loss,Gold
103211,2026-03-05,P015,Nikhil,Gekko,Haven,14,16,9,6,2351.0,19,Loss,Platinum
103630,2026-01-25,P019,Ritesh,Sova,Pearl,19,19,6,11,2280.0,23,Win,Iron
101708,2026-01-10,P008,Aditya,Omen,Bind,10,11,0,5,1238.0,22,Loss,Ascendant
101845,2026-09-26,P015,Nikhil,Sage,Pearl,16,18,5,6,1653.0,27,Loss,Gold
100266,2026-04-20,P020,Harsh,Gekko,Split,16,15,8,6,2399.0,22,Loss,Ascendant
105985,2026-07-11,P009,Sahil,Sova,Pearl,22,9,3,6,2888.0,26,Loss,Diamond
101140,2026-08-01,P003,Amit,Sova,Pearl,3,11,8,1,587.0,22,Win,Diamond
103162,2026-07-29,P009,Sahil,Chamber,Ascent,19,14,9,3,2973.0,24,Loss,Gold
106207,2026-08-09,P003,Amit,Omen,Bind,16,13,10,4,1368.0,27,Win,Silver
102046,2026-07-25,P010,Pratik,Killjoy,Icebox,11,14,2,4,1465.0,30,Win,Gold
103730,2026-07-27,P020,Harsh,Omen,Lotus,24,10,9,14,3258.0,28,Loss,Silver
101909,2026-01-18,P006,Vivek,Raze,Ascent,16,15,5,7,2348.0,23,Win,Silver
107341,2026-04-08,P017,Siddhant,Chamber,Bind,18,15,5,12,2427.0,22,Loss,Platinum
102660,2026-07-15,P002,Rahul,Reyna,Haven,12,17,3,6,1737.0,27,Loss,Gold
100656,2026-03-25,P009,Sahil,Raze,Lotus,21,7,5,11,3203.0,25,Win,Gold
106660,2026-03-11,P016,Arjun,Chamber,Lotus,3,14,4,0,531.0,28,Win,Immortal
101307,2026-09-06,P003,Amit,Reyna,Breeze,29,5,9,12,4615.0,22,Win,Diamond
107865,2026-03-30,P016,Arjun,Phoenix,Split,27,17,2,12,3760.0,28,Win,Gold
100998,2026-03-20,P007,Karan,Jett,Sunset,17,8,4,4,2903.0,25,Win,Bronze
107466,2026-08-11,P017,Siddhant,Sova,Breeze,14,16,5,6,1936.0,30,Loss,Ascendant
102834,2026-07-10,P003,Amit,Viper,Ascent,15,15,0,11,2005.0,21,Win,Platinum
109197,2026-03-04,P018,Manish,Sova,Ascent,17,17,2,5,2322.0,22,Win,Ascendant
105880,2026-04-01,P019,Ritesh,Viper,Breeze,11,23,7,3,1167.0,30,Loss,Bronze
101237,2026-03-16,P012,Yash,Reyna,Lotus,18,11,13,7,1962.0,23,Win,Silver
102151,2026-03-17,P012,Yash,Omen,Bind,17,20,8,9,2356.0,20,Loss,Gold
107954,2026-05-03,P013,Ankit,Sage,Sunset,25,17,6,5,4834.0,27,Win,Platinum
109715,2026-04-11,P007,Karan,Raze,Bind,3,10,4,1,363.0,28,Win,Immortal
107222,2026-07-26,P016,Arjun,Brimstone,Bind,18,9,3,11,2636.0,25,Win,Platinum
108252,2026-01-16,P005,Akash,Sage,Ascent,25,21,6,4,3048.0,25,Loss,Platinum
106578,2026-05-25,P014,Varun,Raze,Split,8,16,7,6,1242.0,28,Loss,Silver
105091,2026-07-23,P018,Manish,Jett,Pearl,21,21,6,11,3001.0,25,Loss,Gold
102186,2026-04-20,P002,Rahul,Killjoy,Ascent,27,13,10,5,1964.0,21,Loss,Gold
101134,2026-09-16,P018,Manish,Jett,Pearl,18,13,0,8,2982.0,19,Win,Silver
105004,2026-06-16,P002,Rahul,Gekko,Breeze,19,15,0,9,1666.0,19,Win,Silver
108009,2026-08-16,P015,Nikhil,Phoenix,Pearl,21,13,5,7,2624.0,24,Loss,Platinum
101303,2026-03-01,P017,Siddhant,Killjoy,Breeze,14,12,8,1,1841.0,26,Loss,Gold
108486,2026-04-24,P020,Harsh,Gekko,Icebox,24,13,2,14,2478.0,25,Win,Ascendant
101627,2026-04-10,P005,Akash,Brimstone,Haven,22,15,7,7,3217.0,20,Win,Bronze
107895,2026-08-17,P012,Yash,Fade,Breeze,28,11,5,12,4853.0,23,Win,Platinum
101522,2026-04-07,P020,Harsh,Sova,Icebox,31,20,6,7,6500.0,24,Win,Bronze
109830,2026-07-01,P001,Shubham,Brimstone,Lotus,12,11,7,7,1271.0,21,Loss,Gold
100358,2026-03-07,P011,Neeraj,Gekko,Split,9,10,3,2,1235.0,23,Loss,Diamond
100138,2026-03-01,P018,Manish,Viper,Haven,23,16,4,12,3085.0,29,Win,Diamond
100299,2026-03-24,P018,Manish,Fade,Lotus,20,14,7,10,2791.0,27,Loss,Silver
101556,2026-07-16,P005,Akash,Phoenix,Breeze,25,11,5,11,3732.0,28,Win,Gold
105099,2026-04-13,P016,Arjun,Reyna,Haven,30,9,4,12,4551.0,24,Loss,Gold
100382,2026-04-07,P001,Shubham,Omen,Sunset,12,13,0,3,2301.0,24,Win,Platinum
108330,2026-05-26,P010,Pratik,Viper,Lotus,7,12,9,3,1437.0,30,Loss,Platinum
109862,2026-02-26,P019,Ritesh,Jett,Pearl,23,9,0,7,3341.0,22,Win,Silver
104857,2026-06-06,P005,Akash,Reyna,Icebox,21,13,5,12,2646.0,25,Win,Ascendant
103180,2026-05-26,P009,Sahil,Fade,Ascent,8,13,4,4,1409.0,19,Win,Ascendant
101439,2026-07-27,P017,Siddhant,Reyna,Pearl,18,13,8,11,2879.0,18,Win,Immortal
107166,2026-02-06,P019,Ritesh,Cypher,Sunset,12,13,3,4,1370.0,24,Win,Iron
105673,2026-02-02,P013,Ankit,Reyna,Icebox,25,15,0,12,4289.0,30,Win,Diamond
100946,2026-09-25,P014,Varun,Brimstone,Bind,23,11,0,8,2051.0,29,Win,Diamond
102390,2026-01-17,P009,Sahil,Cypher,Ascent,26,5,12,11,4465.0,19,Win,Diamond
105498,2026-07-28,P019,Ritesh,Sova,Icebox,15,14,10,5,2257.0,29,Loss,Platinum
107106,2026-05-24,P012,Yash,Viper,Lotus,8,10,2,2,849.0,25,Loss,Diamond
109249,2026-08-28,P006,Vivek,Brimstone,Icebox,9,13,5,1,1639.0,30,Win,Gold
102721,2026-05-11,P006,Vivek,Omen,Split,12,12,0,6,1760.0,30,Loss,Bronze
101932,2026-09-30,P011,Neeraj,Cypher,Icebox,27,10,3,13,3267.0,21,Win,Platinum
107457,2026-06-11,P020,Harsh,Reyna,Pearl,10,13,6,4,1974.0,27,Loss,Platinum
103236,2026-05-16,P005,Akash,Sage,Haven,19,13,7,11,2906.0,25,Loss,Gold
103140,2026-05-12,P006,Vivek,Chamber,Split,12,13,2,3,1232.0,21,Loss,Diamond
104163,2026-06-29,P006,Vivek,Fade,Icebox,17,14,4,6,2878.0,19,Win,Gold
108907,2026-07-14,P015,Nikhil,Killjoy,Breeze,15,10,10,7,2185.0,26,Loss,Platinum
103807,2026-06-15,P007,Karan,Reyna,Split,18,14,6,7,2761.0,26,Win,Silver
109499,2026-05-07,P007,Karan,Sage,Breeze,23,13,3,11,3897.0,18,Loss,Platinum
107016,2026-07-03,P015,Nikhil,Viper,Pearl,26,13,5,7,4992.0,19,Loss,Immortal
108923,2026-04-15,P010,Pratik,Reyna,Haven,26,16,4,11,4902.0,20,Win,Silver
106926,2026-01-10,P003,Amit,Cypher,Split,19,14,5,10,3186.0,21,Win,Gold
104154,2026-02-19,P012,Yash,Raze,Split,15,20,0,8,1714.0,20,Loss,Platinum
104172,2026-02-17,P006,Vivek,Brimstone,Breeze,21,15,9,10,2581.0,27,Loss,Gold
100796,2026-08-12,P002,Rahul,Viper,Breeze,21,17,2,9,3041.0,25,Win,Silver
102416,2026-03-04,P011,Neeraj,Raze,Split,4,14,0,2,517.0,29,Win,Platinum
107203,2026-07-19,P018,Manish,Phoenix,Ascent,13,12,5,3,2255.0,29,Loss,Ascendant
106139,2026-02-25,P004,Rohan,Sova,Icebox,21,10,6,5,2673.0,24,Win,Diamond
100785,2026-05-13,P001,Shubham,Sova,Haven,17,23,2,4,2148.0,27,Win,Silver
107100,2026-09-07,P014,Varun,Fade,Ascent,6,12,3,6,778.0,23,Win,Platinum
103158,2026-07-30,P007,Karan,Raze,Ascent,23,11,6,13,4089.0,20,Win,Ascendant
100123,2026-04-22,P014,Varun,Killjoy,Bind,19,14,6,5,3374.0,30,Loss,Diamond
109477,2026-03-14,P005,Akash,Brimstone,Icebox,10,12,4,3,1743.0,26,Loss,Silver
109372,2026-09-01,P005,Akash,Phoenix,Split,33,16,3,18,6303.0,29,Loss,Silver
102172,2026-09-20,P011,Neeraj,Omen,Breeze,7,19,6,5,1129.0,22,Loss,Immortal
102169,2026-05-13,P020,Harsh,Brimstone,Icebox,13,19,10,6,1971.0,29,Win,Platinum
106913,2026-06-24,P019,Ritesh,Phoenix,Bind,10,12,4,6,1527.0,19,Loss,Gold
104009,2026-01-05,P009,Sahil,Brimstone,Ascent,28,19,7,6,2765.0,30,Loss,Immortal
109315,2026-05-14,P013,Ankit,Sage,Pearl,20,17,14,8,2632.0,26,Win,Ascendant
104340,2026-08-14,P002,Rahul,Cypher,Haven,38,18,5,11,3825.0,22,Loss,Immortal
100910,2026-03-14,P010,Pratik,Gekko,Pearl,28,12,2,10,4182.0,20,Loss,Gold
106268,2026-06-11,P016,Arjun,Phoenix,Breeze,25,18,7,7,2749.0,29,Win,Ascendant
109691,2026-05-22,P014,Varun,Jett,Haven,19,15,6,9,2222.0,23,Win,Ascendant
102309,2026-08-22,P017,Siddhant,Brimstone,Icebox,24,8,3,8,3726.0,19,Loss,Immortal
109678,2026-09-03,P009,Sahil,Sova,Bind,8,8,5,4,1283.0,29,Loss,Gold
103634,2026-01-25,P008,Aditya,Killjoy,Split,25,6,6,10,5034.0,30,Loss,Iron
101257,2026-01-09,P002,Rahul,Sova,Icebox,10,23,6,4,1707.0,21,Loss,Silver
106591,2026-05-02,P020,Harsh,Killjoy,Breeze,21,12,0,9,3585.0,25,Loss,Diamond
104458,2026-07-09,P002,Rahul,Killjoy,Split,22,16,1,7,2663.0,28,Win,Ascendant
106133,2026-09-12,P003,Amit,Raze,Ascent,26,11,8,7,4171.0,19,Win,Diamond
101178,2026-05-09,P001,Shubham,Brimstone,Sunset,16,17,8,6,2522.0,30,Loss,Diamond
104652,2026-05-11,P003,Amit,Cypher,Bind,13,16,6,3,2121.0,18,Win,Platinum
106218,2026-05-15,P017,Siddhant,Gekko,Ascent,16,12,3,6,2982.0,20,Loss,Ascendant
103650,2026-03-11,P017,Siddhant,Sova,Split,13,9,2,6,1863.0,27,Win,Iron
100442,2026-08-19,P014,Varun,Jett,Bind,20,12,4,5,4116.0,30,Win,Platinum
103415,2026-04-09,P008,Aditya,Killjoy,Lotus,17,17,4,12,2166.0,20,Win,Platinum
101399,2026-02-07,P010,Pratik,Cypher,Haven,8,8,7,2,1211.0,22,Loss,Platinum
101457,2026-09-10,P004,Rohan,Reyna,Haven,19,10,6,6,3863.0,23,Win,Gold
107558,2026-05-05,P006,Vivek,Reyna,Split,22,16,9,6,3612.0,30,Win,Platinum
105744,2026-07-15,P003,Amit,Viper,Ascent,23,12,3,13,4183.0,29,Win,Ascendant
101054,2026-03-10,P015,Nikhil,Fade,Haven,10,10,4,7,1180.0,23,Win,Ascendant
106814,2026-07-21,P004,Rohan,Jett,Breeze,20,15,6,9,3384.0,29,Win,Platinum
103275,2026-05-27,P001,Shubham,Sage,Pearl,6,16,0,6,1168.0,30,Win,Ascendant
101463,2026-02-20,P007,Karan,Brimstone,Sunset,20,16,6,7,2865.0,18,Win,Silver
103699,2026-06-08,P006,Vivek,Chamber,Bind,13,9,6,8,2219.0,21,Loss,Ascendant
103759,2026-08-11,P004,Rohan,Gekko,Lotus,14,14,5,8,2108.0,23,Loss,Silver
100929,2026-05-01,P018,Manish,Sage,Split,11,12,4,6,1489.0,18,Win,Gold
105511,2026-02-23,P009,Sahil,Sage,Bind,19,15,5,4,2968.0,26,Loss,Silver
106468,2026-04-13,P012,Yash,Viper,Icebox,15,11,6,8,2500.0,19,Loss,Platinum
108430,2026-08-12,P016,Arjun,Viper,Breeze,21,15,2,8,3272.0,29,Win,Platinum
101829,2026-03-08,P009,Sahil,Gekko,Pearl,7,20,4,6,1153.0,20,Loss,Platinum
102928,2026-06-20,P019,Ritesh,Reyna,Pearl,15,15,9,6,2811.0,27,Loss,Gold
106969,2026-08-13,P020,Harsh,Brimstone,Split,34,15,5,18,5983.0,20,Win,Gold
106538,2026-05-21,P012,Yash,Reyna,Pearl,23,15,0,15,3975.0,28,Win,Ascendant
104221,2026-01-24,P011,Neeraj,Raze,Split,26,14,5,8,5299.0,28,Win,Silver
103546,2026-03-30,P005,Akash,Reyna,Pearl,23,13,9,10,2869.0,23,Win,Iron
105598,2026-08-18,P008,Aditya,Chamber,Lotus,27,16,1,15,4403.0,19,Win,Ascendant
108956,2026-01-21,P008,Aditya,Viper,Pearl,12,11,14,5,2221.0,19,Loss,Silver
107352,2026-09-25,P019,Ritesh,Chamber,Haven,15,16,5,3,1987.0,27,Win,Platinum
108160,2026-06-30,P006,Vivek,Raze,Lotus,12,21,3,4,1703.0,21,Loss,Silver
102011,2026-01-23,P002,Rahul,Sage,Sunset,19,19,7,8,3500.0,22,Loss,Gold
100913,2026-04-02,P017,Siddhant,Chamber,Ascent,17,15,2,8,2511.0,25,Win,Gold
108266,2026-06-17,P012,Yash,Viper,Haven,16,10,3,9,1838.0,24,Loss,Platinum
107299,2026-08-22,P002,Rahul,Killjoy,Bind,16,14,8,6,2170.0,22,Loss,Silver
103219,2026-04-23,P018,Manish,Viper,Bind,12,14,5,4,1486.0,27,Loss,Platinum
102606,2026-06-09,P009,Sahil,Cypher,Ascent,12,8,2,8,1926.0,19,Loss,Platinum
103264,2026-08-24,P002,Rahul,Fade,Haven,21,20,3,5,2961.0,28,Loss,Ascendant
104928,2026-05-13,P009,Sahil,Sage,Sunset,14,14,4,8,2783.0,26,Loss,Platinum
108811,2026-07-03,P014,Varun,Sage,Bind,20,12,1,12,3517.0,28,Loss,Diamond
106564,2026-04-14,P019,Ritesh,Jett,Lotus,15,15,7,6,2525.0,21,Win,Platinum
109839,2026-05-10,P018,Manish,Sova,Pearl,15,18,4,4,2242.0,27,Loss,Silver
100006,2026-09-14,P005,Akash,Chamber,Haven,38,15,3,9,4148.0,22,Win,Ascendant
102980,2026-09-01,P015,Nikhil,Sova,Sunset,7,15,3,3,1201.0,24,Win,Platinum
106583,2026-07-11,P011,Neeraj,Cypher,Pearl,12,12,9,2,1697.0,26,Loss,Diamond
103361,2026-05-22,P019,Ritesh,Omen,Sunset,12,15,7,3,1913.0,24,Win,Bronze
104774,2026-04-20,P011,Neeraj,Reyna,Sunset,22,15,5,14,3950.0,28,Loss,Bronze
101943,2026-02-25,P005,Akash,Gekko,Lotus,14,17,7,1,2125.0,25,Loss,Silver
108734,2026-06-22,P010,Pratik,Gekko,Bind,24,13,10,14,3842.0,19,Win,Bronze
105499,2026-01-26,P006,Vivek,Sage,Pearl,16,7,9,9,2169.0,26,Win,Diamond
101635,2026-08-13,P006,Vivek,Omen,Sunset,12,21,6,3,2331.0,23,Win,Diamond
101141,2026-01-16,P004,Rohan,Fade,Lotus,26,18,2,7,3748.0,22,Win,Gold
102041,2026-04-02,P008,Aditya,Killjoy,Ascent,22,14,8,13,3585.0,21,Win,Platinum
106815,2026-09-12,P007,Karan,Sage,Sunset,10,12,6,3,983.0,27,Loss,Gold
106703,2026-06-23,P012,Yash,Phoenix,Haven,27,14,1,11,4232.0,27,Loss,Gold
107853,2026-07-16,P008,Aditya,Viper,Sunset,17,18,9,8,2599.0,22,Win,Platinum
102070,2026-06-21,P015,Nikhil,Killjoy,Pearl,19,16,1,11,1408.0,28,Loss,Bronze
103134,2026-01-26,P003,Amit,Phoenix,Bind,19,19,5,7,2765.0,19,Loss,Silver
105160,2026-01-14,P010,Pratik,Killjoy,Icebox,12,15,4,3,1643.0,20,Win,Immortal
107796,2026-05-15,P020,Harsh,Omen,Icebox,18,20,1,6,2119.0,29,Loss,Diamond
105275,2026-01-12,P019,Ritesh,Jett,Lotus,18,15,1,11,2024.0,28,Loss,Gold
102242,2026-03-25,P011,Neeraj,Cypher,Bind,15,7,5,4,2718.0,18,Loss,Gold
101474,2026-09-03,P001,Shubham,Jett,Ascent,13,13,6,3,2101.0,26,Win,Immortal
109020,2026-08-21,P015,Nikhil,Cypher,Split,18,18,0,5,2000.0,26,Win,Iron
101889,2026-01-20,P013,Ankit,Jett,Pearl,26,15,7,19,3365.0,24,Win,Platinum
103435,2026-02-02,P019,Ritesh,Jett,Ascent,12,12,10,4,1967.0,28,Loss,Bronze
107627,2026-01-31,P005,Akash,Phoenix,Sunset,33,14,5,13,4224.0,29,Loss,Diamond
107731,2026-02-08,P002,Rahul,Sova,Pearl,24,9,8,9,3661.0,21,Win,Diamond
103705,2026-05-14,P004,Rohan,Reyna,Ascent,25,16,7,13,4222.0,18,Win,Ascendant
102021,2026-03-09,P012,Yash,Sage,Split,13,19,5,3,2316.0,27,Loss,Silver
104020,2026-06-15,P009,Sahil,Brimstone,Haven,11,19,9,4,1684.0,26,Win,Diamond
108849,2026-01-03,P015,Nikhil,Fade,Pearl,25,16,3,9,3993.0,27,Loss,Gold
108461,2026-03-16,P017,Siddhant,Reyna,Icebox,26,12,10,9,4520.0,24,Win,Platinum
103500,2026-01-02,P020,Harsh,Phoenix,Ascent,11,10,3,3,1264.0,25,Win,Iron
102658,2026-06-24,P003,Amit,Sage,Sunset,17,14,8,4,1869.0,22,Loss,Silver
108474,2026-01-26,P020,Harsh,Sage,Split,10,9,0,4,1460.0,27,Loss,Gold
108993,2026-04-19,P007,Karan,Phoenix,Haven,10,10,4,8,1550.0,20,Win,Gold
101130,2026-02-15,P019,Ritesh,Cypher,Ascent,15,14,6,7,2534.0,24,Loss,Silver
105557,2026-04-11,P015,Nikhil,Raze,Sunset,12,22,10,6,1858.0,27,Loss,Gold
109837,2026-05-06,P019,Ritesh,Jett,Pearl,14,14,8,7,2553.0,19,Win,Bronze
101819,2026-01-27,P007,Karan,Raze,Haven,17,11,8,9,2735.0,27,Win,Silver
107572,2026-09-08,P008,Aditya,Chamber,Icebox,27,12,5,11,4354.0,23,Loss,Diamond
107517,2026-09-20,P003,Amit,Chamber,Pearl,21,17,8,9,3702.0,22,Loss,Gold
104318,2026-02-24,P003,Amit,Reyna,Split,18,16,6,7,2647.0,27,Loss,Gold
109624,2026-06-06,P019,Ritesh,Jett,Pearl,12,12,12,3,2151.0,29,Win,Immortal
104144,2026-02-27,P005,Akash,Omen,Ascent,20,12,11,6,3466.0,28,Win,Gold
104669,2026-07-10,P008,Aditya,Brimstone,Pearl,15,15,0,9,2044.0,25,Win,Silver
101236,2026-07-24,P014,Varun,Raze,Split,20,18,1,7,2448.0,28,Loss,Ascendant
105476,2026-05-05,P013,Ankit,Fade,Sunset,16,18,6,4,2628.0,26,Loss,Iron
109856,2026-05-26,P018,Manish,Killjoy,Breeze,16,9,2,10,1733.0,29,Win,Platinum
101856,2026-07-17,P018,Manish,Brimstone,Sunset,10,13,11,4,1684.0,22,Win,Gold
102282,2026-08-20,P013,Ankit,Reyna,Lotus,15,10,4,5,2629.0,28,Loss,Silver
108712,2026-09-09,P017,Siddhant,Sova,Pearl,31,15,0,14,4402.0,24,Loss,Gold
109815,2026-04-11,P016,Arjun,Omen,Sunset,10,13,4,2,1292.0,28,Win,Platinum
104093,2026-08-24,P012,Yash,Fade,Lotus,15,22,0,5,2203.0,27,Win,Gold
107094,2026-09-23,P001,Shubham,Chamber,Icebox,26,9,7,9,3318.0,30,Loss,Bronze
105200,2026-08-13,P020,Harsh,Jett,Lotus,18,14,6,6,2892.0,22,Win,Gold
106401,2026-05-10,P020,Harsh,Omen,Pearl,9,15,4,5,1371.0,19,Win,Platinum
109949,2026-03-22,P019,Ritesh,Reyna,Breeze,19,18,7,7,2122.0,20,Win,Silver
103421,2026-03-23,P015,Nikhil,Killjoy,Lotus,16,10,3,8,1969.0,27,Loss,Platinum
109288,2026-02-22,P014,Varun,Killjoy,Pearl,20,10,10,7,2832.0,22,Win,Gold
100386,2026-05-13,P007,Karan,Reyna,Lotus,22,11,9,12,3157.0,20,Win,Immortal
108749,2026-04-05,P017,Siddhant,Brimstone,Bind,24,18,6,6,3667.0,25,Win,Ascendant
101628,2026-05-26,P006,Vivek,Sova,Sunset,19,16,7,6,3461.0,30,Win,Silver
103585,2026-02-01,P011,Neeraj,Chamber,Bind,7,14,0,1,1049.0,18,Win,Gold
108203,2026-09-15,P013,Ankit,Raze,Breeze,16,20,2,5,2414.0,23,Loss,Silver
102714,2026-03-17,P007,Karan,Reyna,Sunset,15,13,2,8,2173.0,28,Loss,Platinum
107204,2026-04-27,P012,Yash,Reyna,Ascent,10,24,0,2,1191.0,22,Loss,Bronze
108453,2026-07-11,P020,Harsh,Fade,Pearl,4,10,5,1,537.0,27,Loss,Silver
109340,2026-03-15,P003,Amit,Sage,Icebox,20,11,5,9,2801.0,30,Loss,Bronze
105659,2026-02-26,P008,Aditya,Omen,Ascent,23,19,9,10,3415.0,24,Win,Platinum
106856,2026-01-15,P018,Manish,Gekko,Ascent,16,14,7,6,2609.0,26,Win,Diamond
103189,2026-09-16,P010,Pratik,Sova,Icebox,25,10,11,10,2914.0,30,Win,Platinum
109988,2026-04-17,P003,Amit,Viper,Split,15,13,0,7,2567.0,18,Loss,Silver
104305,2026-09-24,P011,Neeraj,Gekko,Bind,20,15,2,4,2731.0,21,Loss,Immortal
100909,2026-08-22,P003,Amit,Fade,Ascent,13,14,2,5,1898.0,20,Win,Gold
105385,2026-01-16,P016,Arjun,Reyna,Ascent,29,14,2,8,2704.0,18,Loss,Immortal
101996,2026-04-30,P009,Sahil,Sage,Haven,15,9,6,2,1749.0,30,Loss,Immortal
101866,2026-01-06,P008,Aditya,Viper,Pearl,17,13,7,6,2399.0,22,Loss,Platinum
101842,2026-09-07,P012,Yash,Raze,Sunset,30,16,2,8,5136.0,28,Win,Silver
102497,2026-09-07,P019,Ritesh,Gekko,Haven,21,16,0,7,2831.0,18,Loss,Platinum
100201,2026-07-22,P014,Varun,Sage,Bind,29,13,10,9,4245.0,30,Win,Gold
107940,2026-08-17,P016,Arjun,Omen,Split,21,10,7,5,3660.0,27,Win,Platinum
107759,2026-06-22,P009,Sahil,Reyna,Icebox,5,16,9,2,886.0,20,Win,Silver
105054,2026-06-28,P010,Pratik,Chamber,Sunset,22,15,5,5,3681.0,22,Win,Ascendant
105889,2026-07-17,P018,Manish,Viper,Ascent,6,19,6,4,878.0,30,Win,Ascendant
104006,2026-01-26,P002,Rahul,Phoenix,Split,36,14,5,10,3753.0,23,Win,Silver
109921,2026-08-02,P009,Sahil,Phoenix,Breeze,11,14,0,5,1465.0,27,Loss,Bronze
102702,2026-05-17,P012,Yash,Fade,Haven,16,10,7,7,2551.0,19,Loss,Diamond
103449,2026-03-11,P008,Aditya,Reyna,Breeze,14,15,10,10,2578.0,26,Win,Gold
100331,2026-03-13,P014,Varun,Chamber,Breeze,19,19,9,6,3560.0,30,Loss,Gold
107172,2026-06-10,P009,Sahil,Jett,Haven,21,13,7,12,3259.0,22,Loss,Iron
108979,2026-07-19,P020,Harsh,Omen,Bind,3,17,6,1,386.0,30,Loss,Immortal
108288,2026-06-22,P014,Varun,Jett,Sunset,23,19,0,12,3547.0,28,Win,Silver
107209,2026-08-17,P011,Neeraj,Phoenix,Icebox,7,17,4,1,1164.0,21,Loss,Diamond
102459,2026-03-07,P007,Karan,Sova,Breeze,17,12,10,10,2905.0,20,Win,Gold
101774,2026-09-24,P018,Manish,Killjoy,Icebox,17,19,5,4,3196.0,19,Win,Gold
106628,2026-01-26,P014,Varun,Fade,Ascent,15,16,11,6,1617.0,27,Loss,Iron
107630,2026-06-16,P013,Ankit,Jett,Haven,7,13,1,3,616.0,19,Win,Gold
108021,2026-02-03,P004,Rohan,Sova,Icebox,17,11,4,10,1622.0,26,Loss,Diamond
102686,2026-05-21,P008,Aditya,Sova,Bind,16,10,12,2,2244.0,18,Loss,Ascendant
109166,2026-07-23,P020,Harsh,Viper,Breeze,5,16,0,2,611.0,25,Win,Ascendant
100989,2026-04-08,P015,Nikhil,Brimstone,Icebox,15,17,3,4,1715.0,26,Win,Platinum
107068,2026-01-11,P002,Rahul,Sage,Lotus,4,10,2,2,766.0,18,Loss,Gold
108366,2026-02-04,P007,Karan,Gekko,Sunset,19,19,6,6,2866.0,26,Win,Diamond
108076,2026-03-08,P020,Harsh,Cypher,Pearl,17,18,6,6,2866.0,18,Win,Gold
108569,2026-04-14,P014,Varun,Jett,Pearl,12,14,2,3,1538.0,27,Loss,Platinum
105806,2026-06-24,P014,Varun,Cypher,Haven,24,14,0,12,2760.0,21,Win,Silver
108752,2026-09-13,P001,Shubham,Jett,Sunset,15,19,9,3,2102.0,19,Loss,Diamond
109677,2026-02-17,P020,Harsh,Sova,Split,7,15,4,2,990.0,22,Win,Gold
106574,2026-01-21,P009,Sahil,Fade,Icebox,11,15,3,2,1192.0,28,Win,Iron
103052,2026-01-07,P007,Karan,Brimstone,Breeze,11,14,6,3,1892.0,24,Win,Iron
108656,2026-07-26,P017,Siddhant,Gekko,Lotus,24,14,4,8,2211.0,29,Loss,Platinum
105462,2026-02-14,P020,Harsh,Phoenix,Pearl,8,14,0,5,1061.0,28,Loss,Silver
100173,2026-04-12,P012,Yash,Sage,Sunset,11,18,9,7,1980.0,25,Win,Gold
104954,2026-09-22,P003,Amit,,Lotus,11,10,6,3,1876.0,28,Win,Gold
104615,2026-07-09,P019,Ritesh,Viper,Ascent,21,10,4,9,3490.0,19,Win,Gold
103321,2026-03-30,P013,Ankit,Gekko,Ascent,5,21,5,3,951.0,19,Loss,Silver
109810,2026-05-13,P007,Karan,Gekko,Split,8,15,6,1,1354.0,30,Loss,Silver
106246,2026-01-30,P008,Aditya,Viper,Icebox,12,13,9,3,1585.0,23,Win,Gold
106745,2026-01-16,P011,Neeraj,Sage,Bind,16,14,4,4,2265.0,23,Win,Platinum
103372,2026-05-25,P009,Sahil,Sova,Lotus,32,12,6,16,4703.0,18,Win,Ascendant
106048,2026-06-11,P013,Ankit,Jett,Sunset,3,13,5,1,586.0,19,Win,Gold
103311,2026-09-18,P013,Ankit,Cypher,Pearl,21,14,5,8,2891.0,22,Win,Ascendant
107450,2026-04-06,P010,Pratik,Cypher,Icebox,12,16,8,3,2060.0,19,Loss,Ascendant
108254,2026-09-28,P009,Sahil,Reyna,Ascent,25,12,0,6,3147.0,30,Loss,Platinum
107618,2026-05-23,P018,Manish,Reyna,Sunset,9,19,6,2,1221.0,28,Win,Ascendant
109396,2026-07-31,P009,Sahil,Omen,Ascent,25,20,4,10,3790.0,29,Loss,Diamond
108830,2026-02-24,P008,Aditya,Viper,Lotus,17,11,8,1,2435.0,20,Win,Platinum
104551,2026-06-03,P013,Ankit,Brimstone,Ascent,23,18,3,12,3468.0,23,Win,Diamond
104679,2026-08-05,P009,Sahil,Omen,Haven,20,21,13,8,2722.0,21,Win,Diamond
103403,2026-01-06,P016,Arjun,Gekko,Sunset,19,12,7,7,2497.0,26,Loss,Platinum
100018,2026-01-13,P018,Manish,Reyna,Breeze,21,14,9,12,3089.0,29,Win,Bronze
103691,2026-02-05,P004,Rohan,Cypher,Split,21,14,8,8,2908.0,28,Win,Gold
108673,2026-03-21,P012,Yash,Jett,Haven,13,11,8,4,1608.0,22,Win,Gold
104096,2026-09-29,P016,Arjun,Fade,Icebox,18,12,4,7,3116.0,19,Loss,Diamond
103628,2026-04-07,P003,Amit,Brimstone,Ascent,11,12,4,7,1529.0,18,Win,Silver
108881,2026-07-07,P011,Neeraj,Chamber,Split,26,16,0,8,3699.0,26,Win,Platinum
102174,2026-05-19,P007,Karan,Raze,Lotus,30,16,7,15,3992.0,25,Win,Gold
101356,2026-08-05,P008,Aditya,Gekko,Pearl,19,10,6,9,3471.0,23,Loss,Immortal
105002,2026-01-27,P007,Karan,Raze,Ascent,13,12,13,8,2538.0,22,Loss,Ascendant
107425,2026-03-02,P010,Pratik,Omen,Bind,6,10,5,4,1131.0,19,Loss,Platinum
106922,2026-03-18,P006,Vivek,Gekko,Pearl,16,21,2,9,2101.0,19,Loss,Platinum
105823,2026-02-14,P006,Vivek,Fade,Haven,3,14,5,1,562.0,24,Loss,Silver
109522,2026-04-05,P003,Amit,Fade,Bind,12,12,10,5,1631.0,25,Loss,Silver
105670,2026-09-14,P020,Harsh,Chamber,Lotus,32,12,7,13,4831.0,18,Win,Immortal
103112,2026-07-27,P003,Amit,Cypher,Haven,22,19,7,9,3007.0,26,Loss,Gold
100182,2026-02-24,P010,Pratik,Fade,Breeze,14,18,1,13,3286.0,25,Win,Platinum
103642,2026-04-22,P003,Amit,Killjoy,Haven,28,17,4,18,3276.0,23,Win,Gold
108876,2026-07-14,P001,Shubham,Omen,Sunset,13,15,2,7,1363.0,23,Win,Silver
101812,2026-02-23,P001,Shubham,Sova,Breeze,11,11,4,4,1542.0,28,Loss,Gold
107910,2026-03-06,P010,Pratik,Cypher,Ascent,22,17,5,10,3506.0,28,Loss,Immortal
108460,2026-06-15,P019,Ritesh,Cypher,Lotus,15,13,11,5,2462.0,22,Win,Gold
104912,2026-05-26,P005,Akash,Raze,Breeze,14,16,6,5,1293.0,20,Loss,Gold
105668,2026-07-26,P009,Sahil,Raze,Lotus,14,16,7,6,1545.0,18,Loss,Platinum
108561,2026-01-11,P002,Rahul,Brimstone,Icebox,23,11,7,11,3167.0,27,Loss,Ascendant
101800,2026-08-04,P018,Manish,Raze,Icebox,19,14,3,11,3329.0,27,Win,Ascendant
109270,2026-01-22,P017,Siddhant,Gekko,Pearl,30,7,9,6,4556.0,23,Loss,Ascendant
102429,2026-09-23,P016,Arjun,Raze,Split,7,19,4,2,1273.0,27,Loss,Gold
105482,2026-07-15,P005,Akash,Brimstone,Lotus,28,18,3,9,4718.0,25,Win,Gold
106761,2026-01-14,P019,Ritesh,Gekko,Ascent,10,12,8,6,1397.0,26,Win,Ascendant
109859,2026-08-07,P002,Rahul,Viper,Sunset,15,18,5,4,1701.0,29,Win,Platinum
109548,2026-01-10,P004,Rohan,Killjoy,Icebox,30,23,2,14,5567.0,26,Loss,Diamond
101968,2026-04-27,P013,Ankit,Raze,Ascent,16,17,4,8,2052.0,24,Win,Bronze
108555,2026-02-25,P006,Vivek,Sova,Split,11,16,7,3,1341.0,26,Win,Bronze
108176,2026-05-14,P011,Neeraj,Raze,Lotus,21,18,6,6,2956.0,29,Win,Silver
109312,2026-03-02,P012,Yash,Chamber,Bind,20,11,4,6,3443.0,24,Loss,Diamond
109412,2026-07-06,P007,Karan,Sova,Sunset,22,12,8,12,3786.0,27,Loss,Diamond
104987,2026-06-05,P007,Karan,,Lotus,5,10,11,2,948.0,25,Loss,Gold
109776,2026-06-28,P008,Aditya,Viper,Haven,20,20,0,8,2557.0,25,Win,Silver
104650,2026-07-21,P015,Nikhil,Viper,Pearl,15,14,5,8,2662.0,21,Loss,Platinum
101159,2026-08-20,P005,Akash,Omen,Sunset,14,20,3,6,1822.0,25,Loss,Silver
101213,2026-05-10,P007,Karan,Gekko,Haven,12,10,8,5,1757.0,18,Loss,Gold
108860,2026-07-01,P015,Nikhil,Viper,Split,11,10,2,1,2813.0,23,Win,Platinum
101325,2026-06-28,P010,Pratik,Sage,Pearl,8,12,8,5,1429.0,29,Loss,Iron
109130,2026-08-10,P014,Varun,Viper,Breeze,15,10,1,7,2486.0,25,Loss,Platinum
107614,2026-04-23,P019,Ritesh,Chamber,Breeze,4,12,9,2,613.0,21,Loss,Bronze
104796,2026-07-17,P007,Karan,Gekko,Haven,20,11,8,7,3578.0,21,Loss,Bronze
106796,2026-09-12,P004,Rohan,Sova,Sunset,13,13,3,7,1972.0,27,Loss,Platinum
105808,2026-06-06,P017,Siddhant,Chamber,Bind,5,9,8,2,960.0,22,Win,Platinum
105943,2026-06-08,P015,Nikhil,Chamber,Breeze,14,17,7,7,2442.0,29,Loss,Silver
109302,2026-02-15,P013,Ankit,Brimstone,Icebox,21,22,4,7,3690.0,20,Win,Diamond
108179,2026-07-03,P009,Sahil,Sage,Sunset,14,19,7,6,2305.0,22,Loss,Diamond
101455,2026-08-06,P012,Yash,Sova,Breeze,7,12,9,3,1138.0,27,Win,Diamond
105410,2026-04-09,P016,Arjun,Phoenix,Split,19,12,4,9,2315.0,23,Win,Platinum
107162,2026-02-15,P006,Vivek,Omen,Haven,20,19,7,9,2418.0,20,Win,Ascendant
108446,2026-08-16,P015,Nikhil,Brimstone,Haven,12,15,1,6,1845.0,27,Win,Diamond
104962,2026-08-08,P013,Ankit,Fade,Pearl,33,16,6,16,5951.0,24,Loss,Diamond
102800,2026-07-11,P003,Amit,Brimstone,Lotus,3,14,5,0,542.0,29,Loss,Gold
101644,2026-01-25,P008,Aditya,Sage,Pearl,26,11,9,14,4192.0,18,Win,Diamond
102140,2026-02-07,P003,Amit,Gekko,Bind,19,8,10,8,3243.0,27,Win,Gold
104536,2026-04-15,P005,Akash,Phoenix,Sunset,18,16,3,2,2583.0,23,Loss,Platinum
104457,2026-03-20,P019,Ritesh,Reyna,Sunset,28,12,5,16,4835.0,20,Win,Bronze
108970,2026-04-19,P018,Manish,Killjoy,Ascent,22,8,9,7,2782.0,27,Win,Bronze
105586,2026-07-24,P005,Akash,Reyna,Sunset,31,19,5,10,5158.0,29,Loss,Immortal
104378,2026-03-17,P004,Rohan,Phoenix,Haven,19,21,11,11,2620.0,25,Win,Diamond
100729,2026-06-03,P006,Vivek,Gekko,Breeze,30,22,4,11,5871.0,27,Win,Iron
104357,2026-04-21,P007,Karan,Omen,Haven,9,25,8,6,1498.0,23,Win,Diamond
109065,2026-03-09,P020,Harsh,Raze,Ascent,25,10,3,8,2749.0,30,Loss,Platinum
106716,2026-01-17,P016,Arjun,Raze,Lotus,10,17,6,5,1798.0,22,Win,Platinum
101936,2026-08-15,P004,Rohan,Sage,Pearl,24,17,9,5,3108.0,28,Loss,Platinum
103793,2026-08-12,P002,Rahul,Brimstone,Split,17,12,2,4,1998.0,29,Loss,Ascendant
103736,2026-08-04,P019,Ritesh,Brimstone,Haven,25,12,5,8,3019.0,21,Win,Gold
102261,2026-07-01,P009,Sahil,Killjoy,Lotus,8,13,7,4,1341.0,23,Win,Silver
104005,2026-03-27,P011,Neeraj,Chamber,Haven,24,8,9,11,3588.0,18,Win,Diamond
101110,2026-05-09,P008,Aditya,Gekko,Icebox,14,14,3,7,1863.0,21,Loss,Silver
109047,2026-01-12,P019,Ritesh,Killjoy,Breeze,15,14,3,3,2177.0,30,Loss,Platinum
105480,2026-04-26,P015,Nikhil,Fade,Sunset,22,10,4,11,3218.0,28,Win,Silver
102998,2026-02-13,P011,Neeraj,Sage,Pearl,15,14,1,1,2009.0,22,Win,Ascendant
102394,2026-01-04,P019,Ritesh,Cypher,Split,32,15,2,15,5323.0,22,Loss,Gold
101185,2026-03-09,P013,Ankit,Omen,Icebox,18,15,0,12,3218.0,18,Loss,Platinum
102007,2026-03-15,P010,Pratik,Fade,Haven,21,15,4,10,3151.0,18,Win,Diamond
100193,2026-01-07,P019,Ritesh,Reyna,Sunset,18,21,6,4,2060.0,25,Win,Ascendant
105611,2026-08-27,P019,Ritesh,Omen,Ascent,18,18,7,4,2438.0,21,Win,Platinum
102901,2026-04-27,P012,Yash,Gekko,Pearl,18,18,7,6,4053.0,24,Loss,Silver
100578,2026-04-05,P013,Ankit,Omen,Pearl,20,15,2,6,2124.0,28,Win,Platinum
106219,2026-06-05,P009,Sahil,Viper,Pearl,10,15,1,6,1614.0,24,Loss,Silver
105525,2026-02-24,P002,Rahul,Jett,Split,32,11,8,12,2925.0,20,Loss,Silver
100771,2026-02-04,P008,Aditya,Killjoy,Breeze,15,15,2,6,1840.0,26,Win,Bronze
107874,2026-06-05,P014,Varun,Viper,Sunset,20,12,9,7,3325.0,25,Loss,Platinum
102395,2026-03-11,P007,Karan,Sova,Lotus,11,15,5,5,1746.0,29,Win,Platinum
101478,2026-09-26,P008,Aditya,Chamber,Bind,21,10,10,8,3671.0,27,Win,Silver
101846,2026-07-30,P015,Nikhil,Brimstone,Icebox,17,22,7,9,3744.0,25,Loss,Ascendant
109127,2026-01-03,P019,Ritesh,Jett,Icebox,19,15,8,10,2514.0,22,Win,Platinum
104274,2026-06-01,P013,Ankit,Killjoy,Ascent,30,13,4,14,4102.0,28,Win,Platinum
103740,2026-06-02,P015,Nikhil,Omen,Lotus,24,16,7,7,3849.0,23,Loss,Bronze
104600,2026-08-31,P008,Aditya,Cypher,Split,19,16,3,5,2364.0,23,Loss,Silver
108122,2026-07-17,P006,Vivek,Jett,Sunset,23,13,9,11,3535.0,18,Win,Gold
107862,2026-05-05,P020,Harsh,Raze,Pearl,33,13,5,11,4511.0,26,Loss,Immortal
106676,2026-07-14,P007,Karan,Sage,Breeze,19,15,3,9,2890.0,23,Win,Bronze
106375,2026-03-12,P012,Yash,Phoenix,Breeze,23,28,5,10,2929.0,20,Loss,Gold
108159,2026-04-27,P007,Karan,Fade,Lotus,24,10,0,2,4530.0,21,Loss,Iron
109558,2026-06-26,P018,Manish,Reyna,Lotus,28,8,4,9,3888.0,19,Win,Iron
104915,2026-05-17,P009,Sahil,Reyna,Pearl,19,17,8,8,2855.0,26,Win,Diamond
102073,2026-01-06,P016,Arjun,Fade,Haven,17,8,1,5,2763.0,30,Loss,Platinum
104754,2026-07-20,P007,Karan,Gekko,Pearl,7,21,5,0,1141.0,25,Win,Platinum
101896,2026-03-16,P008,Aditya,Jett,Split,18,12,10,10,2453.0,28,Loss,Immortal
109939,2026-07-21,P018,Manish,Reyna,Icebox,3,17,3,1,497.0,21,Loss,Diamond
106702,2026-04-05,P003,Amit,Reyna,Bind,28,14,12,7,4681.0,22,Loss,Diamond
106317,2026-03-09,P009,Sahil,Chamber,Breeze,27,13,7,12,4591.0,29,Win,Silver
103659,2026-03-14,P020,Harsh,Fade,Lotus,26,15,2,15,1305.0,28,Win,Gold
106581,2026-04-23,P002,Rahul,Chamber,Icebox,9,10,4,1,1083.0,25,Loss,Bronze
102379,2026-04-14,P019,Ritesh,Jett,Split,23,12,6,14,3342.0,19,Win,Diamond
101447,2026-02-17,P001,Shubham,Chamber,Ascent,17,19,5,4,2056.0,29,Win,Diamond
100342,2026-07-25,P019,Ritesh,Chamber,Bind,7,12,5,2,1114.0,21,Loss,Gold
105127,2026-01-18,P015,Nikhil,Phoenix,Bind,8,19,5,2,1214.0,27,Loss,Gold
103136,2026-01-01,P016,Arjun,Jett,Sunset,26,19,7,8,3920.0,23,Win,Gold
102527,2026-09-03,P009,Sahil,Reyna,Pearl,20,17,3,5,2564.0,18,Win,Ascendant
100727,2026-09-05,P009,Sahil,Sage,Ascent,11,20,2,4,1821.0,24,Loss,Silver
104577,2026-09-20,P011,Neeraj,Viper,Pearl,3,20,7,2,602.0,26,Loss,Ascendant
100976,2026-08-12,P007,Karan,Raze,Split,13,14,5,6,1079.0,29,Win,Silver
108409,2026-07-27,P012,Yash,Sage,Breeze,19,12,6,7,2240.0,20,Loss,Diamond
105443,2026-07-10,P001,Shubham,Phoenix,Bind,12,15,4,8,1754.0,20,Loss,Gold
109053,2026-02-27,P003,Amit,Cypher,Lotus,9,17,8,5,1516.0,23,Win,Gold
103516,2026-08-13,P006,Vivek,Gekko,Icebox,12,12,6,3,1906.0,30,Loss,Diamond
109488,2026-08-29,P013,Ankit,Phoenix,Breeze,14,11,9,5,2649.0,19,Win,Gold
109807,2026-04-29,P015,Nikhil,Viper,Sunset,19,20,5,7,2498.0,18,Loss,Silver
103940,2026-07-21,P001,Shubham,Raze,Split,21,22,0,9,2825.0,18,Win,Platinum
101299,2026-02-01,P011,Neeraj,Chamber,Bind,9,16,5,5,1751.0,23,Win,Silver
109784,2026-05-13,P013,Ankit,Chamber,Bind,6,15,4,5,904.0,22,Win,Platinum
101348,2026-08-15,P004,Rohan,Viper,Bind,3,20,8,1,576.0,26,Win,Gold
100660,2026-04-14,P019,Ritesh,Brimstone,Haven,27,19,8,11,4472.0,21,Loss,Ascendant
105886,2026-05-08,P015,Nikhil,Killjoy,Pearl,13,12,3,2,1922.0,27,Loss,Silver
101492,2026-06-06,P013,Ankit,Killjoy,Ascent,32,22,7,16,4295.0,23,Win,Silver
109966,2026-01-13,P015,Nikhil,Brimstone,Sunset,13,7,4,5,2141.0,28,Win,Platinum
104589,2026-05-19,P003,Amit,Reyna,Sunset,7,11,10,3,1262.0,28,Win,Iron
109413,2026-09-03,P014,Varun,Viper,Sunset,15,16,5,1,2592.0,30,Win,Silver
105154,2026-05-12,P004,Rohan,Viper,Haven,26,15,9,9,2793.0,22,Loss,Silver
102315,2026-01-30,P004,Rohan,Brimstone,Bind,24,10,7,8,3666.0,26,Loss,Iron
109634,2026-09-27,P003,Amit,Brimstone,Bind,20,21,12,6,2847.0,24,Loss,Platinum
109597,2026-09-20,P020,Harsh,Cypher,Split,16,17,0,3,2416.0,28,Win,Platinum
107024,2026-02-03,P009,Sahil,Viper,Split,15,7,6,1,2499.0,29,Win,Ascendant
101085,2026-08-21,P005,Akash,Sova,Haven,27,20,6,9,4547.0,23,Loss,Ascendant
102524,2026-02-03,P013,Ankit,Reyna,Lotus,18,10,9,5,2977.0,27,Win,Gold
108495,2026-03-01,P009,Sahil,Brimstone,Split,18,24,5,5,2724.0,20,Loss,Platinum
105374,2026-04-11,P019,Ritesh,Killjoy,Bind,17,13,4,2,3247.0,24,Loss,Platinum
103198,2026-06-29,P018,Manish,Chamber,Bind,23,20,10,12,3771.0,26,Win,Bronze
105751,2026-04-03,P012,Yash,Sova,Ascent,10,14,13,2,1583.0,19,Loss,Silver
104008,2026-09-14,P016,Arjun,Reyna,Ascent,18,17,4,8,2504.0,22,Win,Immortal
105717,2026-02-20,P003,Amit,Reyna,Pearl,18,18,4,8,2888.0,25,Loss,Platinum
106657,2026-08-14,P012,Yash,Gekko,Lotus,14,9,2,6,2012.0,27,Win,Ascendant
109978,2026-02-22,P009,Sahil,Fade,Haven,18,14,4,7,2485.0,30,Win,Silver
108256,2026-03-12,P020,Harsh,Viper,Sunset,12,12,5,5,1757.0,29,Win,Gold
100067,2026-04-13,P018,Manish,Chamber,Lotus,12,16,14,6,1177.0,18,Loss,Diamond
107958,2026-06-19,P017,Siddhant,Viper,Ascent,33,9,5,12,4141.0,23,Win,Silver
100040,2026-09-14,P017,Siddhant,Phoenix,Lotus,14,17,2,6,1623.0,25,Loss,Iron
102269,2026-08-27,P003,Amit,Gekko,Pearl,18,17,6,2,2242.0,27,Win,Ascendant
102381,2026-04-05,P001,Shubham,Killjoy,Split,5,11,4,0,900.0,21,Loss,Platinum
107375,2026-08-02,P003,Amit,Killjoy,Breeze,23,10,4,7,2878.0,18,Loss,Silver
108857,2026-07-17,P019,Ritesh,Chamber,Lotus,14,11,3,4,1492.0,24,Loss,Bronze
104916,2026-04-27,P013,Ankit,Fade,Breeze,25,11,2,8,3202.0,29,Win,Immortal
105322,2026-09-01,P009,Sahil,Omen,Icebox,21,11,2,11,3192.0,26,Win,Silver
105773,2026-03-02,P003,Amit,Brimstone,Sunset,4,12,9,2,1123.0,30,Loss,Gold
106232,2026-06-25,P011,Neeraj,Fade,Pearl,17,20,10,6,3470.0,22,Loss,Platinum
106963,2026-06-16,P020,Harsh,Omen,Sunset,18,12,9,5,3567.0,26,Loss,Diamond
103447,2026-06-28,P009,Sahil,Viper,Icebox,18,13,5,11,2372.0,24,Win,Gold
106816,2026-06-22,P015,Nikhil,Jett,Icebox,17,17,10,8,3123.0,24,Loss,Bronze
102367,2026-08-12,P006,Vivek,Fade,Breeze,18,17,7,6,2733.0,26,Win,Immortal
107263,2026-04-09,P007,Karan,Killjoy,Haven,8,17,5,3,1326.0,19,Win,Diamond
108198,2026-01-21,P005,Akash,Sova,Bind,28,20,4,7,4648.0,19,Loss,Diamond
102512,2026-05-29,P004,Rohan,Fade,Pearl,12,11,8,5,1592.0,18,Loss,Silver
109639,2026-03-31,P011,Neeraj,Sova,Bind,17,10,12,4,1846.0,18,Win,Diamond
102723,2026-08-13,P015,Nikhil,Gekko,Ascent,17,11,1,7,1689.0,21,Loss,Diamond
105948,2026-05-17,P010,Pratik,Killjoy,Icebox,19,11,6,11,3171.0,23,Win,Platinum
109621,2026-01-31,P007,Karan,Phoenix,Icebox,16,15,10,5,2748.0,18,Loss,Gold
108596,2026-04-12,P005,Akash,Raze,Pearl,13,13,4,5,2072.0,19,Win,Diamond
101143,2026-08-09,P006,Vivek,Phoenix,Sunset,23,14,12,13,3688.0,23,Win,Platinum
109756,2026-09-15,P008,Aditya,Chamber,Icebox,19,13,6,10,2727.0,19,Win,Gold
107255,2026-04-10,P008,Aditya,Killjoy,Ascent,18,9,2,5,2678.0,19,Win,Gold
108310,2026-01-14,P001,Shubham,Sova,Bind,14,13,5,3,2401.0,25,Win,Immortal
109239,2026-01-01,P019,Ritesh,Sage,Bind,15,12,3,3,2684.0,18,Win,Bronze
104728,2026-01-15,P013,Ankit,Gekko,Icebox,9,21,7,5,2031.0,21,Win,Immortal
105494,2026-06-09,P008,Aditya,Cypher,Lotus,24,13,8,6,4716.0,23,Loss,Gold
105755,2026-03-08,P016,Arjun,Sage,Pearl,16,13,9,6,2708.0,29,Loss,Silver
107596,2026-08-19,P007,Karan,Sage,Ascent,3,16,9,1,514.0,22,Loss,Bronze
103789,2026-03-05,P014,Varun,Raze,Haven,17,14,8,12,3332.0,27,Win,Iron
102220,2026-07-10,P009,Sahil,Fade,Icebox,30,16,10,18,2825.0,25,Win,Gold
105075,2026-06-18,P005,Akash,Gekko,Icebox,26,11,1,12,2598.0,23,Loss,Gold
102331,2026-08-13,P016,Arjun,Sova,Sunset,13,13,9,2,1650.0,20,Loss,Immortal
105394,2026-09-29,P014,Varun,Brimstone,Haven,29,13,8,20,5008.0,25,Win,Diamond
108398,2026-04-24,P008,Aditya,Gekko,Haven,36,26,3,16,5093.0,23,Loss,Silver
108102,2026-03-08,P004,Rohan,Sage,Sunset,13,17,9,9,1611.0,29,Loss,Silver
107090,2026-02-06,P017,Siddhant,Brimstone,Sunset,19,16,1,10,3264.0,23,Win,Diamond
109355,2026-05-09,P011,Neeraj,Gekko,Sunset,18,13,9,9,2921.0,25,Win,Gold
104088,2026-07-30,P002,Rahul,Chamber,Haven,4,12,3,2,823.0,29,Loss,Ascendant
101967,2026-07-17,P004,Rohan,Chamber,Breeze,28,17,6,12,2459.0,27,Win,Immortal
109008,2026-05-19,P008,Aditya,Chamber,Breeze,17,10,4,10,2832.0,28,Win,Platinum
108819,2026-04-24,P007,Karan,Sage,Bind,20,15,0,5,3408.0,19,Loss,Gold
106757,2026-01-14,P012,Yash,Fade,Pearl,19,9,9,10,2114.0,20,Loss,Bronze
109606,2026-06-01,P011,Neeraj,Fade,Breeze,30,11,6,17,4617.0,22,Loss,Silver
104365,2026-09-30,P009,Sahil,Raze,Sunset,7,12,6,2,1175.0,20,Loss,Gold
106999,2026-08-10,P001,Shubham,Cypher,Pearl,27,4,7,11,3405.0,18,Win,Silver
100423,2026-05-21,P004,Rohan,Fade,Pearl,29,17,6,12,4405.0,24,Loss,Diamond
100280,2026-09-04,P007,Karan,Reyna,Icebox,31,11,3,7,5297.0,30,Win,Silver
101904,2026-01-30,P014,Varun,Chamber,Pearl,17,21,10,5,3060.0,20,Win,Ascendant
100595,2026-08-06,P020,Harsh,Omen,Sunset,15,21,4,7,2312.0,20,Loss,Diamond
108598,2026-07-09,P001,Shubham,Gekko,Split,21,14,0,12,3373.0,23,Win,Platinum
103917,2026-08-17,P013,Ankit,Killjoy,Bind,16,9,2,4,2256.0,25,Win,Platinum
106142,2026-06-01,P002,Rahul,Chamber,Split,22,19,7,11,4574.0,22,Loss,Silver
105661,2026-06-19,P014,Varun,Killjoy,Breeze,20,11,5,5,3343.0,18,Win,Ascendant
105778,2026-03-06,P012,Yash,Brimstone,Lotus,5,14,6,1,735.0,25,Loss,Bronze
103618,2026-07-14,P011,Neeraj,Sage,Breeze,8,21,7,3,,20,Loss,Gold
106845,2026-07-27,P020,Harsh,Killjoy,Ascent,22,16,1,14,3093.0,28,Win,Ascendant
100839,2026-05-03,P002,Rahul,Fade,Breeze,7,13,8,3,1111.0,30,Win,Silver
104596,2026-05-01,P005,Akash,Raze,Icebox,6,9,6,4,996.0,26,Win,Immortal
107530,2026-06-16,P019,Ritesh,Sage,Pearl,26,15,12,13,4600.0,20,Win,Ascendant
100141,2026-04-25,P009,Sahil,Omen,Bind,15,19,2,4,1783.0,18,Win,Diamond
102597,2026-08-07,P001,Shubham,Sage,Icebox,18,13,10,9,2400.0,30,Win,Diamond
106701,2026-04-28,P014,Varun,Cypher,Lotus,23,21,7,7,3198.0,23,Loss,Platinum
107791,2026-01-23,P016,Arjun,Raze,Ascent,18,6,3,6,2384.0,27,Win,Platinum
101377,2026-05-19,P005,Akash,Reyna,Split,20,17,3,9,2749.0,29,Win,Gold
103674,2026-02-24,P020,Harsh,Sage,Split,16,11,0,6,2761.0,21,Loss,Silver
108789,2026-01-29,P004,Rohan,Chamber,Breeze,30,18,3,16,4092.0,28,Loss,Iron
109915,2026-03-03,P012,Yash,Brimstone,Sunset,12,14,7,4,1654.0,24,Loss,Platinum
106362,2026-02-13,P018,Manish,Omen,Pearl,18,23,9,5,2176.0,30,Loss,Platinum
104741,2026-03-30,P011,Neeraj,Chamber,Ascent,25,16,1,4,3905.0,22,Win,Bronze
103808,2026-01-16,P015,Nikhil,Reyna,Pearl,20,20,8,12,2925.0,27,Loss,Ascendant
101138,2026-05-14,P005,Akash,Sage,Split,21,11,3,10,3859.0,19,Win,Diamond
102257,2026-06-09,P005,Akash,Omen,Sunset,12,13,6,4,2225.0,30,Win,Bronze
107900,2026-07-30,P012,Yash,Cypher,Sunset,21,17,4,5,3001.0,19,Loss,Gold
101787,2026-05-24,P009,Sahil,Phoenix,Pearl,8,10,5,4,1245.0,19,Loss,Silver
103938,2026-01-18,P017,Siddhant,Phoenix,Breeze,30,11,6,16,4740.0,29,Loss,Platinum
107936,2026-08-02,P020,Harsh,Chamber,Split,16,16,1,4,2568.0,22,Win,Gold
104646,2026-08-26,P008,Aditya,Reyna,Breeze,19,12,8,9,2927.0,23,Win,Silver
100459,2026-01-14,P016,Arjun,Jett,Bind,31,13,3,11,3285.0,18,Loss,Platinum
106115,2026-07-11,P008,Aditya,Omen,Pearl,25,12,8,2,3678.0,29,Loss,Silver
109562,2026-01-02,P012,Yash,Gekko,Pearl,18,11,11,12,3095.0,21,Win,Gold
100948,2026-07-19,P019,Ritesh,Viper,Icebox,19,19,9,6,3604.0,22,Win,Diamond
103700,2026-01-23,P006,Vivek,Fade,Breeze,21,15,5,9,3475.0,23,Win,Platinum
101336,2026-07-05,P001,Shubham,Reyna,Lotus,11,18,4,8,1541.0,24,Loss,Gold
106370,2026-04-08,P018,Manish,Jett,Icebox,22,21,6,10,3981.0,30,Win,Bronze
104628,2026-06-30,P006,Vivek,Viper,Lotus,11,19,6,5,2036.0,30,Loss,Platinum
106286,2026-03-22,P014,Varun,Killjoy,Split,9,18,7,3,1429.0,26,Loss,Platinum
105925,2026-05-05,P011,Neeraj,Phoenix,Bind,9,12,0,1,1342.0,27,Loss,Diamond
105934,2026-03-12,P005,Akash,Brimstone,Lotus,25,15,9,14,3999.0,20,Win,Platinum
106040,2026-07-13,P015,Nikhil,Sova,Haven,17,17,4,3,2157.0,29,Loss,Diamond
100441,2026-04-11,P019,Ritesh,Cypher,Icebox,16,12,2,7,1912.0,30,Loss,Ascendant
106659,2026-01-07,P006,Vivek,Fade,Split,21,18,2,13,2529.0,24,Win,Gold
101602,2026-05-16,P003,Amit,Viper,Ascent,16,11,4,4,2216.0,30,Win,Platinum
102238,2026-06-30,P011,Neeraj,Killjoy,Bind,8,11,3,5,1296.0,21,Loss,Gold
100639,2026-09-19,P005,Akash,Sage,Pearl,13,16,7,6,1748.0,21,Win,Gold
109840,2026-08-02,P004,Rohan,Fade,Breeze,14,15,7,9,2339.0,24,Win,Platinum
103830,2026-07-07,P008,Aditya,Fade,Pearl,18,14,3,12,2981.0,24,Loss,Immortal
109414,2026-08-31,P009,Sahil,Viper,Icebox,21,18,8,16,2854.0,23,Win,Silver
106144,2026-09-22,P018,Manish,Killjoy,Sunset,16,13,10,9,2640.0,21,Loss,Platinum
108020,2026-05-13,P019,Ritesh,Fade,Haven,34,14,7,15,5197.0,30,Win,Silver
109071,2026-07-24,P005,Akash,Chamber,Pearl,18,15,6,12,2064.0,28,Loss,Bronze
106344,2026-04-23,P017,Siddhant,Killjoy,Lotus,15,18,2,11,2433.0,28,Loss,Immortal
102501,2026-06-28,P015,Nikhil,Reyna,Sunset,21,16,8,14,4299.0,20,Win,Gold
101958,2026-05-07,P013,Ankit,Cypher,Breeze,17,15,8,4,2475.0,30,Win,Bronze
101070,2026-09-25,P011,Neeraj,Raze,Split,13,15,6,6,1557.0,28,Win,Gold
100155,2026-03-05,P015,Nikhil,Brimstone,Ascent,28,14,12,6,4335.0,22,Win,Bronze
102295,2026-01-01,P011,Neeraj,Sova,Sunset,12,7,8,3,1773.0,25,Loss,Gold
107812,2026-05-26,P012,Yash,Jett,Haven,12,14,1,1,1774.0,28,Win,Gold
104578,2026-03-23,P003,Amit,Killjoy,Breeze,3,17,7,2,452.0,28,Win,Silver
101089,2026-05-24,P012,Yash,Omen,Ascent,17,17,7,3,2509.0,22,Loss,Diamond
106049,2026-02-15,P009,Sahil,Killjoy,Pearl,16,16,5,3,2750.0,20,Loss,Diamond
106415,2026-01-30,P017,Siddhant,Gekko,Icebox,20,13,8,8,2773.0,23,Loss,Gold
102940,2026-05-09,P006,Vivek,Sage,Icebox,17,14,3,5,2761.0,26,Loss,Bronze
100723,2026-07-17,P009,Sahil,Phoenix,Lotus,26,12,7,18,3863.0,21,Win,Bronze
104384,2026-07-04,P006,Vivek,Chamber,Sunset,23,12,4,10,2126.0,30,Loss,Ascendant
100930,2026-06-24,P015,Nikhil,Sova,Split,13,8,8,5,2272.0,23,Loss,Ascendant
102909,2026-01-07,P017,Siddhant,Raze,Pearl,19,20,3,5,2929.0,18,Win,Silver
107880,2026-06-01,P008,Aditya,Chamber,Haven,6,12,3,2,961.0,29,Win,Immortal
106763,2026-07-02,P007,Karan,Sova,Breeze,14,12,3,6,2218.0,28,Win,Platinum
108406,2026-03-19,P011,Neeraj,Omen,Split,33,14,5,13,4662.0,30,Win,Silver
106416,2026-09-17,P010,Pratik,Fade,Ascent,12,13,6,3,1781.0,21,Win,Bronze
100895,2026-07-05,P002,Rahul,Omen,Pearl,29,9,2,18,4226.0,29,Win,Silver
103247,2026-03-08,P017,Siddhant,Viper,Bind,18,11,10,8,2756.0,19,Win,Platinum
102326,2026-03-17,P020,Harsh,Phoenix,Icebox,4,14,6,1,767.0,24,Loss,Diamond
107096,2026-09-25,P016,Arjun,Omen,Breeze,7,14,8,3,1010.0,25,Win,Ascendant
108611,2026-09-25,P011,Neeraj,Fade,Lotus,19,19,2,8,2940.0,24,Win,Gold
107615,2026-08-07,P011,Neeraj,Reyna,Haven,15,11,8,12,2641.0,24,Loss,Bronze
109911,2026-03-15,P007,Karan,Phoenix,Split,15,5,3,3,2404.0,18,Loss,Gold
105038,2026-05-25,P013,Ankit,Viper,Icebox,10,13,3,2,1434.0,29,Win,Diamond
106450,2026-04-30,P011,Neeraj,Cypher,Pearl,13,15,4,3,1607.0,22,Win,Silver
104136,2026-05-24,P010,Pratik,Sova,Split,23,19,10,10,4844.0,25,Loss,Ascendant
109267,2026-08-06,P015,Nikhil,Cypher,Icebox,8,12,4,2,612.0,24,Loss,Silver
101715,2026-02-04,P005,Akash,Killjoy,Split,17,17,1,9,2732.0,26,Win,Immortal
101698,2026-04-27,P012,Yash,Reyna,Ascent,16,10,10,8,2621.0,23,Win,Platinum
109710,2026-05-22,P005,Akash,Killjoy,Icebox,11,11,4,3,1757.0,18,Win,Platinum
109569,2026-01-20,P017,Siddhant,Brimstone,Bind,12,12,7,5,2078.0,22,Win,Silver
109991,2026-02-21,P015,Nikhil,Omen,Breeze,15,23,0,8,2948.0,23,Loss,Iron
108242,2026-03-21,P011,Neeraj,Fade,Split,30,16,5,13,6127.0,29,Win,Immortal
103831,2026-07-07,P020,Harsh,Jett,Icebox,13,14,7,6,1596.0,21,Loss,Diamond
106299,2026-05-09,P018,Manish,Phoenix,Split,12,14,5,2,1769.0,23,Loss,Bronze
103348,2026-07-05,P006,Vivek,Killjoy,Bind,9,12,1,4,1624.0,26,Loss,Bronze
109538,2026-09-26,P012,Yash,Phoenix,Icebox,14,13,8,3,1945.0,18,Loss,Silver
100985,2026-09-23,P014,Varun,Cypher,Lotus,20,18,5,12,2978.0,27,Win,Platinum
101821,2026-01-02,P001,Shubham,Chamber,Split,11,15,3,4,1928.0,21,Win,Immortal
104571,2026-08-21,P002,Rahul,Omen,Icebox,25,14,6,12,,26,Win,Immortal
100587,2026-06-17,P011,Neeraj,Sova,Icebox,18,11,6,6,3238.0,24,Win,Diamond
109777,2026-05-27,P011,Neeraj,Cypher,Breeze,22,14,7,7,1962.0,29,Loss,Immortal
105077,2026-02-23,P014,Varun,Raze,Breeze,21,16,5,11,3126.0,22,Win,Gold
107817,2026-01-08,P005,Akash,Gekko,Breeze,24,15,9,3,2906.0,25,Win,Platinum
108341,2026-06-02,P004,Rohan,Gekko,Split,3,15,13,1,816.0,23,Win,Gold
109542,2026-02-10,P004,Rohan,Chamber,Haven,13,16,5,4,2109.0,25,Win,Bronze
109987,2026-02-17,P010,Pratik,Reyna,Split,17,19,5,10,2857.0,18,Loss,Gold
105483,2026-06-28,P005,Akash,Chamber,Pearl,19,12,8,5,3295.0,22,Loss,Platinum
107781,2026-02-16,P009,Sahil,Fade,Breeze,4,16,6,1,779.0,26,Loss,Bronze
109299,2026-09-14,P016,Arjun,Sage,Sunset,10,10,4,4,1561.0,19,Win,Gold
105514,2026-04-29,P019,Ritesh,Gekko,Lotus,18,16,6,7,2069.0,23,Win,Platinum
107621,2026-01-31,P017,Siddhant,Phoenix,Pearl,13,11,6,9,1736.0,19,Loss,Gold
108890,2026-05-22,P010,Pratik,Raze,Breeze,19,15,9,6,2982.0,23,Loss,Diamond
105553,2026-04-08,P007,Karan,Sova,Lotus,12,12,8,5,1657.0,24,Win,Platinum
103557,2026-09-20,P003,Amit,Chamber,Bind,16,9,5,6,2066.0,24,Loss,Silver
101395,2026-08-09,P015,Nikhil,Jett,Lotus,26,11,1,7,3391.0,26,Win,Ascendant
100264,2026-02-11,P010,Pratik,Cypher,Ascent,20,16,3,12,3048.0,22,Win,Silver
103547,2026-07-24,P001,Shubham,Brimstone,Pearl,22,16,5,9,3121.0,20,Win,Gold
106844,2026-03-13,P008,Aditya,Raze,Split,9,15,6,3,1891.0,19,Win,Iron
107662,2026-04-07,P019,Ritesh,Fade,Bind,26,17,4,14,3115.0,22,Win,Iron
106788,2026-01-25,P001,Shubham,Sage,Bind,21,13,4,8,3188.0,23,Win,Bronze
103069,2026-09-28,P003,Amit,Killjoy,Breeze,3,12,3,3,655.0,19,Win,Platinum
105025,2026-06-22,P011,Neeraj,Viper,Breeze,21,11,8,15,2727.0,19,Loss,Ascendant
108414,2026-07-27,P007,Karan,Reyna,Lotus,20,16,7,7,2558.0,19,Win,Platinum
103864,2026-01-02,P004,Rohan,Raze,Split,20,18,0,10,3341.0,25,Win,Iron
109286,2026-02-03,P019,Ritesh,Jett,Icebox,22,14,8,9,2329.0,28,Win,Gold
102400,2026-07-04,P017,Siddhant,Brimstone,Breeze,12,23,2,5,1901.0,23,Win,Silver
106274,2026-06-30,P005,Akash,Gekko,Lotus,15,13,6,3,2212.0,18,Loss,Diamond
108769,2026-06-12,P007,Karan,Phoenix,Sunset,20,14,9,15,3020.0,22,Win,Gold
103711,2026-02-07,P008,Aditya,Jett,Pearl,16,17,4,5,2167.0,21,Win,Platinum
100246,2026-02-09,P020,Harsh,Reyna,Ascent,4,15,9,3,470.0,22,Win,Diamond
101594,2026-03-11,P018,Manish,Cypher,Haven,6,13,7,0,1157.0,18,Loss,Iron
109702,2026-06-16,P011,Neeraj,Sage,Split,19,15,7,10,3047.0,23,Loss,Bronze
101529,2026-04-16,P018,Manish,Omen,Haven,9,14,5,5,1425.0,23,Win,Bronze
108241,2026-08-23,P008,Aditya,Brimstone,Bind,17,10,2,7,2374.0,21,Loss,Bronze
100923,2026-09-09,P007,Karan,Raze,Icebox,27,17,5,17,4158.0,26,Win,Bronze
109547,2026-04-04,P012,Yash,Gekko,Icebox,21,12,6,9,2778.0,29,Loss,Immortal
104364,2026-01-11,P003,Amit,Fade,Sunset,11,10,8,6,2062.0,25,Win,Bronze
100669,2026-09-27,P002,Rahul,Cypher,Breeze,24,14,3,8,4657.0,19,Loss,Silver
103604,2026-04-08,P011,Neeraj,Fade,Breeze,23,15,1,9,3401.0,19,Win,Ascendant
105108,2026-07-18,P008,Aditya,Sage,Split,9,15,9,3,1428.0,20,Win,Diamond
101910,2026-01-10,P003,Amit,Chamber,Haven,27,13,8,11,5224.0,26,Win,Gold
107276,2026-06-21,P009,Sahil,Viper,Split,19,18,6,7,2689.0,27,Loss,Diamond
108362,2026-07-31,P003,Amit,Jett,Breeze,20,15,8,9,3535.0,20,Loss,Ascendant
105248,2026-09-02,P005,Akash,Raze,Lotus,13,16,2,4,2113.0,21,Loss,Gold
107183,2026-05-24,P013,Ankit,Killjoy,Lotus,14,15,6,5,2733.0,26,Loss,Silver
103958,2026-02-12,P003,Amit,Sova,Split,18,16,2,12,3054.0,29,Loss,Diamond
106957,2026-09-19,P007,Karan,Gekko,Lotus,12,18,0,2,2007.0,30,Loss,Diamond
106026,2026-07-29,P020,Harsh,Gekko,Sunset,4,12,7,2,714.0,25,Loss,Gold
105643,2026-05-15,P016,Arjun,Cypher,Split,3,13,5,2,561.0,29,Win,Diamond
102696,2026-05-01,P019,Ritesh,Sage,Split,18,11,7,4,1710.0,20,Win,Bronze
102591,2026-01-02,P003,Amit,Fade,Pearl,21,13,6,4,2713.0,28,Win,Bronze
105906,2026-05-31,P013,Ankit,Brimstone,Split,15,16,4,5,2299.0,28,Loss,Diamond
101781,2026-01-31,P003,Amit,Viper,Lotus,18,16,6,8,3516.0,19,Win,Gold
106509,2026-02-16,P015,Nikhil,Omen,Bind,13,17,4,4,1543.0,20,Win,Silver
103013,2026-01-03,P013,Ankit,Omen,Pearl,21,13,11,11,2813.0,30,Win,Silver
107133,2026-03-09,P013,Ankit,Phoenix,Pearl,31,15,6,8,3543.0,21,Win,Gold
102307,2026-08-02,P001,Shubham,Chamber,Bind,7,19,6,3,1407.0,20,Loss,Gold
107310,2026-01-04,P018,Manish,Brimstone,Breeze,23,16,5,13,3303.0,27,Win,Gold
103690,2026-05-28,P005,Akash,Phoenix,Lotus,19,19,5,8,2303.0,19,Win,Ascendant
100687,2026-09-15,P015,Nikhil,Sage,Sunset,23,23,8,8,3526.0,21,Loss,Silver
106011,2026-03-26,P015,Nikhil,Phoenix,Lotus,25,13,2,13,4003.0,24,Loss,Silver
107071,2026-09-09,P002,Rahul,Sage,Lotus,15,12,3,5,2537.0,18,Loss,Iron
100612,2026-07-04,P007,Karan,Brimstone,Pearl,16,15,5,6,2267.0,28,Loss,Iron
107167,2026-01-06,P010,Pratik,Omen,Icebox,15,18,10,3,2211.0,29,Win,Gold
107675,2026-04-27,P013,Ankit,Reyna,Haven,27,7,3,15,3663.0,28,Win,Gold
103200,2026-01-14,P009,Sahil,Phoenix,Bind,12,12,9,4,1539.0,22,Win,Ascendant
102267,2026-01-30,P002,Rahul,Chamber,Haven,10,15,4,8,1801.0,24,Loss,Diamond
109801,2026-07-06,P016,Arjun,Raze,Icebox,16,9,5,6,2229.0,20,Loss,Gold
106629,2026-08-11,P007,Karan,Brimstone,Breeze,20,15,3,10,2920.0,18,Loss,Silver
104135,2026-02-12,P005,Akash,Jett,Haven,28,12,7,11,5128.0,19,Win,Silver
101898,2026-04-06,P015,Nikhil,Sage,Ascent,6,16,3,4,954.0,24,Win,Platinum
109550,2026-09-28,P005,Akash,Phoenix,Lotus,20,13,10,6,2305.0,29,Win,Silver
107752,2026-08-12,P005,Akash,Gekko,Ascent,14,14,5,7,2314.0,28,Win,Gold
100258,2026-04-28,P005,Akash,Phoenix,Lotus,11,15,2,7,1961.0,30,Win,Platinum
102924,2026-09-06,P013,Ankit,Raze,Bind,23,18,5,15,3072.0,18,Win,Diamond
109443,2026-04-03,P009,Sahil,Killjoy,Ascent,7,17,7,3,1184.0,28,Loss,Iron
104943,2026-06-16,P009,Sahil,Sova,Ascent,23,11,7,10,4282.0,29,Win,Bronze
102822,2026-05-10,P016,Arjun,Omen,Breeze,12,14,8,3,1892.0,18,Loss,Silver
106529,2026-02-19,P007,Karan,Phoenix,Ascent,20,12,4,14,3493.0,24,Win,Silver
103339,2026-01-12,P017,Siddhant,Gekko,Lotus,21,11,4,2,2897.0,30,Win,Silver
103525,2026-03-24,P010,Pratik,Gekko,Lotus,12,8,7,4,1639.0,29,Loss,Platinum
104563,2026-05-12,P017,Siddhant,Raze,Icebox,21,15,8,7,4953.0,27,Win,Platinum
109676,2026-03-24,P020,Harsh,Sage,Haven,26,12,10,12,3811.0,20,Win,Diamond
109213,2026-07-09,P017,Siddhant,Omen,Ascent,20,16,1,3,2629.0,21,Win,Platinum
105329,2026-07-22,P011,Neeraj,Viper,Sunset,20,17,4,9,3729.0,20,Loss,Silver
105223,2026-07-19,P014,Varun,Cypher,Bind,19,16,6,11,2716.0,27,Win,Bronze
102285,2026-01-10,P015,Nikhil,Viper,Pearl,15,15,12,7,2722.0,26,Win,Gold
106063,2026-02-22,P011,Neeraj,Fade,Sunset,3,14,4,3,460.0,18,Win,Silver
104654,2026-06-10,P015,Nikhil,Chamber,Ascent,12,15,2,6,2172.0,21,Loss,Gold
105000,2026-02-05,P013,Ankit,Phoenix,Haven,21,23,5,9,1550.0,27,Win,Diamond
106710,2026-01-04,P017,Siddhant,Gekko,Pearl,26,12,10,15,4021.0,19,Win,Gold
109343,2026-05-02,P011,Neeraj,Killjoy,Lotus,21,12,6,11,3328.0,19,Win,Silver
100484,2026-04-10,P019,Ritesh,Gekko,Pearl,29,20,5,14,4731.0,30,Win,Diamond
102211,2026-01-09,P008,Aditya,Fade,Pearl,14,16,5,4,2559.0,19,Win,Bronze
105416,2026-07-06,P008,Aditya,Chamber,Sunset,9,14,7,4,1668.0,30,Loss,Silver
107597,2026-09-10,P003,Amit,Chamber,Icebox,17,13,12,6,2930.0,23,Win,Gold
102555,2026-05-10,P007,Karan,Sage,Sunset,22,16,5,7,2773.0,23,Win,Bronze
100007,2026-01-13,P007,Karan,Gekko,Lotus,24,11,6,10,3740.0,24,Loss,Ascendant
103657,2026-05-25,P011,Neeraj,Gekko,Pearl,20,15,6,7,3039.0,22,Win,Bronze
106411,2026-01-01,P007,Karan,Cypher,Icebox,13,16,0,2,2600.0,24,Loss,Silver
109643,2026-01-17,P005,Akash,Gekko,Breeze,15,6,8,4,2496.0,20,Win,Platinum
104874,2026-06-08,P004,Rohan,Gekko,Breeze,14,20,7,6,2789.0,25,Win,Gold
104402,2026-04-11,P013,Ankit,Viper,Icebox,22,13,6,9,3468.0,29,Win,Platinum
108935,2026-06-25,P016,Arjun,Sage,Icebox,24,11,0,7,4269.0,25,Loss,Gold
105546,2026-02-12,P013,Ankit,Gekko,Sunset,4,15,8,2,935.0,30,Win,Platinum
105297,2026-06-02,P011,Neeraj,Viper,Bind,3,16,0,1,363.0,25,Win,Gold
102426,2026-01-15,P020,Harsh,Omen,Icebox,19,18,4,9,1900.0,30,Win,Platinum
106744,2026-04-19,P018,Manish,Reyna,Icebox,16,17,2,10,1598.0,25,Win,Gold
101814,2026-04-28,P014,Varun,Raze,Breeze,21,12,3,5,3360.0,19,Loss,Bronze
106822,2026-07-07,P010,Pratik,Gekko,Haven,22,8,6,6,3014.0,24,Win,Platinum
109645,2026-08-13,P002,Rahul,Brimstone,Split,16,16,7,9,2703.0,23,Win,Platinum
102274,2026-07-22,P019,Ritesh,Jett,Ascent,3,14,7,1,601.0,19,Win,Ascendant
101011,2026-02-26,P010,Pratik,Phoenix,Haven,30,14,5,11,2503.0,27,Loss,Bronze
101577,2026-05-17,P003,Amit,Phoenix,Bind,18,13,5,2,3392.0,26,Loss,Gold
107264,2026-06-17,P018,Manish,Fade,Ascent,17,16,8,9,2096.0,21,Loss,Gold
101067,2026-02-07,P006,Vivek,Phoenix,Haven,27,12,3,8,4363.0,28,Win,Platinum
101991,2026-05-16,P010,Pratik,Viper,Lotus,12,13,2,2,2356.0,24,Win,Diamond
103970,2026-08-16,P014,Varun,Sova,Lotus,12,10,4,4,2058.0,25,Loss,Gold
109092,2026-02-04,P004,Rohan,Gekko,Lotus,12,14,2,7,1428.0,22,Win,Platinum
105879,2026-05-20,P020,Harsh,Phoenix,Lotus,12,11,5,5,1562.0,20,Win,Platinum
108448,2026-02-28,P017,Siddhant,Killjoy,Bind,11,9,9,4,1286.0,19,Win,Ascendant
104542,2026-09-19,P009,Sahil,Killjoy,Pearl,14,6,8,4,2034.0,20,Loss,Gold
109345,2026-04-18,P019,Ritesh,Killjoy,Sunset,8,11,8,2,1450.0,22,Win,Silver
107193,2026-01-11,P005,Akash,Sage,Lotus,22,20,8,8,4674.0,26,Loss,Silver
103867,2026-09-19,P015,Nikhil,Reyna,Lotus,13,12,3,4,1821.0,29,Loss,Silver
109434,2026-05-12,P010,Pratik,Cypher,Icebox,23,13,6,2,3497.0,25,Win,Diamond
106823,2026-09-11,P002,Rahul,Killjoy,Icebox,11,9,6,4,2028.0,23,Loss,Platinum
103048,2026-02-15,P008,Aditya,Raze,Split,3,10,5,1,558.0,23,Win,Gold
100781,2026-07-01,P009,Sahil,Gekko,Breeze,10,15,4,2,1426.0,27,Win,Diamond
106747,2026-06-10,P015,Nikhil,Jett,Pearl,24,10,0,10,2587.0,21,Loss,Diamond
102675,2026-01-30,P007,Karan,Brimstone,Haven,20,9,1,8,3273.0,29,Win,Diamond
101749,2026-09-23,P011,Neeraj,Brimstone,Haven,15,13,9,4,2090.0,25,Win,Platinum
106222,2026-01-16,P006,Vivek,Killjoy,Pearl,4,13,1,4,434.0,29,Loss,Platinum
107981,2026-03-29,P009,Sahil,Sage,Pearl,8,23,7,7,818.0,26,Win,Bronze
102791,2026-05-21,P009,Sahil,Jett,Split,23,15,3,8,2827.0,26,Win,Gold
106519,2026-04-18,P013,Ankit,Raze,Split,24,15,2,8,3407.0,27,Loss,Bronze
105774,2026-03-26,P012,Yash,Raze,Sunset,18,13,8,6,3081.0,22,Win,Ascendant
106357,2026-09-18,P014,Varun,Chamber,Ascent,19,16,12,8,2441.0,19,Loss,Iron
104979,2026-02-14,P016,Arjun,Sage,Bind,24,13,2,9,3663.0,28,Win,Diamond
108255,2026-02-17,P004,Rohan,Cypher,Sunset,8,7,2,5,1122.0,18,Win,Silver
101091,2026-02-27,P003,Amit,Jett,Ascent,24,16,5,8,3043.0,25,Win,Ascendant
106526,2026-04-07,P007,Karan,Reyna,Ascent,22,20,1,6,2627.0,27,Loss,Gold
108326,2026-02-22,P007,Karan,Omen,Pearl,16,12,4,2,2743.0,26,Loss,Silver
104627,2026-04-04,P015,Nikhil,Fade,Split,28,25,7,16,3833.0,27,Loss,Bronze
102324,2026-03-30,P005,Akash,Viper,Bind,26,13,4,15,3949.0,25,Loss,Bronze
106534,2026-04-21,P014,Varun,Brimstone,Sunset,13,16,6,6,1997.0,26,Loss,Diamond
108990,2026-05-15,P002,Rahul,Viper,Ascent,8,15,4,4,1394.0,26,Win,Gold
105055,2026-04-16,P014,Varun,Fade,Haven,10,19,0,2,1766.0,25,Loss,Bronze
102608,2026-05-21,P005,Akash,Phoenix,Pearl,18,8,10,9,2775.0,26,Loss,Silver
109039,2026-05-08,P019,Ritesh,Gekko,Icebox,16,11,3,3,1847.0,28,Win,Ascendant
102290,2026-03-26,P018,Manish,Brimstone,Breeze,11,10,3,5,1706.0,23,Loss,Silver
101727,2026-06-30,P003,Amit,Killjoy,Haven,10,17,6,4,1346.0,24,Loss,Platinum
100610,2026-07-10,P010,Pratik,Omen,Haven,16,12,4,5,2459.0,18,Win,Bronze
104666,2026-06-14,P015,Nikhil,Cypher,Sunset,20,15,12,3,4051.0,18,Loss,Iron
108086,2026-01-18,P019,Ritesh,Phoenix,Bind,12,15,11,7,2311.0,27,Win,Gold
105413,2026-03-25,P019,Ritesh,Brimstone,Icebox,14,8,10,4,2240.0,25,Loss,Platinum
100343,2026-01-10,P013,Ankit,Killjoy,Sunset,10,12,6,5,1532.0,23,Win,Iron
104683,2026-05-31,P004,Rohan,Fade,Icebox,13,18,5,8,2406.0,27,Loss,Gold
108803,2026-07-07,P013,Ankit,Brimstone,Ascent,22,22,0,12,1971.0,21,Loss,Bronze
103750,2026-07-14,P007,Karan,Killjoy,Bind,13,21,5,4,1956.0,26,Win,Diamond
108471,2026-01-15,P017,Siddhant,Raze,Sunset,24,14,5,13,3851.0,27,Win,Ascendant
109326,2026-09-02,P017,Siddhant,Fade,Split,16,12,8,6,1822.0,22,Loss,Ascendant
105999,2026-04-08,P006,Vivek,Brimstone,Sunset,31,19,5,13,5111.0,26,Win,Platinum
103215,2026-08-22,P018,Manish,Phoenix,Lotus,19,14,6,8,3125.0,19,Loss,Gold
100097,2026-04-17,P011,Neeraj,Gekko,Sunset,18,20,7,5,2023.0,24,Win,Platinum
108251,2026-08-13,P017,Siddhant,Cypher,Split,27,17,5,13,4176.0,30,Loss,Diamond
107699,2026-06-08,P009,Sahil,Jett,Haven,14,20,5,6,2202.0,21,Win,Gold
105176,2026-09-24,P006,Vivek,Viper,Icebox,17,15,1,8,2310.0,26,Loss,Platinum
107279,2026-09-02,P019,Ritesh,Sova,Breeze,26,5,6,5,3759.0,26,Loss,Gold
106165,2026-04-10,P004,Rohan,Jett,Breeze,23,13,5,13,2273.0,20,Loss,Gold
101537,2026-04-21,P003,Amit,Raze,Haven,29,12,7,8,4821.0,29,Win,Gold
103588,2026-09-22,P012,Yash,Viper,Pearl,12,13,11,8,323.0,22,Loss,Diamond
107453,2026-02-25,P002,Rahul,Reyna,Haven,25,18,4,10,3196.0,24,Win,Immortal
106985,2026-05-07,P004,Rohan,Fade,Split,10,15,4,2,1475.0,26,Loss,Silver
103648,2026-01-18,P006,Vivek,Brimstone,Haven,23,19,4,9,4681.0,29,Loss,Platinum
102657,2026-03-09,P020,Harsh,Raze,Sunset,19,4,7,10,3733.0,26,Win,Gold
107588,2026-02-20,P014,Varun,Sage,Bind,7,16,5,3,878.0,22,Win,Iron
101517,2026-02-15,P006,Vivek,Phoenix,Sunset,22,14,5,10,2896.0,19,Loss,Platinum
105061,2026-01-19,P004,Rohan,Gekko,Lotus,11,9,6,5,1863.0,30,Loss,Platinum
109368,2026-08-20,P018,Manish,Phoenix,Bind,15,10,10,4,2036.0,25,Loss,Ascendant
104624,2026-08-03,P010,Pratik,Killjoy,Bind,21,16,1,4,4384.0,19,Win,Silver
104272,2026-08-10,P012,Yash,Phoenix,Pearl,23,9,4,11,3000.0,20,Loss,Ascendant
103669,2026-01-28,P009,Sahil,Brimstone,Breeze,20,13,7,6,3399.0,30,Loss,Iron
106566,2026-05-25,P004,Rohan,Fade,Haven,15,6,9,6,2424.0,30,Win,Diamond
105800,2026-02-13,P020,Harsh,Reyna,Breeze,22,15,3,5,4252.0,27,Win,Gold
102090,2026-06-13,P019,Ritesh,Viper,Icebox,18,16,3,7,3532.0,24,Win,Ascendant
107097,2026-09-18,P016,Arjun,Fade,Split,13,9,9,4,1394.0,26,Win,Ascendant
106171,2026-08-07,P013,Ankit,Omen,Sunset,12,12,8,6,2313.0,24,Loss,Gold
100572,2026-08-03,P006,Vivek,Cypher,Breeze,22,9,0,11,3255.0,23,Win,Diamond
109578,2026-09-13,P003,Amit,Cypher,Sunset,8,13,2,1,1270.0,23,Win,Ascendant
104688,2026-09-11,P003,Amit,Omen,Pearl,14,12,8,5,1926.0,25,Win,Silver
109165,2026-05-02,P002,Rahul,Chamber,Pearl,21,16,8,10,3161.0,20,Loss,Platinum
103062,2026-09-05,P016,Arjun,Killjoy,Haven,9,13,5,3,1378.0,23,Win,Platinum
107765,2026-06-17,P018,Manish,Phoenix,Bind,14,15,2,4,1689.0,30,Loss,Platinum
106470,2026-06-03,P019,Ritesh,Cypher,Haven,12,14,8,7,1808.0,20,Win,Ascendant
107160,2026-09-14,P019,Ritesh,Jett,Icebox,11,12,6,2,1979.0,29,Loss,Platinum
106633,2026-07-05,P001,Shubham,Viper,Split,20,10,4,10,3554.0,19,Loss,Gold
108509,2026-01-18,P007,Karan,Reyna,Pearl,26,16,7,12,3946.0,29,Win,Gold
107960,2026-09-22,P006,Vivek,Omen,Ascent,16,15,6,6,1990.0,20,Win,Platinum
107345,2026-05-30,P014,Varun,,Sunset,15,12,6,9,1769.0,23,Win,Ascendant
106304,2026-02-08,P019,Ritesh,Jett,Pearl,5,18,6,3,796.0,24,Win,Platinum
109417,2026-04-12,P005,Akash,Viper,Split,22,23,6,10,2657.0,23,Win,Silver
109459,2026-05-24,P013,Ankit,Reyna,Haven,3,11,3,3,496.0,26,Win,Platinum
109622,2026-06-02,P020,Harsh,Reyna,Ascent,20,8,3,6,3947.0,24,Loss,Iron
104479,2026-06-01,P019,Ritesh,Sage,Icebox,35,16,0,19,3887.0,30,Win,Platinum
104948,2026-05-31,P014,Varun,Gekko,Ascent,16,14,6,10,2619.0,28,Win,Platinum
105976,2026-02-20,P002,Rahul,Jett,Pearl,19,20,9,5,3026.0,29,Win,Ascendant
100370,2026-01-24,P012,Yash,Gekko,Ascent,9,17,8,3,1867.0,27,Win,Gold
101938,2026-07-09,P020,Harsh,Killjoy,Icebox,17,9,4,5,1859.0,19,Loss,Silver
102352,2026-01-01,P019,Ritesh,Phoenix,Breeze,6,16,2,3,1034.0,19,Win,Bronze
107127,2026-02-02,P015,Nikhil,Raze,Icebox,3,13,5,3,643.0,19,Win,Ascendant
101753,2026-09-12,P009,Sahil,Gekko,Ascent,5,15,6,3,844.0,29,Win,Ascendant
103670,2026-08-06,P018,Manish,Sova,Pearl,16,14,4,1,2104.0,19,Win,Gold
107298,2026-07-21,P016,Arjun,Gekko,Haven,16,12,1,5,2577.0,29,Loss,Bronze
103652,2026-04-15,P010,Pratik,Brimstone,Breeze,10,19,1,2,1918.0,25,Loss,Platinum
105201,2026-06-22,P001,Shubham,Killjoy,Haven,25,21,8,10,4158.0,21,Win,Gold
107944,2026-01-03,P004,Rohan,Sova,Breeze,23,10,5,9,3815.0,26,Win,Bronze
102361,2026-01-28,P002,Rahul,Omen,Breeze,22,14,5,9,3801.0,26,Loss,Gold
104260,2026-08-20,P006,Vivek,Killjoy,Split,19,18,4,7,2186.0,23,Loss,Bronze
105432,2026-01-10,P017,Siddhant,Sova,Haven,10,7,8,3,2261.0,25,Win,Platinum
106285,2026-02-21,P007,Karan,Brimstone,Sunset,21,12,4,3,2536.0,24,Win,Silver
104991,2026-09-30,P014,Varun,Reyna,Split,20,5,7,5,3536.0,19,Win,Gold
108060,2026-09-09,P005,Akash,Raze,Breeze,13,12,8,4,1930.0,25,Loss,Gold
109482,2026-07-19,P008,Aditya,Fade,Pearl,37,11,6,11,4862.0,28,Win,Bronze
103737,2026-07-21,P011,Neeraj,Jett,Icebox,23,6,8,13,3842.0,25,Win,Diamond
109846,2026-02-17,P007,Karan,Chamber,Ascent,15,10,9,10,2173.0,29,Win,Bronze
108578,2026-05-12,P013,Ankit,Killjoy,Bind,17,13,5,6,2703.0,18,Loss,Platinum
109629,2026-02-05,P015,Nikhil,Cypher,Bind,32,16,9,13,6500.0,20,Loss,Platinum
108872,2026-01-05,P005,Akash,Fade,Pearl,10,8,7,4,1564.0,29,Win,Diamond
105591,2026-08-26,P005,Akash,Sage,Bind,11,13,8,6,1652.0,19,Win,Ascendant
101171,2026-02-02,P008,Aditya,Sova,Lotus,9,13,9,4,834.0,28,Win,Gold
107370,2026-05-01,P008,Aditya,Killjoy,Lotus,20,15,1,12,2257.0,19,Loss,Diamond
107972,2026-03-18,P011,Neeraj,Phoenix,Sunset,8,13,4,3,1275.0,29,Loss,Platinum
108121,2026-01-28,P005,Akash,Fade,Bind,8,12,3,5,1438.0,25,Win,Platinum
101422,2026-01-31,P012,Yash,Viper,Haven,18,8,0,10,1560.0,30,Win,Gold
106782,2026-04-12,P006,Vivek,Killjoy,Ascent,15,18,9,4,2481.0,18,Win,Platinum
109463,2026-05-09,P002,Rahul,Killjoy,Lotus,25,10,0,10,3475.0,18,Win,Gold
108174,2026-04-09,P016,Arjun,Cypher,Icebox,12,13,8,2,1692.0,25,Loss,Iron
109369,2026-03-04,P019,Ritesh,Viper,Bind,25,15,9,9,3160.0,25,Win,Gold
109421,2026-04-15,P016,Arjun,Phoenix,Pearl,12,14,9,4,1329.0,22,Win,Gold
106339,2026-02-24,P005,Akash,Killjoy,Icebox,16,17,4,6,1703.0,27,Win,Platinum
109182,2026-08-09,P018,Manish,Viper,Pearl,13,16,6,3,2043.0,23,Win,Platinum
100874,2026-01-07,P018,Manish,Reyna,Sunset,18,21,1,5,3665.0,26,Loss,Platinum
102297,2026-06-03,P016,Arjun,Jett,Pearl,8,14,9,4,1047.0,23,Loss,Ascendant
102643,2026-01-06,P007,Karan,Chamber,Pearl,20,14,12,5,3404.0,30,Win,Ascendant
107565,2026-08-16,P006,Vivek,Brimstone,Ascent,31,7,7,8,4254.0,28,Win,Platinum
101719,2026-05-11,P018,Manish,,Pearl,25,16,8,15,5035.0,20,Win,Gold
105347,2026-04-29,P008,Aditya,Chamber,Icebox,18,13,7,12,2611.0,24,Win,Silver
105932,2026-02-16,P009,Sahil,Chamber,Bind,19,18,2,11,3532.0,28,Win,Platinum
100840,2026-04-21,P003,Amit,Chamber,Split,21,18,3,6,3478.0,18,Loss,Iron
109957,2026-06-03,P011,Neeraj,Viper,Sunset,18,18,8,6,2106.0,18,Win,Platinum
100581,2026-09-04,P017,Siddhant,Sage,Pearl,24,13,10,7,3928.0,23,Loss,Platinum
100204,2026-07-26,P011,Neeraj,Viper,Breeze,9,17,8,1,1678.0,18,Loss,Platinum
101641,2026-02-17,P014,Varun,Raze,Haven,26,17,0,4,4050.0,24,Loss,Silver
102014,2026-03-06,P001,Shubham,Sage,Lotus,29,13,6,12,5236.0,24,Loss,Bronze
103253,2026-02-10,P002,Rahul,Raze,Haven,5,12,1,2,511.0,20,Win,Platinum
108166,2026-04-14,P017,Siddhant,Jett,Haven,26,11,5,8,3992.0,22,Win,Platinum
100905,2026-06-02,P011,Neeraj,Jett,Lotus,7,21,6,4,1175.0,27,Win,Platinum
100631,2026-09-18,P011,Neeraj,Fade,Bind,16,18,5,6,3064.0,25,Loss,Platinum
108438,2026-01-11,P004,Rohan,Killjoy,Sunset,5,13,12,0,822.0,26,Win,Diamond
109894,2026-05-30,P019,Ritesh,Fade,Sunset,24,12,4,8,5576.0,25,Loss,Silver
101974,2026-09-14,P008,Aditya,Brimstone,Sunset,20,14,2,11,2460.0,26,Win,Gold
100162,2026-07-27,P005,Akash,Gekko,Split,24,14,9,6,4363.0,19,Win,Silver
104998,2026-04-20,P019,Ritesh,Raze,Icebox,19,12,3,14,3258.0,27,Loss,Ascendant
101243,2026-04-21,P003,Amit,Gekko,Bind,17,12,4,12,2540.0,21,Loss,Iron
109470,2026-04-07,P004,Rohan,Chamber,Split,15,15,3,7,2071.0,21,Win,Gold
107799,2026-02-16,P016,Arjun,Sage,Icebox,12,16,6,1,1569.0,28,Loss,Gold
104713,2026-09-24,P019,Ritesh,Omen,Icebox,3,21,4,2,463.0,28,Loss,Iron
100875,2026-07-29,P007,Karan,Fade,Icebox,6,17,13,4,861.0,21,Win,Silver
101431,2026-09-13,P010,Pratik,Omen,Breeze,29,9,8,8,4839.0,19,Loss,Ascendant
108757,2026-03-06,P019,Ritesh,Killjoy,Breeze,11,11,5,5,1988.0,21,Win,Gold
106868,2026-05-14,P004,Rohan,Omen,Breeze,16,11,4,8,3082.0,24,Win,Gold
104643,2026-02-12,P008,Aditya,Gekko,Ascent,22,15,2,2,3303.0,18,Win,Silver
105080,2026-01-12,P011,Neeraj,Chamber,Ascent,4,22,3,3,776.0,27,Win,Silver
105783,2026-07-26,P001,Shubham,Gekko,Ascent,8,23,6,3,1661.0,29,Win,Gold
109157,2026-01-15,P015,Nikhil,Sage,Bind,26,14,5,12,3814.0,29,Loss,Platinum
109395,2026-07-30,P009,Sahil,Jett,Haven,16,16,0,3,2572.0,25,Win,Platinum
108074,2026-07-27,P010,Pratik,Raze,Ascent,20,12,6,13,2937.0,26,Win,Gold
107793,2026-01-19,P019,Ritesh,Brimstone,Ascent,10,17,4,5,1617.0,24,Win,Ascendant
109457,2026-02-13,P013,Ankit,Sova,Split,19,18,10,7,3664.0,24,Loss,Platinum
102856,2026-08-18,P004,Rohan,Gekko,Lotus,26,16,11,9,3848.0,19,Win,Iron
101861,2026-06-27,P016,Arjun,Phoenix,Pearl,8,13,3,1,1155.0,18,Loss,Gold
102659,2026-09-11,P003,Amit,Viper,Ascent,10,13,3,6,1361.0,29,Win,Silver
103384,2026-09-18,P004,Rohan,Omen,Pearl,28,11,6,14,5096.0,29,Loss,Silver
109584,2026-09-13,P016,Arjun,Killjoy,Lotus,15,12,3,9,1790.0,22,Loss,Bronze
109796,2026-08-16,P008,Aditya,Raze,Ascent,34,13,9,12,5149.0,23,Loss,Gold
108368,2026-01-17,P014,Varun,Jett,Pearl,16,8,3,5,3049.0,29,Loss,Ascendant
108365,2026-08-20,P004,Rohan,Reyna,Ascent,34,12,14,16,4648.0,26,Loss,Bronze
107462,2026-09-15,P007,Karan,Cypher,Sunset,30,8,5,15,2384.0,25,Win,Iron
106886,2026-06-22,P004,Rohan,Omen,Split,21,16,3,3,3279.0,26,Loss,Immortal
104733,2026-04-19,P008,Aditya,Reyna,Sunset,5,9,5,4,967.0,27,Win,Diamond
103331,2026-06-04,P002,Rahul,Omen,Sunset,16,12,4,2,3011.0,25,Win,Platinum
109025,2026-06-20,P017,Siddhant,Viper,Split,15,11,3,9,2200.0,29,Loss,Silver
108654,2026-08-16,P010,Pratik,Viper,Split,16,12,7,10,2766.0,18,Loss,Ascendant
106404,2026-08-03,P002,Rahul,Sova,Sunset,31,10,5,10,4609.0,23,Win,Platinum
108364,2026-02-14,P016,Arjun,Fade,Icebox,6,13,7,2,1101.0,19,Loss,Ascendant
109484,2026-01-17,P006,Vivek,Phoenix,Haven,16,15,5,4,1727.0,24,Win,Gold
107060,2026-08-22,P016,Arjun,Jett,Breeze,15,13,7,3,2557.0,18,Loss,Bronze
102096,2026-07-25,P009,Sahil,Sova,Icebox,17,17,3,8,2139.0,20,Win,Gold
102003,2026-02-19,P007,Karan,Phoenix,Ascent,12,12,8,3,1628.0,26,Win,Platinum
108425,2026-07-08,P019,Ritesh,Fade,Breeze,12,17,4,5,1925.0,28,Win,Diamond
108773,2026-05-31,P015,Nikhil,Omen,Ascent,16,10,9,5,3055.0,22,Loss,Gold
104676,2026-07-17,P003,Amit,Chamber,Breeze,8,14,6,3,1086.0,26,Win,Silver
105017,2026-01-25,P016,Arjun,Killjoy,Bind,21,10,6,16,3165.0,26,Win,Platinum
107469,2026-05-08,P016,Arjun,Gekko,Sunset,17,13,7,4,2498.0,23,Loss,Gold
100546,2026-05-14,P014,Varun,Killjoy,Lotus,18,13,5,12,3138.0,24,Loss,Ascendant
101449,2026-03-23,P008,Aditya,Sage,Pearl,4,22,5,1,706.0,23,Loss,Silver
103986,2026-06-19,P020,Harsh,Omen,Sunset,19,8,9,7,3313.0,26,Win,Gold
106900,2026-04-28,P009,Sahil,Viper,Icebox,15,22,8,4,2184.0,25,Loss,Gold
102610,2026-09-02,P011,Neeraj,Brimstone,Sunset,22,11,2,15,3800.0,22,Loss,Immortal
101900,2026-01-07,P012,Yash,Phoenix,Ascent,28,16,3,8,5526.0,22,Win,Silver
103920,2026-01-19,P012,Yash,Phoenix,Split,11,14,7,8,1424.0,28,Loss,Silver
102757,2026-02-01,P010,Pratik,Cypher,Sunset,3,16,4,1,420.0,26,Win,Immortal
106124,2026-01-25,P008,Aditya,Cypher,Ascent,17,5,0,6,2492.0,24,Loss,Immortal
106397,2026-06-01,P013,Ankit,Sova,Icebox,34,21,9,14,5705.0,21,Loss,Immortal
101885,2026-04-09,P012,Yash,Sage,Lotus,7,12,5,2,1019.0,26,Loss,Bronze
109843,2026-01-26,P019,Ritesh,Phoenix,Bind,21,20,8,12,2650.0,26,Win,Diamond
105738,2026-01-27,P003,Amit,Reyna,Lotus,12,16,10,7,1964.0,30,Win,Gold
108686,2026-07-15,P018,Manish,Sova,Breeze,22,13,2,14,3506.0,30,Loss,Bronze
105890,2026-03-25,P010,Pratik,Cypher,Split,24,20,3,10,2999.0,23,Loss,Platinum
102097,2026-02-26,P006,Vivek,Killjoy,Breeze,8,19,14,2,1638.0,27,Win,Platinum
109308,2026-08-27,P003,Amit,Viper,Ascent,20,13,7,9,3956.0,22,Loss,Gold
105692,2026-08-21,P001,Shubham,Killjoy,Breeze,38,17,7,8,5376.0,25,Win,Platinum
100499,2026-09-25,P013,Ankit,Cypher,Ascent,17,12,6,10,3225.0,21,Win,Gold
105624,2026-04-14,P002,Rahul,Viper,Breeze,23,11,5,9,2616.0,26,Win,Gold
100836,2026-08-22,P007,Karan,Sage,Pearl,23,15,0,7,2911.0,26,Loss,Gold
103471,2026-08-15,P019,Ritesh,Phoenix,Lotus,16,11,7,4,2237.0,26,Loss,Gold
104697,2026-08-11,P015,Nikhil,Cypher,Lotus,26,13,7,12,4679.0,26,Loss,Silver
106280,2026-03-28,P007,Karan,Chamber,Bind,25,14,10,8,4018.0,29,Win,Gold
108902,2026-09-28,P007,Karan,Omen,Haven,15,4,4,6,2470.0,26,Win,Silver
102171,2026-07-20,P005,Akash,Jett,Bind,12,13,8,7,1437.0,19,Win,Diamond
109250,2026-07-02,P017,Siddhant,Sova,Breeze,18,14,8,5,2071.0,21,Win,Gold
105678,2026-02-22,P001,Shubham,Cypher,Icebox,19,17,3,4,3055.0,18,Loss,Silver
109203,2026-02-12,P017,Siddhant,Fade,Ascent,11,12,9,5,2098.0,23,Loss,Bronze
100398,2026-08-23,P019,Ritesh,Chamber,Sunset,14,14,3,6,1774.0,28,Win,Bronze
102010,2026-05-09,P020,Harsh,Sova,Split,18,11,5,6,3144.0,29,Win,Diamond
105166,2026-04-29,P006,Vivek,Phoenix,Bind,12,9,5,4,2341.0,25,Loss,Diamond
105871,2026-04-15,P019,Ritesh,Sage,Haven,25,14,7,9,4265.0,18,Loss,Diamond
109812,2026-05-17,P014,Varun,Phoenix,Icebox,6,8,9,4,1079.0,21,Win,Gold
101283,2026-08-17,P009,Sahil,Viper,Pearl,23,16,2,9,2784.0,21,Loss,Iron
108408,2026-02-17,P019,Ritesh,Omen,Sunset,12,13,3,6,2075.0,22,Win,Platinum
102448,2026-02-20,P016,Arjun,Sova,Split,26,12,8,6,3308.0,23,Win,Silver
104256,2026-09-18,P011,Neeraj,Chamber,Haven,6,17,5,2,1204.0,30,Win,Silver
101836,2026-03-05,P004,Rohan,Killjoy,Pearl,3,17,2,1,457.0,27,Win,Silver
109616,2026-01-31,P019,Ritesh,Jett,Split,22,22,4,10,3847.0,23,Loss,Silver
101019,2026-04-21,P018,Manish,Sova,Lotus,19,16,5,6,2685.0,25,Loss,Platinum
105066,2026-06-30,P007,Karan,Sage,Split,14,24,12,3,2090.0,18,Win,Gold
101326,2026-06-10,P005,Akash,Jett,Lotus,17,9,4,9,1973.0,23,Win,Diamond
107598,2026-07-13,P007,Karan,Killjoy,Lotus,30,11,8,8,5413.0,26,Loss,Silver
100475,2026-02-12,P020,Harsh,Sova,Haven,16,14,2,6,2422.0,26,Win,Gold
102810,2026-08-02,P016,Arjun,Gekko,Split,14,17,4,7,2442.0,21,Win,Immortal
108651,2026-08-15,P017,Siddhant,Jett,Sunset,13,14,8,5,2226.0,26,Win,Ascendant
101651,2026-08-03,P009,Sahil,Jett,Pearl,31,17,1,12,4964.0,29,Win,Bronze
109631,2026-03-24,P002,Rahul,Brimstone,Haven,19,11,2,9,2515.0,30,Win,Silver
101169,2026-03-20,P008,Aditya,Brimstone,Icebox,20,18,3,11,1991.0,21,Win,Ascendant
102528,2026-09-11,P007,Karan,Cypher,Pearl,7,7,7,4,1187.0,21,Win,Ascendant
101206,2026-04-21,P019,Ritesh,Brimstone,Bind,17,13,13,10,2823.0,22,Loss,Gold
106256,2026-08-26,P008,Aditya,Gekko,Breeze,21,15,6,5,2443.0,22,Loss,Platinum
107961,2026-03-04,P018,Manish,Phoenix,Sunset,17,15,1,10,1845.0,22,Loss,Silver
105469,2026-07-03,P001,Shubham,Killjoy,Split,21,16,9,11,4272.0,27,Win,Silver
109402,2026-08-15,P012,Yash,Brimstone,Haven,4,11,3,0,759.0,21,Loss,Silver
100431,2026-02-08,P012,Yash,Viper,Bind,20,13,12,8,3292.0,24,Win,Gold
109986,2026-05-30,P007,Karan,Chamber,Icebox,12,16,4,3,1534.0,29,Loss,Silver
100867,2026-09-08,P018,Manish,Phoenix,Icebox,20,12,8,10,2204.0,29,Loss,Ascendant
102974,2026-05-02,P014,Varun,Killjoy,Ascent,25,14,10,7,3710.0,21,Loss,Platinum
105236,2026-04-30,P017,Siddhant,Phoenix,Pearl,20,12,6,6,3045.0,18,Win,Platinum
105093,2026-08-25,P005,Akash,Brimstone,Pearl,21,14,7,9,3216.0,24,Win,Silver
105433,2026-09-20,P018,Manish,Chamber,Ascent,18,13,3,8,2848.0,23,Win,Gold
100541,2026-02-09,P019,Ritesh,Sage,Breeze,10,8,5,4,1263.0,24,Win,Platinum
105195,2026-08-20,P002,Rahul,Gekko,Lotus,12,9,4,4,1132.0,24,Loss,Diamond
101132,2026-07-05,P020,Harsh,Jett,Breeze,3,12,6,0,603.0,24,Loss,Gold
109857,2026-01-06,P011,Neeraj,Reyna,Bind,14,13,6,7,2138.0,24,Loss,Gold
104501,2026-02-17,P016,Arjun,Jett,Lotus,20,15,5,6,3420.0,28,Loss,Gold
106354,2026-01-23,P002,Rahul,Chamber,Breeze,9,14,4,2,1131.0,27,Win,Gold
109352,2026-02-14,P006,Vivek,Brimstone,Ascent,21,23,7,9,2756.0,25,Win,Ascendant
103390,2026-04-15,P003,Amit,Omen,Breeze,10,19,1,6,1801.0,22,Win,Ascendant
103888,2026-04-14,P006,Vivek,Brimstone,Split,4,19,5,3,491.0,26,Win,Diamond
102962,2026-01-19,P016,Arjun,Jett,Pearl,21,13,10,5,3243.0,30,Win,Platinum
104155,2026-01-31,P011,Neeraj,Raze,Lotus,15,18,4,3,1915.0,18,Loss,Bronze
103259,2026-09-05,P010,Pratik,Phoenix,Split,4,19,4,2,898.0,27,Loss,Bronze
106302,2026-05-14,P005,Akash,Omen,Breeze,16,17,4,2,2832.0,19,Loss,Platinum
106034,2026-09-29,P007,Karan,Reyna,Breeze,9,11,5,4,832.0,30,Win,Platinum
107953,2026-06-02,P017,Siddhant,Brimstone,Sunset,28,23,4,14,3223.0,29,Loss,Platinum
109956,2026-04-09,P013,Ankit,Jett,Icebox,27,15,9,15,4601.0,28,Win,Platinum
102583,2026-09-20,P010,Pratik,Reyna,Pearl,19,14,4,7,2374.0,18,Win,Bronze
102813,2026-01-03,P010,Pratik,Fade,Lotus,28,13,3,12,4502.0,29,Win,Gold
103959,2026-08-20,P004,Rohan,Omen,Haven,26,9,2,15,2394.0,30,Win,Diamond
102947,2026-07-17,P015,Nikhil,Sage,Lotus,17,15,9,4,3041.0,26,Win,Platinum
106643,2026-02-21,P010,Pratik,Brimstone,Breeze,25,14,6,5,3287.0,21,Loss,Platinum
105174,2026-08-22,P014,Varun,Viper,Icebox,17,21,5,6,2438.0,29,Win,Diamond
106841,2026-07-26,P007,Karan,Viper,Haven,22,11,2,7,3179.0,27,Win,Platinum
108316,2026-04-28,P015,Nikhil,Chamber,Bind,22,20,6,4,2644.0,19,Loss,Bronze
103586,2026-02-19,P018,Manish,Raze,Pearl,14,18,9,5,2922.0,28,Win,Iron
109247,2026-09-20,P017,Siddhant,Chamber,Pearl,19,9,10,7,2796.0,30,Win,Ascendant
108023,2026-09-04,P003,Amit,Omen,Lotus,19,19,4,9,2478.0,23,Win,Bronze
102563,2026-09-15,P015,Nikhil,Raze,Pearl,22,17,4,9,3100.0,27,Win,Ascendant
102630,2026-05-11,P009,Sahil,Chamber,Ascent,8,9,6,4,1316.0,21,Loss,Immortal
103190,2026-01-05,P004,Rohan,Omen,Haven,28,9,3,19,2773.0,22,Win,Bronze
108618,2026-06-07,P019,Ritesh,Cypher,Bind,24,19,6,9,3187.0,29,Loss,Diamond
108869,2026-03-18,P020,Harsh,Raze,Bind,19,18,8,9,3759.0,18,Loss,Gold
105036,2026-02-06,P009,Sahil,Cypher,Breeze,12,15,3,3,2095.0,18,Win,Silver
101080,2026-06-20,P016,Arjun,Sova,Breeze,20,17,0,9,3601.0,21,Loss,Silver
104283,2026-04-04,P005,Akash,Jett,Split,21,8,2,9,3028.0,24,Win,Platinum
108031,2026-01-16,P012,Yash,Fade,Lotus,23,11,8,7,3846.0,30,Win,Ascendant
107085,2026-01-31,P009,Sahil,Viper,Haven,15,14,3,4,1967.0,28,Loss,Ascendant
102085,2026-07-20,P001,Shubham,Chamber,Split,23,15,10,12,4090.0,19,Loss,Platinum
106345,2026-02-26,P001,Shubham,Raze,Lotus,12,12,12,4,2407.0,19,Win,Silver
102452,2026-01-08,P008,Aditya,Brimstone,Lotus,22,11,8,7,4344.0,29,Win,Silver
104966,2026-07-21,P012,Yash,Viper,Pearl,27,20,8,13,3743.0,24,Loss,Silver
102023,2026-08-27,P006,Vivek,Cypher,Lotus,11,10,7,7,1633.0,18,Win,Ascendant
108158,2026-03-26,P020,Harsh,Viper,Breeze,36,10,15,9,6373.0,20,Loss,Immortal
109006,2026-04-11,P010,Pratik,Sova,Sunset,16,16,3,3,1881.0,26,Win,Ascendant
108737,2026-03-29,P008,Aditya,Fade,Breeze,12,12,5,2,2569.0,18,Loss,Diamond
107321,2026-02-14,P004,Rohan,Sage,Haven,24,22,7,7,5172.0,22,Win,Iron
100226,2026-08-03,P015,Nikhil,Cypher,Sunset,13,19,4,6,2183.0,25,Loss,Silver
101013,2026-07-29,P019,Ritesh,Killjoy,Pearl,12,10,8,4,1949.0,23,Win,Gold
106679,2026-09-19,P013,Ankit,Cypher,Icebox,18,13,6,9,3100.0,26,Win,Platinum
101929,2026-05-06,P006,Vivek,Omen,Lotus,10,14,7,7,1559.0,18,Win,Silver
101043,2026-08-28,P004,Rohan,Phoenix,Split,22,14,5,6,3647.0,25,Loss,Platinum
105251,2026-05-12,P012,Yash,Sage,Ascent,10,18,10,7,1480.0,23,Loss,Platinum
101404,2026-01-25,P008,Aditya,Sage,Breeze,20,17,5,9,2714.0,24,Win,Diamond
102179,2026-08-05,P016,Arjun,Jett,Sunset,26,24,2,4,3843.0,22,Loss,Platinum
100697,2026-02-15,P006,Vivek,Gekko,Lotus,25,14,8,5,4517.0,19,Win,Diamond
101124,2026-05-07,P005,Akash,Jett,Haven,22,15,2,9,4249.0,26,Win,Platinum
107378,2026-07-07,P020,Harsh,Raze,Sunset,10,11,9,3,1755.0,28,Win,Silver
103895,2026-01-08,P012,Yash,Phoenix,Breeze,18,11,11,7,2130.0,22,Win,Ascendant
108235,2026-05-28,P009,Sahil,Killjoy,Split,23,20,6,13,2503.0,28,Win,Silver
105110,2026-03-15,P008,Aditya,Jett,Sunset,12,15,2,4,2525.0,23,Loss,Platinum
101778,2026-07-28,P002,Rahul,Chamber,Icebox,14,16,8,8,2110.0,24,Win,Platinum
107821,2026-03-13,P001,Shubham,Jett,Lotus,11,25,5,8,1820.0,23,Loss,Gold
102634,2026-03-23,P002,Rahul,Gekko,Bind,33,16,9,9,6500.0,28,Win,Diamond
107187,2026-07-28,P007,Karan,Sage,Lotus,14,18,3,5,2772.0,19,Win,Gold
107544,2026-05-02,P008,Aditya,Fade,Bind,19,18,6,8,3609.0,18,Loss,Platinum
107604,2026-01-22,P012,Yash,Raze,Icebox,15,19,5,11,2492.0,29,Loss,Gold
103489,2026-06-05,P017,Siddhant,Fade,Sunset,17,22,6,8,2088.0,26,Win,Ascendant
108277,2026-09-08,P009,Sahil,Cypher,Bind,11,6,2,2,1693.0,24,Loss,Platinum
101037,2026-03-02,P014,Varun,Jett,Pearl,27,16,5,12,3437.0,26,Loss,Gold
106093,2026-09-19,P006,Vivek,Killjoy,Bind,17,16,10,7,2552.0,18,Win,Bronze
102256,2026-05-20,P013,Ankit,Killjoy,Split,19,19,11,8,2248.0,25,Win,Platinum
109726,2026-06-18,P017,Siddhant,Reyna,Breeze,28,18,3,8,3023.0,24,Loss,Diamond
102613,2026-04-16,P009,Sahil,Chamber,Sunset,13,12,6,7,2246.0,20,Win,Iron
100313,2026-02-27,P001,Shubham,Viper,Sunset,13,18,3,6,2269.0,23,Win,Diamond
102649,2026-03-11,P013,Ankit,Fade,Ascent,14,19,8,4,2262.0,28,Loss,Platinum
102281,2026-02-05,P016,Arjun,Fade,Ascent,14,13,9,8,2426.0,24,Win,Diamond
106741,2026-02-06,P018,Manish,Killjoy,Bind,15,20,2,9,2293.0,27,Win,Platinum
102979,2026-08-05,P005,Akash,Killjoy,Pearl,13,12,3,5,2084.0,23,Win,Diamond
102547,2026-04-16,P002,Rahul,Sova,Haven,17,9,10,3,2701.0,29,Win,Gold
105512,2026-04-15,P011,Neeraj,Brimstone,Lotus,15,13,6,7,1401.0,19,Win,Platinum
105132,2026-03-02,P001,Shubham,Killjoy,Bind,17,10,5,2,1965.0,26,Loss,Gold
102159,2026-07-29,P013,Ankit,Phoenix,Lotus,12,16,6,6,1487.0,25,Loss,Platinum
107080,2026-05-04,P015,Nikhil,Sova,Bind,20,15,6,12,3345.0,26,Loss,Bronze
103137,2026-04-14,P013,Ankit,Raze,Icebox,26,13,7,15,3927.0,20,Loss,Diamond
109098,2026-04-14,P013,Ankit,Jett,Icebox,16,19,8,3,2764.0,29,Loss,Ascendant
105850,2026-04-02,P005,Akash,Killjoy,Sunset,11,13,10,6,1452.0,23,Loss,Silver
109885,2026-05-20,P016,Arjun,Chamber,Icebox,22,17,4,6,4251.0,29,Loss,Ascendant
106445,2026-09-25,P002,Rahul,Gekko,Haven,14,14,5,5,2176.0,27,Win,Gold
103967,2026-01-07,P003,Amit,Sova,Lotus,20,14,3,6,3000.0,30,Win,Platinum
101428,2026-08-13,P001,Shubham,Brimstone,Ascent,19,11,7,8,2923.0,22,Win,Gold
108440,2026-08-03,P001,Shubham,Gekko,Sunset,17,10,3,6,2630.0,21,Win,Diamond
102520,2026-04-30,P016,Arjun,Sage,Pearl,24,12,4,7,3556.0,30,Loss,Ascendant
107872,2026-08-20,P008,Aditya,Cypher,Breeze,18,12,6,4,3056.0,26,Win,Gold
104969,2026-08-13,P020,Harsh,Chamber,Icebox,25,18,8,9,3307.0,23,Win,Diamond
101855,2026-08-19,P018,Manish,Brimstone,Breeze,16,12,4,3,2659.0,25,Win,Ascendant
108652,2026-06-29,P016,Arjun,Raze,Pearl,15,13,6,3,2452.0,19,Win,Platinum
105602,2026-04-16,P002,Rahul,Raze,Lotus,7,21,4,3,1360.0,26,Win,Gold
107271,2026-01-14,P019,Ritesh,Viper,Breeze,17,12,5,6,2871.0,30,Win,Ascendant
109888,2026-09-16,P019,Ritesh,Viper,Breeze,8,12,6,1,1074.0,20,Loss,Ascendant
100448,2026-01-31,P020,Harsh,Chamber,Bind,5,9,14,3,1218.0,27,Loss,Gold
107737,2026-07-01,P012,Yash,Omen,Bind,13,5,12,3,2404.0,28,Loss,Platinum
101284,2026-02-22,P008,Aditya,Fade,Pearl,6,13,6,2,708.0,29,Loss,Diamond
105995,2026-04-10,P005,Akash,Gekko,Haven,23,14,2,9,4567.0,27,Win,Diamond
107934,2026-03-23,P007,Karan,Raze,Split,9,14,6,5,1580.0,18,Loss,Platinum
103727,2026-08-23,P006,Vivek,Reyna,Icebox,17,9,1,8,1781.0,21,Loss,Silver
107353,2026-05-10,P011,Neeraj,Sova,Split,20,15,10,9,2754.0,27,Loss,Ascendant
100361,2026-02-16,P013,Ankit,Brimstone,Split,21,9,0,12,2935.0,22,Win,Gold
106279,2026-01-25,P004,Rohan,Killjoy,Lotus,23,14,4,12,1936.0,30,Loss,Platinum
105230,2026-06-27,P011,Neeraj,Jett,Bind,28,14,6,6,3728.0,29,Win,Bronze
108961,2026-05-19,P001,Shubham,Gekko,Haven,26,15,3,12,3047.0,20,Win,Immortal
107295,2026-03-02,P010,Pratik,Gekko,Split,18,10,6,6,2951.0,24,Win,Silver
108910,2026-05-02,P018,Manish,Sage,Breeze,3,12,7,0,640.0,26,Win,Ascendant
107534,2026-08-18,P013,Ankit,Omen,Icebox,25,12,10,7,4234.0,22,Loss,Gold
106251,2026-09-08,P013,Ankit,Reyna,Pearl,21,9,10,6,3740.0,30,Loss,Bronze
105926,2026-06-10,P012,Yash,Fade,Haven,4,17,7,1,812.0,30,Win,Silver
105149,2026-08-16,P018,Manish,Brimstone,Pearl,23,11,2,7,3595.0,28,Loss,Ascendant
102460,2026-05-19,P007,Karan,Sage,Ascent,7,12,9,4,1254.0,18,Win,Silver
100022,2026-07-23,P005,Akash,Jett,Lotus,15,12,6,6,2351.0,27,Loss,Platinum
102066,2026-04-10,P020,Harsh,Cypher,Ascent,18,15,4,7,2708.0,19,Loss,Iron
101653,2026-05-28,P019,Ritesh,Raze,Split,38,12,8,11,5917.0,23,Win,Platinum
100702,2026-04-23,P005,Akash,Gekko,Sunset,11,12,6,9,1899.0,23,Win,Bronze
108526,2026-01-09,P012,Yash,Killjoy,Icebox,33,18,8,8,3993.0,28,Win,Bronze
102743,2026-05-25,P012,Yash,Sova,Bind,22,17,9,8,3470.0,24,Win,Silver
101376,2026-08-20,P011,Neeraj,Sage,Pearl,8,11,3,6,1062.0,26,Loss,Ascendant
101724,2026-01-30,P020,Harsh,Chamber,Haven,29,16,5,14,4566.0,19,Win,Bronze
102468,2026-03-19,P012,Yash,Omen,Ascent,13,18,2,4,2163.0,26,Loss,Bronze
103754,2026-03-22,P013,Ankit,Viper,Breeze,12,13,3,6,1631.0,28,Loss,Silver
102325,2026-06-11,P011,Neeraj,Phoenix,Lotus,29,14,0,15,3673.0,23,Loss,Platinum
100460,2026-03-09,P008,Aditya,Fade,Split,31,14,9,15,5605.0,22,Win,Gold
105163,2026-03-21,P012,Yash,Sova,Breeze,18,19,6,5,2277.0,22,Loss,Diamond
104183,2026-06-06,P001,Shubham,Fade,Ascent,17,11,9,11,2858.0,27,Win,Silver
105526,2026-03-15,P019,Ritesh,Viper,Breeze,15,12,6,6,2204.0,23,Loss,Silver
104082,2026-01-18,P016,Arjun,Sage,Icebox,20,18,7,8,2242.0,18,Win,Diamond
101486,2026-05-17,P013,Ankit,Omen,Pearl,23,18,3,7,4293.0,21,Win,Silver
103678,2026-01-09,P015,Nikhil,Killjoy,Split,18,22,8,6,2580.0,26,Win,Gold
107729,2026-03-20,P020,Harsh,Cypher,Bind,20,15,1,9,1725.0,23,Loss,Platinum
100282,2026-09-22,P019,Ritesh,Killjoy,Ascent,27,10,7,9,3614.0,27,Win,Silver
106579,2026-03-21,P001,Shubham,Sage,Icebox,30,13,0,10,3402.0,19,Win,Silver
104558,2026-04-27,P013,Ankit,Omen,Sunset,14,15,5,4,1340.0,21,Win,Silver
104308,2026-03-15,P007,Karan,Sage,Haven,13,9,6,4,2070.0,28,Loss,Gold
106684,2026-01-24,P014,Varun,Viper,Split,12,11,9,7,1414.0,21,Win,Diamond
104865,2026-03-18,P016,Arjun,Raze,Ascent,7,14,3,2,916.0,20,Loss,Diamond
103537,2026-06-15,P002,Rahul,Viper,Ascent,7,12,10,4,1104.0,25,Loss,Iron
103868,2026-06-08,P006,Vivek,Chamber,Split,8,14,5,2,1405.0,23,Loss,Ascendant
107003,2026-09-10,P019,Ritesh,Raze,Sunset,13,14,6,8,1745.0,26,Loss,Diamond
102581,2026-01-29,P009,Sahil,Omen,Haven,7,10,6,6,1121.0,23,Loss,Immortal
101368,2026-04-09,P020,Harsh,Fade,Sunset,26,12,5,12,3542.0,18,Win,Gold
109489,2026-07-06,P012,Yash,Sova,Icebox,25,12,7,5,4402.0,20,Loss,Diamond
108215,2026-01-19,P020,Harsh,Omen,Pearl,9,15,4,3,1636.0,20,Loss,Ascendant
100597,2026-01-10,P019,Ritesh,Omen,Icebox,26,18,11,9,4468.0,26,Loss,Platinum
104351,2026-07-10,P018,Manish,Jett,Bind,13,10,0,6,1697.0,22,Win,Gold
106346,2026-02-16,P001,Shubham,Raze,Sunset,15,12,3,5,2308.0,18,Loss,Platinum
108995,2026-05-17,P007,Karan,Omen,Breeze,23,15,6,11,2859.0,30,Win,Diamond
106379,2026-07-10,P010,Pratik,Jett,Split,23,12,11,12,2512.0,26,Loss,Gold
104758,2026-02-25,P013,Ankit,Sage,Breeze,14,19,6,7,2130.0,23,Loss,Bronze
100646,2026-06-14,P015,Nikhil,Killjoy,Pearl,8,10,9,3,954.0,24,Win,Iron
106381,2026-05-02,P002,Rahul,Cypher,Breeze,17,16,6,8,2692.0,28,Loss,Silver
107527,2026-06-05,P009,Sahil,Sova,Pearl,18,17,3,14,1648.0,23,Loss,Platinum
109717,2026-08-04,P013,Ankit,Gekko,Haven,6,11,9,2,1085.0,22,Win,Iron
106023,2026-05-09,P007,Karan,Brimstone,Pearl,16,17,4,5,2667.0,26,Loss,Platinum
109960,2026-05-31,P010,Pratik,Reyna,Icebox,23,9,8,9,2876.0,22,Loss,Platinum
107165,2026-04-24,P008,Aditya,Omen,Bind,15,22,7,7,1335.0,23,Win,Diamond
103468,2026-01-06,P001,Shubham,Raze,Haven,16,13,9,5,1705.0,19,Win,Ascendant
108744,2026-06-29,P004,Rohan,Gekko,Split,16,18,6,6,2130.0,22,Win,Gold
107697,2026-09-03,P007,Karan,Gekko,Breeze,16,10,0,4,1365.0,22,Loss,Platinum
102990,2026-02-09,P013,Ankit,Raze,Sunset,24,22,3,11,3910.0,21,Loss,Platinum
109426,2026-02-08,P016,Arjun,Cypher,Icebox,19,15,7,5,2413.0,23,Loss,Platinum
104875,2026-03-28,P008,Aditya,Phoenix,Bind,28,10,7,10,3151.0,29,Win,Immortal
102544,2026-09-08,P001,Shubham,Sova,Lotus,21,15,0,12,3603.0,24,Loss,Silver
108614,2026-02-24,P007,Karan,Sage,Pearl,13,18,6,6,2691.0,30,Loss,Iron
105341,2026-01-30,P011,Neeraj,Raze,Ascent,16,19,4,5,1783.0,25,Loss,Ascendant
101567,2026-01-16,P020,Harsh,Chamber,Breeze,25,15,7,13,2727.0,22,Win,Platinum
103225,2026-07-10,P001,Shubham,Sage,Lotus,29,12,11,11,5052.0,28,Win,Bronze
104066,2026-03-04,P014,Varun,Raze,Sunset,21,17,8,7,3486.0,23,Loss,Gold
103988,2026-07-24,P010,Pratik,Jett,Lotus,16,9,4,4,2951.0,23,Loss,Silver
107031,2026-08-07,P017,Siddhant,Fade,Sunset,20,12,8,8,2159.0,25,Loss,Platinum
102160,2026-05-18,P019,Ritesh,Phoenix,Icebox,27,9,6,8,4477.0,27,Win,Silver
100685,2026-07-12,P010,Pratik,Sova,Pearl,21,12,5,4,3600.0,30,Win,Ascendant
107602,2026-06-13,P011,Neeraj,Raze,Haven,25,8,3,9,3236.0,23,Win,Silver
107819,2026-07-03,P012,Yash,Chamber,Bind,10,17,2,0,1777.0,23,Win,Bronze
103243,2026-09-20,P005,Akash,Brimstone,Icebox,21,15,6,7,2743.0,20,Loss,Platinum
105844,2026-03-17,P002,Rahul,Viper,Icebox,17,21,0,9,2425.0,21,Win,Platinum
108200,2026-09-09,P013,Ankit,Viper,Breeze,24,13,6,7,2703.0,23,Loss,Platinum
102461,2026-09-30,P006,Vivek,Brimstone,Icebox,18,10,3,6,2764.0,27,Loss,Diamond
104083,2026-02-06,P007,Karan,Jett,Breeze,24,20,0,14,2446.0,23,Win,Bronze
102837,2026-07-20,P001,Shubham,Chamber,Bind,19,17,7,10,3519.0,28,Win,Ascendant
103697,2026-03-20,P002,Rahul,Omen,Ascent,11,13,5,2,1451.0,28,Loss,Iron
107128,2026-07-18,P006,Vivek,Phoenix,Split,17,16,6,4,2067.0,29,Win,Silver
106267,2026-07-17,P012,Yash,Brimstone,Ascent,25,16,1,10,3411.0,27,Loss,Platinum
104941,2026-05-29,P018,Manish,Jett,Sunset,21,12,2,13,4211.0,25,Win,Gold
105946,2026-04-12,P010,Pratik,Viper,Lotus,11,11,5,4,,21,Win,Diamond
104583,2026-06-06,P017,Siddhant,Gekko,Sunset,22,9,6,7,3726.0,30,Loss,Platinum
105784,2026-07-20,P020,Harsh,Jett,Split,9,18,6,4,2029.0,30,Loss,Platinum
104040,2026-09-07,P020,Harsh,Sage,Ascent,9,13,7,3,1657.0,18,Loss,Gold
102230,2026-03-07,P020,Harsh,Omen,Split,10,10,8,5,1644.0,27,Loss,Silver
107569,2026-09-24,P018,Manish,Killjoy,Pearl,23,18,5,8,2980.0,24,Loss,Diamond
100935,2026-03-18,P019,Ritesh,Viper,Breeze,14,20,11,5,1766.0,25,Win,Diamond
102320,2026-05-25,P017,Siddhant,Phoenix,Bind,21,12,6,5,4361.0,18,Loss,Platinum
104878,2026-05-01,P007,Karan,Gekko,Breeze,6,19,0,2,891.0,18,Loss,Gold
100521,2026-03-19,P002,Rahul,Cypher,Bind,3,18,7,2,553.0,21,Win,Silver
100522,2026-06-11,P020,Harsh,Phoenix,Pearl,7,18,10,5,1323.0,22,Win,Diamond
105345,2026-05-13,P017,Siddhant,Fade,Split,5,17,4,1,843.0,18,Loss,Gold
109896,2026-07-08,P009,Sahil,Phoenix,Sunset,6,12,10,5,821.0,29,Loss,Silver
103359,2026-01-31,P020,Harsh,Sova,Pearl,23,18,2,7,2944.0,24,Win,Platinum
101311,2026-03-30,P006,Vivek,Sage,Breeze,13,13,0,3,1976.0,29,Win,Diamond
103983,2026-07-07,P004,Rohan,Cypher,Pearl,24,15,0,8,3936.0,23,Win,Gold
106494,2026-08-06,P020,Harsh,Fade,Ascent,21,4,5,5,3165.0,21,Loss,Gold
109580,2026-06-12,P007,Karan,Sova,Split,20,13,6,9,3837.0,22,Win,Gold
101716,2026-03-05,P015,Nikhil,Cypher,Sunset,24,15,1,7,5294.0,27,Win,Platinum
100780,2026-03-14,P006,Vivek,Viper,Icebox,15,21,8,5,2707.0,20,Win,Platinum
108817,2026-01-19,P015,Nikhil,Chamber,Bind,19,14,6,8,2723.0,21,Win,Gold
108249,2026-02-16,P001,Shubham,Phoenix,Lotus,8,18,4,2,1141.0,18,Win,Diamond
105607,2026-01-19,P007,Karan,Gekko,Lotus,26,16,8,14,4629.0,26,Win,Silver
105978,2026-02-01,P005,Akash,Phoenix,Bind,22,20,6,12,3222.0,18,Win,Diamond
100651,2026-05-26,P004,Rohan,Sova,Icebox,15,9,11,7,2582.0,29,Loss,Immortal
103747,2026-08-02,P014,Varun,Phoenix,Haven,24,13,3,4,4146.0,25,Win,Silver
102196,2026-02-10,P020,Harsh,Gekko,Ascent,28,18,3,13,4757.0,26,Win,Diamond
108762,2026-04-11,P015,Nikhil,Chamber,Bind,25,17,4,4,3778.0,19,Win,Immortal
100369,2026-04-13,P002,Rahul,Fade,Icebox,19,11,5,5,3048.0,25,Win,Silver
109904,2026-09-29,P019,Ritesh,Reyna,Split,24,10,5,8,2370.0,19,Loss,Gold
108040,2026-01-19,P006,Vivek,Fade,Sunset,25,16,8,16,2802.0,20,Win,Gold
104214,2026-06-03,P016,Arjun,Gekko,Split,18,16,6,9,3460.0,25,Win,Gold
100377,2026-04-02,P006,Vivek,Gekko,Lotus,15,20,6,5,1993.0,21,Win,Silver
109466,2026-06-26,P013,Ankit,Fade,Haven,11,11,10,3,1603.0,22,Loss,Diamond
102216,2026-03-28,P010,Pratik,Fade,Pearl,25,12,7,10,4155.0,27,Loss,Iron
108701,2026-01-14,P007,Karan,Jett,Ascent,16,12,7,1,3324.0,26,Win,Silver
101613,2026-07-29,P017,Siddhant,Reyna,Haven,22,14,2,7,2157.0,30,Loss,Bronze
106979,2026-04-24,P007,Karan,Viper,Sunset,8,13,15,5,1593.0,18,Loss,Gold
107549,2026-07-03,P016,Arjun,Brimstone,Haven,23,8,0,12,4142.0,29,Win,Gold
101827,2026-03-02,P016,Arjun,Gekko,Breeze,25,8,10,13,3369.0,27,Win,Platinum
103632,2026-01-11,P013,Ankit,Cypher,Split,15,8,8,9,2283.0,18,Loss,Diamond
100962,2026-08-13,P016,Arjun,Sage,Bind,21,19,1,7,2615.0,23,Loss,Platinum
102993,2026-07-17,P006,Vivek,Raze,Bind,14,25,6,6,2256.0,22,Win,Gold
106606,2026-02-15,P013,Ankit,Fade,Split,26,13,7,8,4707.0,26,Win,Bronze
109959,2026-07-09,P018,Manish,Killjoy,Ascent,17,16,3,9,2915.0,27,Loss,Platinum
102376,2026-09-24,P007,Karan,Raze,Ascent,16,8,3,6,2447.0,27,Win,Silver
108250,2026-08-05,P010,Pratik,Sage,Haven,19,15,8,10,3079.0,24,Loss,Diamond
100359,2026-03-13,P020,Harsh,Reyna,Ascent,13,17,8,4,2128.0,22,Win,Silver
103839,2026-08-16,P003,Amit,Raze,Icebox,20,14,5,8,2401.0,25,Loss,Gold
108207,2026-02-19,P010,Pratik,Fade,Bind,16,17,1,8,2024.0,23,Win,Gold
101246,2026-02-27,P012,Yash,Sage,Haven,6,15,3,1,1049.0,28,Win,Silver
107504,2026-05-04,P019,Ritesh,Fade,Lotus,9,12,6,3,1341.0,29,Win,Gold
108367,2026-09-16,P019,Ritesh,Chamber,Haven,18,15,10,9,4037.0,20,Loss,Ascendant
106511,2026-09-08,P018,Manish,Brimstone,Ascent,14,7,6,7,2531.0,28,Win,Gold
105087,2026-07-18,P013,Ankit,Gekko,Breeze,24,18,7,5,4015.0,18,Loss,Iron
103694,2026-07-04,P009,Sahil,Killjoy,Haven,19,14,7,12,3358.0,20,Loss,Platinum
101573,2026-02-08,P018,Manish,Jett,Icebox,15,16,4,2,1752.0,26,Loss,Diamond
106281,2026-04-04,P020,Harsh,Gekko,Haven,23,7,5,10,3682.0,20,Loss,Platinum
105439,2026-04-09,P007,Karan,Gekko,Split,22,18,7,12,3388.0,23,Win,Bronze
102567,2026-03-11,P004,Rohan,Sage,Split,23,12,13,11,3231.0,26,Loss,Platinum
103423,2026-06-02,P009,Sahil,Jett,Split,27,14,3,10,4794.0,19,Loss,Gold
102037,2026-05-26,P005,Akash,Brimstone,Split,16,10,5,2,3310.0,21,Loss,Platinum
109262,2026-04-06,P018,Manish,Fade,Pearl,23,21,11,11,2936.0,23,Win,Silver
100772,2026-05-06,P001,Shubham,Gekko,Sunset,15,12,3,3,2120.0,21,Win,Diamond
105380,2026-04-12,P005,Akash,Fade,Bind,20,16,4,5,3261.0,28,Win,Gold
109588,2026-08-16,P014,Varun,Chamber,Pearl,14,14,7,4,2005.0,26,Loss,Platinum
103562,2026-04-28,P016,Arjun,Jett,Sunset,3,18,8,1,763.0,27,Loss,Immortal
100562,2026-03-08,P010,Pratik,Raze,Split,10,10,6,6,1569.0,24,Loss,Gold
106683,2026-06-11,P011,Neeraj,Sage,Split,11,11,6,3,1802.0,18,Loss,Diamond
102546,2026-02-10,P010,Pratik,Raze,Pearl,36,11,7,19,6500.0,23,Win,Gold
105510,2026-01-22,P008,Aditya,Sage,Pearl,11,19,0,4,1616.0,27,Loss,Platinum
105330,2026-03-10,P006,Vivek,Cypher,Pearl,24,12,0,12,3329.0,27,Win,Ascendant
108131,2026-04-04,P005,Akash,Jett,Ascent,38,19,4,18,3432.0,27,Loss,Gold
104531,2026-04-29,P012,Yash,Chamber,Lotus,15,12,0,9,2651.0,18,Win,Diamond
101674,2026-07-09,P019,Ritesh,Brimstone,Bind,21,13,3,8,2789.0,28,Win,Platinum
107395,2026-02-15,P008,Aditya,Cypher,Sunset,18,10,3,9,2019.0,26,Loss,Silver
100365,2026-06-04,P011,Neeraj,Sage,Bind,12,14,0,5,1860.0,23,Win,Diamond
108051,2026-03-30,P019,Ritesh,Cypher,Bind,22,9,5,12,3322.0,24,Loss,Silver
107926,2026-06-25,P005,Akash,Killjoy,Ascent,22,10,1,6,2118.0,24,Win,Diamond
104327,2026-08-31,P003,Amit,Chamber,Lotus,3,13,7,0,638.0,29,Win,Diamond
102551,2026-06-09,P018,Manish,Sova,Bind,26,18,3,15,5223.0,27,Loss,Silver
100147,2026-04-03,P010,Pratik,Jett,Pearl,7,14,8,2,1030.0,30,Loss,Platinum
101668,2026-06-15,P002,Rahul,Sage,Haven,19,17,4,7,2220.0,28,Win,Diamond
103088,2026-09-10,P002,Rahul,Raze,Split,29,17,5,11,3301.0,26,Loss,Gold
108863,2026-08-08,P020,Harsh,Jett,Pearl,15,12,2,6,1727.0,30,Loss,Platinum
107650,2026-03-15,P008,Aditya,Omen,Icebox,18,17,10,6,2725.0,25,Loss,Silver
100407,2026-09-19,P002,Rahul,Fade,Icebox,19,12,7,8,3305.0,28,Loss,Diamond
109604,2026-05-30,P019,Ritesh,Brimstone,Breeze,6,13,0,4,864.0,23,Win,Platinum
107788,2026-07-16,P006,Vivek,Brimstone,Ascent,19,14,10,4,2875.0,22,Win,Silver
103456,2026-07-11,P017,Siddhant,Omen,Ascent,30,13,4,17,3842.0,27,Loss,Silver
106186,2026-05-12,P019,Ritesh,Sage,Haven,7,15,5,2,1296.0,29,Win,Silver
104182,2026-03-31,P017,Siddhant,Sova,Sunset,18,24,6,9,3290.0,24,Loss,Silver
103576,2026-04-19,P004,Rohan,Raze,Sunset,9,27,11,4,1366.0,21,Win,Silver
103271,2026-04-08,P015,Nikhil,Reyna,Haven,19,12,2,7,2738.0,20,Loss,Gold
104940,2026-06-23,P017,Siddhant,Chamber,Bind,16,17,4,3,2604.0,30,Win,Silver
101031,2026-03-04,P005,Akash,Gekko,Haven,15,19,8,2,2598.0,30,Win,Gold
108027,2026-04-16,P011,Neeraj,Viper,Pearl,31,11,5,13,4256.0,26,Loss,Immortal
106230,2026-03-26,P017,Siddhant,Sova,Sunset,22,10,1,9,4340.0,22,Win,Gold
106592,2026-07-14,P004,Rohan,Raze,Bind,20,13,5,13,3174.0,20,Win,Platinum
108925,2026-04-23,P012,Yash,Phoenix,Lotus,3,14,10,3,410.0,21,Loss,Bronze
109831,2026-09-08,P012,Yash,Cypher,Split,16,16,0,6,1668.0,24,Win,Silver
106724,2026-04-03,P003,Amit,Raze,Breeze,11,9,6,5,1604.0,21,Win,Diamond
108064,2026-05-14,P001,Shubham,Sova,Split,22,16,9,11,3568.0,19,Loss,Ascendant
108087,2026-04-10,P009,Sahil,Phoenix,Ascent,21,12,2,12,2387.0,18,Loss,Platinum
100855,2026-02-21,P015,Nikhil,Killjoy,Haven,20,18,8,4,1929.0,23,Loss,Diamond
103926,2026-08-02,P012,Yash,Viper,Breeze,7,17,8,1,1385.0,24,Loss,Gold
108566,2026-04-01,P002,Rahul,Killjoy,Icebox,11,10,2,5,1799.0,27,Loss,Iron
100078,2026-01-04,P002,Rahul,Chamber,Bind,23,14,4,9,3706.0,18,Loss,Immortal
107088,2026-05-17,P015,Nikhil,Raze,Haven,16,14,4,2,2007.0,21,Win,Immortal
102247,2026-06-03,P019,Ritesh,Sage,Split,38,17,2,12,5387.0,23,Loss,Silver
108281,2026-01-13,P018,Manish,Chamber,Pearl,8,13,0,1,974.0,26,Loss,Silver
104026,2026-01-28,P016,Arjun,Gekko,Lotus,20,19,1,5,2754.0,20,Loss,Platinum
109969,2026-05-31,P001,Shubham,Killjoy,Pearl,23,11,7,16,3778.0,23,Loss,Diamond
109591,2026-08-15,P005,Akash,Killjoy,Icebox,4,16,7,2,802.0,27,Loss,Gold
109314,2026-01-30,P019,Ritesh,Cypher,Haven,16,28,6,5,,29,Win,Diamond
100714,2026-04-15,P010,Pratik,Raze,Breeze,28,13,5,10,4498.0,19,Loss,Silver
107451,2026-05-31,P009,Sahil,Brimstone,Icebox,23,15,7,11,3722.0,26,Win,Ascendant
100788,2026-05-09,P005,Akash,Jett,Haven,17,10,9,5,2001.0,30,Loss,Immortal
102279,2026-04-30,P019,Ritesh,Killjoy,Ascent,23,9,6,8,3472.0,29,Win,Iron
104095,2026-01-02,P010,Pratik,Raze,Sunset,30,10,7,13,5457.0,23,Win,Silver
103897,2026-07-25,P020,Harsh,Raze,Breeze,22,12,4,6,4592.0,28,Loss,Gold
108223,2026-02-03,P005,Akash,Fade,Bind,27,18,5,12,3611.0,21,Loss,Bronze
107177,2026-02-11,P008,Aditya,Chamber,Ascent,11,13,7,4,1523.0,24,Loss,Gold
109095,2026-08-24,P012,Yash,Sova,Breeze,18,12,6,9,3587.0,29,Loss,Diamond
109472,2026-05-29,P006,Vivek,Brimstone,Pearl,27,12,5,7,5744.0,22,Win,Iron
103631,2026-06-14,P005,Akash,Cypher,Pearl,22,14,3,11,2182.0,21,Win,Platinum
108643,2026-06-26,P007,Karan,Brimstone,Icebox,26,13,8,10,3803.0,30,Win,Gold
107297,2026-04-26,P001,Shubham,Cypher,Split,11,4,4,4,1168.0,28,Loss,Ascendant
106272,2026-06-24,P003,Amit,Omen,Sunset,21,20,6,6,4320.0,30,Loss,Platinum
100424,2026-03-18,P019,Ritesh,Killjoy,Icebox,17,21,5,10,3561.0,22,Win,Diamond
100392,2026-06-27,P016,Arjun,Fade,Pearl,11,16,2,7,1063.0,30,Win,Gold
103191,2026-01-08,P013,Ankit,Jett,Sunset,28,12,8,8,4907.0,26,Win,Diamond
100016,2026-01-06,P017,Siddhant,Jett,Sunset,20,12,6,4,2593.0,20,Win,Gold
106335,2026-05-19,P017,Siddhant,Raze,Split,10,11,4,7,1260.0,24,Win,Ascendant
104200,2026-05-11,P016,Arjun,Gekko,Haven,9,17,5,3,1585.0,28,Loss,Platinum
102672,2026-09-03,P008,Aditya,Chamber,Bind,17,10,4,14,3093.0,29,Win,Bronze
102444,2026-09-14,P013,Ankit,Jett,Bind,26,19,10,6,3878.0,29,Win,Diamond
106697,2026-04-14,P014,Varun,Fade,Bind,17,11,6,5,2008.0,18,Loss,Gold
106164,2026-03-01,P006,Vivek,Sova,Sunset,15,12,6,8,2341.0,27,Loss,Platinum
102601,2026-02-13,P009,Sahil,Brimstone,Sunset,27,13,7,12,3259.0,21,Loss,Diamond
103493,2026-06-21,P010,Pratik,Brimstone,Lotus,14,13,11,1,1966.0,20,Win,Silver
106044,2026-05-11,P019,Ritesh,Brimstone,Breeze,29,15,6,17,3214.0,29,Loss,Bronze
101459,2026-09-09,P013,Ankit,Cypher,Breeze,19,12,7,7,2368.0,20,Win,Gold
103804,2026-02-14,P008,Aditya,Jett,Icebox,23,13,3,12,3085.0,19,Win,Bronze
109865,2026-01-03,P009,Sahil,Brimstone,Sunset,19,18,2,7,1889.0,24,Loss,Silver
107394,2026-04-07,P018,Manish,Jett,Haven,16,15,3,3,2690.0,24,Win,Gold
104839,2026-09-11,P001,Shubham,Fade,Lotus,3,10,7,2,386.0,19,Win,Gold
108146,2026-05-28,P016,Arjun,Viper,Pearl,11,22,10,5,1365.0,30,Win,Gold
103835,2026-08-31,P010,Pratik,Cypher,Sunset,13,18,2,2,1528.0,29,Win,Iron
109332,2026-07-09,P009,Sahil,Sage,Lotus,14,20,12,9,2522.0,22,Win,Gold
105683,2026-08-23,P015,Nikhil,Raze,Haven,16,9,2,5,1963.0,29,Loss,Platinum
108767,2026-08-22,P009,Sahil,Fade,Breeze,18,7,9,6,2736.0,18,Loss,Diamond
105827,2026-08-10,P016,Arjun,Raze,Lotus,9,20,5,4,1246.0,22,Win,Gold
109768,2026-02-09,P016,Arjun,Brimstone,Split,29,13,4,8,3563.0,24,Win,Platinum
104724,2026-02-25,P002,Rahul,Sage,Pearl,19,10,7,4,2815.0,29,Win,Gold
108778,2026-05-31,P003,Amit,Raze,Lotus,25,15,5,6,3974.0,18,Win,Bronze
105887,2026-02-20,P019,Ritesh,Gekko,Lotus,23,12,2,6,2731.0,22,Win,Ascendant
102355,2026-02-24,P007,Karan,Jett,Pearl,7,20,6,2,1070.0,28,Loss,Bronze
106036,2026-08-05,P015,Nikhil,Fade,Lotus,24,19,4,4,2889.0,30,Win,Gold
104798,2026-09-18,P014,Varun,Raze,Lotus,22,12,2,9,2610.0,27,Win,Gold
102442,2026-01-11,P013,Ankit,Killjoy,Ascent,18,13,3,9,2446.0,19,Loss,Gold
108664,2026-02-12,P020,Harsh,Chamber,Haven,15,18,6,9,2606.0,21,Loss,Bronze
104592,2026-04-21,P009,Sahil,Brimstone,Lotus,18,17,3,12,2851.0,26,Win,Gold
108791,2026-03-30,P019,Ritesh,Fade,Sunset,19,14,8,6,2930.0,30,Loss,Platinum
100464,2026-08-30,P018,Manish,Brimstone,Bind,22,15,9,9,3389.0,27,Loss,Ascendant
100163,2026-09-21,P015,Nikhil,Omen,Haven,21,18,8,8,3705.0,27,Loss,Diamond
109280,2026-01-09,P019,Ritesh,Fade,Lotus,27,11,2,6,4556.0,25,Loss,Gold
109453,2026-03-25,P019,Ritesh,Viper,Pearl,20,21,0,11,3055.0,19,Loss,Silver
108423,2026-08-04,P010,Pratik,Killjoy,Breeze,4,15,4,1,405.0,26,Win,
109797,2026-05-13,P003,Amit,Brimstone,Bind,31,16,2,11,4724.0,28,Loss,Platinum
109498,2026-09-29,P014,Varun,Killjoy,Split,23,11,4,7,4194.0,23,Loss,Gold
107380,2026-08-05,P017,Siddhant,Chamber,Breeze,19,12,5,3,3158.0,19,Win,Platinum
106636,2026-04-16,P016,Arjun,Chamber,Ascent,12,13,3,9,1051.0,19,Loss,Platinum
100241,2026-03-08,P014,Varun,Gekko,Pearl,12,20,4,2,2173.0,27,Win,Diamond
102009,2026-07-25,P009,Sahil,Fade,Breeze,17,11,10,9,2519.0,18,Loss,Silver
106356,2026-03-28,P002,Rahul,Killjoy,Lotus,18,11,1,7,2384.0,30,Win,Gold
103084,2026-02-06,P012,Yash,Killjoy,Icebox,17,18,6,6,,19,Win,Silver
106208,2026-05-15,P010,Pratik,Jett,Haven,22,9,7,9,3695.0,28,Win,Gold
100900,2026-07-31,P017,Siddhant,Viper,Pearl,21,11,6,6,2255.0,27,Win,Silver
105542,2026-04-14,P006,Vivek,Brimstone,Ascent,18,18,5,9,3756.0,23,Loss,Platinum
106007,2026-09-29,P014,Varun,Reyna,Ascent,22,11,3,12,2646.0,29,Win,Gold
107638,2026-03-25,P007,Karan,Omen,Pearl,14,13,13,8,1758.0,27,Loss,Silver
106793,2026-09-07,P012,Yash,Raze,Bind,18,16,6,10,1637.0,22,Win,Silver
108820,2026-03-19,P019,Ritesh,Phoenix,Icebox,24,13,9,5,4352.0,22,Win,Ascendant
107758,2026-02-19,P020,Harsh,Cypher,Icebox,15,15,1,12,956.0,21,Loss,Gold
104837,2026-06-09,P004,Rohan,Phoenix,Sunset,26,18,6,7,2557.0,23,Win,Platinum
102293,2026-08-22,P009,Sahil,Brimstone,Pearl,13,14,5,2,2073.0,28,Loss,Platinum
106548,2026-04-04,P011,Neeraj,Fade,Haven,15,12,7,6,2264.0,21,Loss,Ascendant
107898,2026-06-12,P012,Yash,Brimstone,Split,8,17,4,3,1077.0,27,Loss,Platinum
108012,2026-08-18,P004,Rohan,Sage,Lotus,14,12,4,7,1610.0,22,Loss,Gold
104481,2026-09-12,P004,Rohan,Sage,Split,21,10,2,6,2845.0,30,Win,Ascendant
105302,2026-07-23,P015,Nikhil,Sova,Split,20,14,8,1,3076.0,22,Loss,Platinum
104605,2026-09-02,P020,Harsh,Killjoy,Lotus,11,12,8,7,2092.0,19,Loss,Gold
103716,2026-03-20,P006,Vivek,Reyna,Split,21,20,6,7,3245.0,28,Win,Platinum
109090,2026-07-21,P013,Ankit,Raze,Bind,27,15,3,13,3005.0,20,Win,Diamond
106140,2026-09-02,P007,Karan,Viper,Icebox,22,16,6,15,4008.0,19,Win,Bronze
101764,2026-02-13,P011,Neeraj,Reyna,Bind,19,10,4,5,3202.0,21,Loss,Diamond
106598,2026-05-11,P020,Harsh,Phoenix,Haven,14,18,3,7,2814.0,30,Win,Iron
101549,2026-02-03,P001,Shubham,Jett,Lotus,22,16,4,4,2915.0,24,Win,Diamond
103029,2026-04-22,P017,Siddhant,Jett,Haven,19,16,11,6,2615.0,23,Loss,Silver
108672,2026-08-21,P016,Arjun,Phoenix,Icebox,26,16,5,10,4914.0,26,Win,Platinum
106298,2026-06-30,P002,Rahul,Raze,Pearl,15,17,4,8,2413.0,21,Win,Ascendant
106662,2026-01-14,P007,Karan,Viper,Lotus,19,19,9,9,4281.0,25,Win,Platinum
106626,2026-05-06,P016,Arjun,Fade,Lotus,30,16,5,17,3033.0,24,Loss,Bronze
102044,2026-03-24,P003,Amit,Gekko,Lotus,9,6,0,3,1379.0,20,Loss,Ascendant
100767,2026-04-08,P004,Rohan,Cypher,Split,25,13,7,11,4994.0,22,Loss,Gold
105693,2026-06-21,P004,Rohan,Fade,Pearl,28,13,2,10,3702.0,18,Win,Iron
107870,2026-09-13,P017,Siddhant,Killjoy,Bind,13,21,11,4,1766.0,28,Loss,Silver
107795,2026-03-20,P001,Shubham,Viper,Bind,15,8,2,9,2567.0,27,Loss,Gold
101508,2026-01-06,P011,Neeraj,Sova,Icebox,12,16,6,6,2126.0,20,Loss,Ascendant
107230,2026-07-28,P012,Yash,Sage,Icebox,11,14,5,4,1670.0,22,Win,Platinum
107857,2026-03-31,P014,Varun,Killjoy,Sunset,15,15,7,6,2635.0,22,Win,Ascendant
103302,2026-09-10,P017,Siddhant,Chamber,Sunset,28,16,8,13,5795.0,29,Loss,Ascendant
104517,2026-08-19,P002,Rahul,Phoenix,Split,31,11,1,7,4540.0,30,Loss,Diamond
104219,2026-02-13,P009,Sahil,Gekko,Pearl,23,13,3,10,3878.0,18,Loss,Ascendant
109097,2026-06-14,P010,Pratik,Fade,Pearl,27,13,8,3,4891.0,20,Loss,Platinum
108024,2026-01-25,P017,Siddhant,Brimstone,Pearl,7,14,9,2,1401.0,20,Loss,Gold
103292,2026-06-06,P017,Siddhant,Chamber,Lotus,26,14,5,16,3922.0,27,Win,Iron
100819,2026-04-29,P008,Aditya,Phoenix,Pearl,14,21,1,9,2348.0,25,Loss,Bronze
101403,2026-02-04,P012,Yash,Cypher,Breeze,16,13,0,6,2503.0,29,Loss,Iron
101382,2026-03-09,P019,Ritesh,Sage,Split,19,12,9,7,2530.0,29,Loss,Gold
102148,2026-07-24,P015,Nikhil,Gekko,Haven,11,16,4,3,1198.0,27,Loss,Immortal
106928,2026-07-15,P006,Vivek,Killjoy,Split,18,13,8,6,2503.0,30,Win,Platinum
105671,2026-02-15,P009,Sahil,Omen,Haven,14,14,0,5,2412.0,28,Win,Ascendant
101638,2026-09-07,P007,Karan,Brimstone,Lotus,14,25,10,5,2120.0,23,Win,Diamond
105891,2026-05-06,P015,Nikhil,Viper,Ascent,21,19,8,6,3329.0,21,Win,Gold
107427,2026-04-20,P003,Amit,Cypher,Icebox,13,5,3,2,1495.0,22,Win,Silver
100608,2026-02-11,P016,Arjun,Killjoy,Breeze,23,19,2,11,3649.0,25,Win,Platinum
106907,2026-01-09,P004,Rohan,Sage,Icebox,17,17,3,11,3253.0,26,Win,Silver
100399,2026-06-15,P004,Rohan,Viper,Bind,20,18,5,7,2814.0,24,Win,Gold
107247,2026-06-22,P018,Manish,Killjoy,Sunset,4,15,8,1,754.0,24,Loss,Silver
106406,2026-09-11,P002,Rahul,Omen,Pearl,10,14,4,4,1871.0,25,Loss,Gold
100882,2026-06-26,P012,Yash,Jett,Lotus,20,14,9,7,2736.0,22,Loss,Immortal
103565,2026-04-07,P015,Nikhil,Jett,Breeze,20,12,5,7,3000.0,29,Win,Ascendant
104285,2026-05-09,P020,Harsh,Omen,Icebox,19,17,11,9,2376.0,28,Loss,Gold
101179,2026-05-27,P013,Ankit,Omen,Icebox,17,19,5,8,3268.0,27,Win,Silver
105448,2026-06-30,P014,Varun,Cypher,Icebox,10,9,3,2,1520.0,25,Win,Bronze
104244,2026-01-20,P019,Ritesh,Brimstone,Pearl,26,10,4,10,4088.0,24,Loss,Gold
105218,2026-09-06,P014,Varun,Raze,Pearl,13,15,2,4,1197.0,18,Loss,Gold
103976,2026-01-11,P005,Akash,Viper,Sunset,13,10,4,5,1742.0,29,Win,Diamond
102130,2026-07-14,P010,Pratik,Jett,Haven,3,20,9,2,562.0,21,Loss,Platinum
105078,2026-02-21,P005,Akash,Killjoy,Sunset,21,15,8,8,3495.0,22,Loss,Platinum
100456,2026-05-02,P020,Harsh,Sage,Haven,25,11,6,5,4570.0,26,Loss,Diamond
105582,2026-04-30,P009,Sahil,Cypher,Breeze,14,9,7,5,1757.0,30,Win,Gold
105175,2026-06-24,P018,Manish,Omen,Breeze,12,15,5,5,1617.0,20,Loss,Platinum
101950,2026-07-22,P011,Neeraj,Reyna,Haven,19,14,1,8,1896.0,21,Win,Silver
105372,2026-03-01,P019,Ritesh,Sage,Bind,14,18,2,3,1557.0,28,Win,Gold
100689,2026-07-25,P010,Pratik,Jett,Sunset,9,16,8,2,1006.0,19,Loss,Bronze
108871,2026-01-17,P015,Nikhil,Reyna,Lotus,8,10,6,3,1188.0,18,Win,Ascendant
106525,2026-01-23,P003,Amit,Viper,Breeze,17,17,5,6,3006.0,22,Win,Bronze
109841,2026-06-17,P002,Rahul,Viper,Haven,24,13,6,12,3663.0,19,Loss,Platinum
106488,2026-09-09,P018,Manish,Omen,Split,3,6,6,0,614.0,29,Win,Platinum
106921,2026-05-08,P005,Akash,Viper,Ascent,23,18,5,6,4031.0,26,Loss,Ascendant
101953,2026-07-23,P016,Arjun,Omen,Haven,26,13,2,5,3208.0,28,Loss,Silver
107634,2026-01-06,P009,Sahil,Sage,Icebox,14,13,8,7,3159.0,30,Win,Bronze
105636,2026-04-26,P015,Nikhil,Raze,Pearl,21,11,3,7,3311.0,26,Win,Silver
107154,2026-04-08,P012,Yash,Sova,Ascent,16,16,9,8,2139.0,28,Win,Platinum
108515,2026-09-30,P019,Ritesh,Jett,Icebox,22,20,9,5,2955.0,29,Loss,Gold
106610,2026-02-24,P015,Nikhil,Jett,Breeze,17,14,2,5,2481.0,26,Loss,Silver
102710,2026-01-04,P015,Nikhil,Raze,Haven,11,15,4,2,1465.0,19,Loss,Gold
108586,2026-07-26,P009,Sahil,Sova,Icebox,26,14,7,7,3673.0,28,Win,Iron
103201,2026-06-15,P014,Varun,Cypher,Haven,10,13,9,5,1827.0,26,Win,Platinum
104349,2026-05-14,P014,Varun,Omen,Pearl,12,9,6,6,1789.0,28,Win,Platinum
104138,2026-02-23,P008,Aditya,Cypher,Split,29,10,7,8,4831.0,28,Win,Gold
101884,2026-01-09,P003,Amit,Cypher,Pearl,5,20,5,3,598.0,29,Win,Diamond
108658,2026-01-30,P007,Karan,Sova,Pearl,31,22,4,15,4918.0,26,Win,Silver
104485,2026-09-10,P014,Varun,Phoenix,Haven,27,15,14,10,3426.0,20,Loss,Platinum
102494,2026-05-19,P006,Vivek,Raze,Split,21,13,5,12,2687.0,20,Loss,Gold
105947,2026-09-21,P015,Nikhil,Jett,Bind,19,17,2,5,2218.0,24,Win,Diamond
103036,2026-05-12,P016,Arjun,Gekko,Haven,22,11,8,10,3009.0,20,Win,Platinum
105777,2026-04-07,P007,Karan,Brimstone,Pearl,22,14,5,6,2478.0,25,Loss,Silver
103603,2026-05-07,P012,Yash,Gekko,Ascent,34,20,4,11,4472.0,21,Win,Platinum
100845,2026-01-26,P008,Aditya,Brimstone,Haven,24,15,4,6,3529.0,20,Loss,Platinum
100542,2026-08-06,P011,Neeraj,Fade,Split,22,19,7,6,4297.0,22,Loss,Gold
103724,2026-03-08,P004,Rohan,Reyna,Haven,22,10,5,10,2287.0,25,Loss,Bronze
104187,2026-06-09,P006,Vivek,Viper,Bind,10,12,11,5,1521.0,30,Win,Bronze
103679,2026-05-09,P019,Ritesh,Sage,Split,26,13,5,11,2194.0,28,Win,Platinum
108918,2026-02-10,P007,Karan,Fade,Split,7,14,7,4,1228.0,30,Loss,Bronze
107967,2026-02-21,P001,Shubham,Fade,Haven,20,16,4,10,2907.0,29,Win,Diamond
108503,2026-07-21,P013,Ankit,Raze,Ascent,14,19,8,8,2051.0,18,Loss,Platinum
106075,2026-08-11,P013,Ankit,Gekko,Sunset,28,21,13,8,4431.0,21,Loss,Platinum
107340,2026-01-06,P011,Neeraj,Brimstone,Split,17,8,2,5,2634.0,21,Loss,Silver
108243,2026-03-16,P006,Vivek,Sage,Bind,24,14,3,10,4884.0,22,Win,Silver
107246,2026-09-20,P010,Pratik,Phoenix,Pearl,15,10,8,11,1806.0,18,Win,Silver
109026,2026-07-19,P014,Varun,Reyna,Split,6,16,2,3,999.0,24,Loss,Gold
109627,2026-02-08,P020,Harsh,Sova,Icebox,32,12,9,17,5484.0,30,Win,Diamond
107137,2026-07-01,P012,Yash,Sage,Pearl,17,10,8,7,4273.0,30,Win,Silver
102964,2026-07-06,P010,Pratik,Phoenix,Lotus,12,16,4,3,1772.0,28,Win,Platinum
107559,2026-08-17,P017,Siddhant,Fade,Haven,10,12,7,2,1845.0,29,Loss,Gold
102529,2026-07-01,P010,Pratik,Raze,Ascent,14,11,6,9,1870.0,23,Win,Silver
107284,2026-01-23,P016,Arjun,Reyna,Breeze,10,20,7,3,1444.0,23,Loss,Silver
105772,2026-08-27,P010,Pratik,Phoenix,Lotus,33,14,5,8,4930.0,22,Loss,Platinum
101048,2026-03-05,P003,Amit,Sova,Breeze,19,15,7,10,2761.0,27,Loss,Diamond
107045,2026-06-06,P016,Arjun,Phoenix,Icebox,17,10,0,6,2708.0,18,Win,Iron
101960,2026-04-06,P001,Shubham,Sova,Ascent,14,23,5,5,2385.0,30,Loss,Ascendant
102530,2026-08-18,P005,Akash,Brimstone,Split,31,12,3,11,4260.0,29,Win,Gold
108573,2026-01-17,P009,Sahil,Killjoy,Bind,19,13,9,2,3355.0,26,Loss,Gold
107603,2026-09-06,P005,Akash,Reyna,Split,20,13,0,9,3062.0,29,Loss,Gold
106524,2026-03-08,P009,Sahil,Omen,Ascent,8,18,7,0,1503.0,18,Loss,Platinum
100237,2026-05-17,P020,Harsh,Chamber,Ascent,15,17,0,10,2685.0,23,Win,Bronze
104917,2026-07-04,P011,Neeraj,Cypher,Pearl,11,13,10,3,1696.0,23,Loss,Silver
106479,2026-09-09,P007,Karan,Phoenix,Lotus,29,14,5,15,4938.0,28,Loss,Gold
101133,2026-06-23,P014,Varun,Viper,Breeze,13,14,3,5,2306.0,30,Loss,Platinum
106976,2026-06-22,P004,Rohan,Sage,Split,29,13,7,6,3926.0,25,Loss,Bronze
105901,2026-09-25,P007,Karan,Gekko,Pearl,9,15,5,0,1172.0,23,Loss,Ascendant
109076,2026-03-26,P012,Yash,Phoenix,Sunset,13,10,0,4,1886.0,20,Loss,Diamond
104259,2026-07-31,P012,Yash,Killjoy,Pearl,16,11,6,7,1359.0,22,Loss,Diamond
108859,2026-05-27,P006,Vivek,Brimstone,Bind,21,23,14,12,4718.0,28,Loss,Silver
106965,2026-05-19,P013,Ankit,Sova,Sunset,12,9,5,6,1440.0,18,Loss,Gold
109999,2026-06-06,P004,Rohan,Reyna,Breeze,7,11,6,3,1190.0,20,Loss,Platinum
100792,2026-01-04,P016,Arjun,Viper,Icebox,29,15,4,7,4608.0,24,Loss,Platinum
101985,2026-07-12,P002,Rahul,Cypher,Split,31,8,6,14,4809.0,30,Loss,Iron
105656,2026-09-08,P013,Ankit,Viper,Lotus,11,15,1,4,2090.0,18,Win,Diamond
108758,2026-07-27,P018,Manish,Sage,Bind,14,10,10,6,2599.0,21,Loss,Gold
107935,2026-04-21,P009,Sahil,Brimstone,Sunset,23,19,5,3,2650.0,21,Win,Gold
106097,2026-08-15,P015,Nikhil,Gekko,Bind,26,23,5,11,4208.0,22,Loss,Gold
105907,2026-02-07,P011,Neeraj,Reyna,Lotus,10,9,6,3,1523.0,29,Win,Gold
107373,2026-04-15,P002,Rahul,Viper,Haven,7,14,4,2,991.0,30,Loss,Iron
108163,2026-02-09,P004,Rohan,Cypher,Icebox,16,12,0,6,2299.0,19,Win,Gold
102978,2026-03-20,P015,Nikhil,Reyna,Lotus,12,15,6,7,2020.0,22,Loss,Bronze
108880,2026-09-30,P020,Harsh,Sova,Sunset,14,12,8,8,1827.0,19,Win,Immortal
109320,2026-09-20,P002,Rahul,Fade,Sunset,23,16,2,5,3552.0,20,Win,Platinum
106721,2026-01-25,P015,Nikhil,Cypher,Bind,18,12,4,0,2496.0,18,Loss,Platinum
107842,2026-01-03,P020,Harsh,Omen,Split,14,7,7,7,2191.0,24,Win,Diamond
105524,2026-04-12,P017,Siddhant,Fade,Haven,19,15,6,3,2161.0,28,Win,Diamond
108740,2026-05-02,P011,Neeraj,Brimstone,Pearl,13,10,5,3,1838.0,27,Loss,Diamond
108237,2026-09-01,P010,Pratik,Gekko,Split,14,17,1,8,1822.0,20,Win,Immortal
108785,2026-05-01,P003,Amit,Chamber,Pearl,11,18,5,5,1630.0,22,Win,Immortal
108622,2026-02-05,P004,Rohan,Jett,Breeze,12,9,2,5,1672.0,29,Win,Diamond
107174,2026-06-18,P015,Nikhil,Raze,Lotus,11,16,0,8,1524.0,22,Loss,Diamond
103919,2026-04-07,P020,Harsh,Viper,Ascent,26,18,4,10,4033.0,24,Win,Ascendant
103138,2026-07-22,P003,Amit,Chamber,Sunset,15,14,5,6,2210.0,30,Win,Gold
109450,2026-05-10,P007,Karan,Omen,Split,12,20,0,6,1551.0,19,Win,Gold
109953,2026-02-14,P016,Arjun,Omen,Lotus,17,16,6,2,1833.0,18,Win,Iron
105789,2026-01-13,P014,Varun,Fade,Lotus,3,12,0,1,602.0,30,Win,Ascendant
104073,2026-01-13,P019,Ritesh,Raze,Pearl,20,19,2,8,2881.0,20,Win,Immortal
103287,2026-01-27,P007,Karan,Sova,Bind,19,15,6,9,2543.0,24,Loss,Gold
103229,2026-04-23,P011,Neeraj,Cypher,Bind,13,14,0,7,2367.0,18,Win,Diamond
101826,2026-04-15,P012,Yash,Raze,Bind,14,12,8,6,2173.0,30,Win,Platinum
105548,2026-02-23,P008,Aditya,Chamber,Lotus,7,17,5,0,1432.0,23,Loss,Diamond
100593,2026-08-24,P009,Sahil,Sage,Bind,17,9,5,8,2212.0,19,Loss,Platinum
102725,2026-09-17,P008,Aditya,Raze,Lotus,21,15,6,6,2494.0,23,Loss,Bronze
104137,2026-05-06,P012,Yash,Phoenix,Pearl,21,9,5,14,3176.0,27,Win,Platinum
100560,2026-07-18,P017,Siddhant,Sova,Breeze,15,17,2,5,1669.0,18,Loss,Silver
107406,2026-02-25,P001,Shubham,Jett,Ascent,11,8,8,6,1726.0,30,Loss,Gold
108825,2026-07-04,P014,Varun,Brimstone,Bind,26,23,4,9,3735.0,23,Win,Gold
108404,2026-08-31,P008,Aditya,Fade,Bind,20,14,7,6,3622.0,19,Win,Ascendant
100243,2026-01-25,P020,Harsh,Viper,Lotus,15,15,5,1,1898.0,22,Loss,Platinum
107268,2026-02-10,P005,Akash,Jett,Bind,19,17,6,10,3577.0,24,Win,Silver
105435,2026-05-01,P017,Siddhant,Sage,Lotus,13,13,6,7,2442.0,29,Win,Gold
104437,2026-01-28,P007,Karan,Jett,Ascent,26,12,3,7,5257.0,27,Loss,Diamond
108337,2026-05-28,P005,Akash,Sova,Breeze,19,14,1,5,2460.0,30,Win,Platinum
108106,2026-08-14,P004,Rohan,Cypher,Haven,24,15,5,5,3961.0,26,Loss,Platinum
100405,2026-03-24,P015,Nikhil,Phoenix,Lotus,24,8,8,8,4142.0,29,Win,Gold
101442,2026-05-17,P001,Shubham,Jett,Sunset,7,15,0,3,893.0,22,Win,Diamond
100261,2026-03-18,P011,Neeraj,Sage,Icebox,26,13,3,11,2411.0,27,Loss,Platinum
104406,2026-08-18,P016,Arjun,Killjoy,Split,12,12,6,6,1377.0,23,Loss,Gold
107633,2026-05-16,P001,Shubham,Fade,Lotus,19,10,7,8,3015.0,20,Win,Platinum
109553,2026-07-08,P012,Yash,Killjoy,Lotus,19,10,11,6,2400.0,27,Loss,Silver
101689,2026-06-20,P011,Neeraj,Brimstone,Pearl,17,13,2,8,2203.0,26,Win,Platinum
109886,2026-04-01,P014,Varun,Brimstone,Sunset,27,12,7,8,2533.0,21,Loss,Diamond
101725,2026-08-14,P008,Aditya,Killjoy,Bind,18,18,3,10,2686.0,21,Loss,Silver
109013,2026-05-16,P015,Nikhil,Sova,Pearl,26,17,1,6,3028.0,24,Win,Platinum
104930,2026-04-30,P003,Amit,Chamber,Pearl,14,9,8,4,2430.0,21,Loss,Gold
105962,2026-06-25,P018,Manish,Sova,Pearl,13,10,6,8,2436.0,26,Win,Ascendant
102496,2026-09-12,P015,Nikhil,Sage,Split,27,10,7,8,4712.0,29,Win,Silver
109033,2026-09-06,P002,Rahul,Sage,Haven,17,14,3,5,2561.0,18,Win,Ascendant
106904,2026-09-24,P005,Akash,Brimstone,Breeze,13,17,4,6,1695.0,18,Loss,Platinum
106106,2026-08-28,P001,Shubham,Chamber,Icebox,16,11,0,6,1461.0,18,Loss,Platinum
108218,2026-01-26,P016,Arjun,Sova,Split,19,7,7,10,3284.0,21,Win,Gold
100340,2026-04-08,P015,Nikhil,Cypher,Haven,27,20,7,14,2212.0,24,Loss,Platinum
102408,2026-02-25,P005,Akash,Raze,Icebox,6,15,1,3,994.0,27,Win,Diamond
101601,2026-04-19,P017,Siddhant,Fade,Haven,27,14,5,19,2567.0,23,Loss,Gold
109884,2026-01-13,P014,Varun,Raze,Bind,15,12,11,7,3442.0,20,Loss,Gold
108377,2026-03-08,P007,Karan,Phoenix,Haven,3,17,0,1,440.0,23,Win,Gold
105782,2026-03-15,P012,Yash,Reyna,Lotus,12,10,5,8,1485.0,19,Loss,Diamond
104576,2026-01-09,P003,Amit,Jett,Lotus,12,11,4,3,1743.0,24,Win,Gold
107971,2026-09-18,P001,Shubham,Raze,Breeze,18,13,7,7,2158.0,27,Win,Gold
103725,2026-02-07,P018,Manish,Sage,Split,11,22,5,5,,27,Loss,Gold
102556,2026-02-23,P001,Shubham,Chamber,Ascent,9,20,4,3,1693.0,27,Win,Immortal
102785,2026-05-13,P012,Yash,Killjoy,Haven,14,16,4,8,2462.0,27,Win,Gold
101523,2026-02-05,P006,Vivek,Phoenix,Pearl,10,13,8,1,1334.0,27,Loss,Gold
107717,2026-05-11,P012,Yash,Gekko,Sunset,27,16,6,6,3619.0,22,Win,Gold
102507,2026-07-18,P002,Rahul,Cypher,Haven,17,15,6,2,2407.0,18,Loss,Bronze
102831,2026-06-08,P018,Manish,Killjoy,Pearl,18,11,4,5,2686.0,26,Win,Gold
101012,2026-09-27,P019,Ritesh,Sage,Sunset,15,11,2,10,1804.0,29,Win,Platinum
105280,2026-01-08,P020,Harsh,Killjoy,Pearl,9,16,5,2,2150.0,18,Loss,Diamond
104895,2026-08-13,P008,Aditya,Sova,Breeze,12,15,7,1,1905.0,26,Loss,Gold
107121,2026-01-13,P006,Vivek,Reyna,Sunset,19,15,7,8,2600.0,25,Win,Immortal
106549,2026-08-02,P002,Rahul,Phoenix,Sunset,9,12,7,4,1279.0,28,Loss,Ascendant
104037,2026-07-15,P002,Rahul,Reyna,Split,24,15,3,13,3136.0,24,Loss,Platinum
100148,2026-08-21,P010,Pratik,Brimstone,Icebox,18,18,9,9,2686.0,26,Loss,Silver
100285,2026-06-20,P017,Siddhant,Fade,Pearl,12,9,6,4,1633.0,23,Win,Gold
109671,2026-09-17,P016,Arjun,Gekko,Icebox,8,16,8,5,992.0,20,Loss,Platinum
108911,2026-02-23,P019,Ritesh,Omen,Sunset,25,17,2,11,4077.0,20,Loss,Gold
106770,2026-04-06,P004,Rohan,Reyna,Sunset,12,18,8,5,1199.0,28,Loss,Platinum
104443,2026-09-06,P018,Manish,Jett,Breeze,14,19,10,7,2362.0,26,Loss,Silver
107446,2026-02-07,P002,Rahul,Chamber,Lotus,9,17,5,4,1470.0,21,Loss,Platinum
100236,2026-01-13,P018,Manish,Jett,Split,13,13,2,6,2008.0,19,Win,Bronze
109605,2026-04-12,P001,Shubham,Omen,Sunset,21,21,5,4,3073.0,23,Loss,Silver
107123,2026-08-07,P007,Karan,Cypher,Pearl,18,23,0,5,2318.0,25,Loss,Gold
108375,2026-03-25,P020,Harsh,Reyna,Split,11,15,5,6,1994.0,30,Loss,Diamond
103083,2026-04-14,P020,Harsh,Cypher,Haven,20,16,7,8,3422.0,23,Win,Iron
100632,2026-09-12,P011,Neeraj,Sage,Pearl,10,16,8,6,1588.0,20,Win,Gold
106813,2026-09-29,P010,Pratik,Omen,Bind,29,10,5,14,4406.0,27,Win,Immortal
102493,2026-05-14,P017,Siddhant,Chamber,Split,26,16,4,6,4531.0,26,Win,Platinum
102665,2026-03-28,P005,Akash,Reyna,Split,23,14,10,10,3658.0,28,Loss,Silver
109156,2026-01-23,P004,Rohan,Reyna,Sunset,18,14,6,7,2886.0,26,Loss,Platinum
108443,2026-06-09,P017,Siddhant,Viper,Pearl,22,15,10,9,3183.0,18,Win,Platinum
108490,2026-01-28,P018,Manish,Chamber,Ascent,21,20,4,10,2162.0,20,Loss,Silver
104211,2026-03-24,P020,Harsh,Jett,Ascent,21,11,6,10,2555.0,21,Loss,Gold
103874,2026-07-14,P005,Akash,Reyna,Pearl,7,12,4,6,1078.0,24,Win,Gold
102817,2026-01-03,P004,Rohan,Chamber,Pearl,31,15,7,10,4378.0,18,Win,Silver
108286,2026-07-18,P012,Yash,Killjoy,Ascent,21,15,3,7,3822.0,20,Loss,Platinum
109835,2026-02-11,P002,Rahul,Killjoy,Pearl,18,15,11,10,2661.0,18,Win,Silver
107426,2026-03-31,P001,Shubham,Sova,Haven,28,15,4,15,3768.0,26,Loss,Platinum
108621,2026-04-29,P017,Siddhant,Chamber,Pearl,3,10,13,0,906.0,21,Loss,Diamond
108493,2026-03-09,P006,Vivek,Sova,Lotus,22,17,6,16,3134.0,23,Win,Platinum
101735,2026-06-20,P009,Sahil,Sova,Lotus,24,11,0,8,3635.0,24,Loss,Platinum
107397,2026-03-22,P010,Pratik,Sage,Bind,10,19,1,2,1450.0,26,Win,Iron
104255,2026-06-21,P009,Sahil,Killjoy,Pearl,5,8,9,1,887.0,28,Win,Platinum
109556,2026-05-10,P005,Akash,Phoenix,Haven,10,11,11,4,1350.0,27,Win,Silver
102475,2026-08-31,P020,Harsh,Reyna,Lotus,7,10,5,6,1563.0,26,Win,Diamond
102246,2026-01-31,P002,Rahul,Sova,Breeze,14,17,1,3,1755.0,27,Loss,Gold
103713,2026-01-29,P007,Karan,Fade,Bind,19,22,9,9,3287.0,25,Loss,Platinum
108997,2026-06-09,P014,Varun,Raze,Breeze,16,11,2,2,2698.0,23,Win,Ascendant
101804,2026-05-23,P010,Pratik,Fade,Haven,18,13,7,8,2230.0,27,Loss,Platinum
100707,2026-04-10,P001,Shubham,Viper,Haven,25,15,6,4,3087.0,30,Loss,Ascendant
109210,2026-08-31,P008,Aditya,Fade,Icebox,16,18,3,1,1853.0,20,Loss,Ascendant
105189,2026-05-16,P015,Nikhil,Raze,Bind,23,10,3,6,2753.0,22,Win,Silver
105472,2026-05-22,P008,Aditya,Viper,Lotus,12,11,6,2,1615.0,20,Win,Silver
100072,2026-05-03,P002,Rahul,Brimstone,Pearl,21,14,5,9,3005.0,29,Loss,Immortal
107843,2026-03-28,P020,Harsh,Brimstone,Ascent,19,12,9,8,2657.0,21,Win,Bronze
105101,2026-05-18,P017,Siddhant,Brimstone,Lotus,15,11,9,3,2966.0,26,Win,Diamond
106764,2026-03-07,P014,Varun,Gekko,Bind,33,13,7,15,4310.0,19,Win,Diamond
101125,2026-02-21,P007,Karan,Raze,Sunset,11,11,3,6,1226.0,20,Loss,Silver
101241,2026-08-13,P009,Sahil,Viper,Ascent,14,11,2,3,2366.0,28,Loss,Silver
108271,2026-05-03,P001,Shubham,Omen,Breeze,24,11,8,15,3595.0,22,Win,Silver
102349,2026-05-23,P005,Akash,Viper,Haven,18,16,1,8,2137.0,19,Loss,Silver
106602,2026-07-27,P011,Neeraj,Cypher,Pearl,12,24,8,4,2273.0,22,Loss,Ascendant
106780,2026-07-09,P002,Rahul,Sova,Sunset,17,14,9,4,2491.0,29,Loss,Immortal
104358,2026-05-09,P013,Ankit,Reyna,Lotus,15,10,5,6,2293.0,28,Win,Platinum
101343,2026-04-16,P013,Ankit,Raze,Haven,8,13,6,4,1302.0,24,Win,Diamond
103286,2026-08-14,P004,Rohan,Sage,Sunset,18,21,4,7,2300.0,28,Loss,Diamond
108698,2026-04-27,P018,Manish,Brimstone,Breeze,15,17,9,4,3267.0,22,Loss,Silver
109595,2026-09-17,P018,Manish,Sage,Haven,19,11,5,11,3339.0,22,Loss,Bronze
106652,2026-04-28,P001,Shubham,Viper,Icebox,17,7,0,9,3046.0,18,Win,Platinum
101100,2026-03-18,P002,Rahul,Cypher,Pearl,15,12,7,3,2836.0,24,Win,Silver
107327,2026-08-08,P006,Vivek,Reyna,Bind,29,10,3,10,4737.0,29,Win,Silver
107622,2026-04-16,P018,Manish,Raze,Lotus,10,16,3,4,1902.0,19,Loss,Gold
100987,2026-08-28,P005,Akash,Raze,Pearl,23,12,0,9,3381.0,18,Win,Ascendant
102852,2026-05-08,P017,Siddhant,Gekko,Bind,11,22,6,3,2103.0,23,Win,Silver
100630,2026-04-26,P001,Shubham,Killjoy,Sunset,22,14,2,6,2995.0,21,Loss,Bronze
101249,2026-01-27,P002,Rahul,Brimstone,Split,14,8,7,6,1465.0,22,Loss,Gold
103179,2026-01-18,P008,Aditya,Cypher,Ascent,12,14,5,7,1600.0,30,Loss,Silver
100482,2026-02-14,P007,Karan,Phoenix,Lotus,23,14,7,6,3555.0,29,Win,Silver
103040,2026-01-03,P001,Shubham,Reyna,Split,14,14,9,5,2472.0,20,Loss,Diamond
105010,2026-05-29,P002,Rahul,Cypher,Bind,21,19,7,14,4034.0,26,Loss,Diamond
108746,2026-08-24,P004,Rohan,Killjoy,Breeze,19,23,6,8,2212.0,22,Loss,Platinum
107000,2026-03-22,P017,Siddhant,Phoenix,Sunset,24,9,4,10,2722.0,27,Win,Ascendant
103273,2026-03-03,P015,Nikhil,Chamber,Haven,15,18,3,3,2816.0,19,Loss,Iron
107227,2026-09-30,P014,Varun,Cypher,Pearl,7,8,6,4,1144.0,30,Loss,Diamond
103683,2026-06-30,P018,Manish,Killjoy,Bind,3,21,0,2,267.0,28,Win,Silver
106674,2026-08-14,P008,Aditya,Fade,Lotus,3,20,3,0,419.0,22,Win,Ascendant
106807,2026-04-13,P013,Ankit,Phoenix,Ascent,29,5,5,16,4273.0,20,Win,Gold
109758,2026-03-16,P011,Neeraj,Phoenix,Sunset,11,12,4,4,1358.0,23,Loss,Gold
101316,2026-04-18,P016,Arjun,Chamber,Icebox,8,10,3,3,1336.0,20,Loss,Gold
103225,2026-07-10,P001,Shubham,Sage,Lotus,29,12,11,11,5052.0,28,Win,Bronze
101072,2026-08-07,P018,Manish,Reyna,Split,8,17,6,6,1312.0,26,Loss,Bronze
104815,2026-06-09,P006,Vivek,Viper,Split,10,12,10,6,1416.0,19,Win,Platinum
108987,2026-07-03,P008,Aditya,Chamber,Ascent,20,15,8,12,2705.0,25,Win,Iron
105752,2026-01-17,P006,Vivek,Fade,Bind,6,14,6,5,1049.0,21,Win,Silver
109164,2026-07-10,P009,Sahil,Gekko,Breeze,9,21,3,3,1407.0,19,Win,Gold
104616,2026-03-30,P007,Karan,Omen,Icebox,29,15,3,12,5557.0,28,Win,
103097,2026-09-28,P002,Rahul,Fade,Lotus,23,15,2,13,3789.0,27,Loss,Platinum
106869,2026-04-11,P003,Amit,Reyna,Haven,23,17,2,11,4056.0,22,Loss,Diamond
101300,2026-01-14,P006,Vivek,Cypher,Bind,31,7,5,16,6004.0,30,Loss,Gold
107285,2026-08-08,P015,Nikhil,Chamber,Lotus,3,12,8,1,635.0,27,Loss,Diamond
106284,2026-07-16,P014,Varun,Omen,Sunset,29,14,10,8,5009.0,27,Loss,Immortal
105495,2026-03-23,P003,Amit,Sage,Lotus,28,6,5,12,5394.0,27,Loss,Platinum
105291,2026-09-25,P014,Varun,Phoenix,Breeze,14,11,3,7,2731.0,28,Loss,Diamond
101798,2026-05-21,P002,Rahul,Jett,Sunset,25,10,7,7,3481.0,30,Loss,Immortal
105203,2026-03-18,P014,Varun,Cypher,Ascent,16,12,8,4,2369.0,25,Loss,Silver
108227,2026-07-20,P016,Arjun,Sova,Split,28,14,2,15,2808.0,23,Win,Platinum
105047,2026-06-16,P013,Ankit,Raze,Sunset,17,21,10,7,2410.0,23,Loss,Gold
106441,2026-06-21,P010,Pratik,Phoenix,Ascent,25,12,6,9,4282.0,18,Win,Platinum
108105,2026-08-03,P005,Akash,Killjoy,Split,27,18,4,14,4000.0,25,Loss,Gold
102359,2026-09-28,P011,Neeraj,Raze,Pearl,15,17,2,4,2096.0,22,Loss,Ascendant
109399,2026-07-24,P002,Rahul,Fade,Haven,25,19,4,11,3648.0,24,Loss,Ascendant
103654,2026-05-23,P013,Ankit,Gekko,Breeze,23,14,5,8,3333.0,18,Loss,Bronze
107052,2026-08-13,P013,Ankit,Chamber,Pearl,25,13,3,12,3528.0,25,Loss,Bronze
101286,2026-05-18,P012,Yash,Phoenix,Lotus,22,17,0,11,2914.0,29,Win,Gold
109145,2026-01-09,P014,Varun,Sova,Split,26,10,6,16,2808.0,18,Win,Silver
104445,2026-01-24,P015,Nikhil,Viper,Ascent,11,5,9,7,1323.0,18,Loss,Platinum
102137,2026-05-21,P008,Aditya,Jett,Pearl,24,13,6,11,4230.0,25,Loss,Silver
106787,2026-08-15,P008,Aditya,Sage,Ascent,4,23,9,2,654.0,26,Loss,Platinum
109772,2026-08-07,P017,Siddhant,Killjoy,Breeze,19,14,4,7,2572.0,27,Loss,Platinum
109945,2026-01-07,P010,Pratik,Raze,Haven,17,20,10,6,3355.0,26,Loss,Ascendant
108986,2026-07-12,P005,Akash,Raze,Icebox,27,18,8,9,4388.0,18,Loss,Silver
106894,2026-07-27,P020,Harsh,Fade,Lotus,10,13,5,1,1258.0,19,Loss,Bronze
108588,2026-06-05,P002,Rahul,Sage,Icebox,10,12,5,3,1729.0,18,Loss,Diamond
107151,2026-03-30,P009,Sahil,Brimstone,Breeze,22,12,7,8,3737.0,26,Win,Ascendant
100963,2026-03-19,P005,Akash,Jett,Sunset,22,15,0,7,2825.0,24,Win,Gold
106012,2026-06-07,P014,Varun,Chamber,Ascent,28,17,5,17,4894.0,23,Win,Platinum
104882,2026-01-22,P008,Aditya,Raze,Ascent,32,16,0,9,3928.0,19,Loss,Ascendant
100140,2026-09-05,P016,Arjun,Sova,Bind,24,16,4,7,4485.0,29,Loss,Silver
109051,2026-03-06,P012,Yash,Sova,Haven,21,20,9,5,3151.0,21,Win,Gold
106936,2026-02-14,P006,Vivek,Viper,Pearl,16,14,10,7,2637.0,27,Win,Ascendant
106542,2026-07-17,P015,Nikhil,Reyna,Ascent,14,13,3,6,1648.0,30,Loss,Ascendant
105243,2026-01-20,P019,Ritesh,Omen,Icebox,11,14,4,3,1173.0,26,Win,Platinum
104431,2026-07-18,P013,Ankit,Jett,Bind,14,16,7,6,2340.0,29,Loss,Platinum
100406,2026-03-15,P015,Nikhil,Brimstone,Breeze,24,14,7,5,3499.0,21,Loss,Diamond
108212,2026-09-21,P005,Akash,Gekko,Split,17,17,6,7,2850.0,19,Win,Ascendant
108394,2026-05-25,P017,Siddhant,Sova,Sunset,26,17,7,10,3589.0,20,Loss,Bronze
108886,2026-01-31,P013,Ankit,Raze,Lotus,12,14,6,1,1925.0,30,Loss,Diamond
108234,2026-05-29,P007,Karan,Raze,Haven,13,11,1,6,1464.0,27,Loss,Iron
104399,2026-08-22,P003,Amit,Gekko,Icebox,20,18,8,6,1952.0,22,Win,Platinum
105252,2026-04-18,P014,Varun,Sage,Icebox,15,11,1,6,2442.0,29,Loss,Gold
100011,2026-05-04,P016,Arjun,Jett,Pearl,29,10,8,7,4765.0,28,Win,Platinum
104760,2026-07-25,P002,Rahul,Sage,Haven,13,15,8,9,1514.0,18,Loss,Iron
101177,2026-02-05,P008,Aditya,Raze,Breeze,16,8,7,7,2769.0,23,Win,Iron
102863,2026-09-11,P017,Siddhant,Chamber,Pearl,16,19,4,5,2714.0,24,Loss,Bronze
106471,2026-06-30,P019,Ritesh,Killjoy,Ascent,17,26,7,6,2990.0,18,Win,Gold
106228,2026-05-25,P020,Harsh,Cypher,Bind,30,17,6,15,3850.0,26,Loss,Gold
102989,2026-01-25,P020,Harsh,Brimstone,Split,20,12,4,11,1914.0,29,Loss,Silver
107117,2026-03-15,P008,Aditya,Killjoy,Breeze,8,12,5,2,1245.0,21,Win,Immortal
107010,2026-06-12,P004,Rohan,Reyna,Lotus,17,10,0,8,1833.0,29,Win,Gold
108576,2026-07-31,P001,Shubham,Chamber,Pearl,23,13,10,8,3588.0,30,Win,Silver
101440,2026-06-10,P012,Yash,Cypher,Pearl,17,19,10,10,2590.0,27,Win,Ascendant
109767,2026-03-13,P001,Shubham,Jett,Bind,14,13,5,4,2283.0,26,Loss,Silver
102875,2026-03-29,P007,Karan,Gekko,Breeze,23,11,2,8,3395.0,27,Win,Silver
109117,2026-01-05,P008,Aditya,Viper,Split,11,16,3,3,1811.0,18,Loss,Platinum
108807,2026-08-13,P015,Nikhil,Omen,Split,18,10,12,7,3477.0,19,Loss,Silver
107232,2026-01-22,P018,Manish,Brimstone,Sunset,14,9,4,9,1132.0,27,Loss,Silver
103726,2026-01-03,P013,Ankit,Cypher,Bind,19,14,11,7,3696.0,24,Loss,Gold
102772,2026-01-28,P010,Pratik,Brimstone,Lotus,6,10,9,2,1072.0,21,Win,Diamond
100454,2026-01-20,P019,Ritesh,Sova,Icebox,14,21,8,5,2072.0,18,Loss,Platinum
108189,2026-06-02,P007,Karan,Killjoy,Breeze,16,12,2,4,3183.0,20,Win,Platinum
101367,2026-06-04,P004,Rohan,Sage,Sunset,7,11,4,4,1168.0,22,Win,Diamond
103712,2026-07-04,P006,Vivek,Chamber,Split,18,17,6,5,2738.0,30,Loss,Gold
109872,2026-02-11,P011,Neeraj,Gekko,Split,16,12,7,11,1998.0,26,Loss,Ascendant
101388,2026-06-07,P016,Arjun,Fade,Split,15,14,8,7,2380.0,18,Loss,Diamond
101000,2026-03-08,P006,Vivek,Raze,Pearl,16,15,7,4,2592.0,27,Loss,Gold
107761,2026-09-13,P002,Rahul,Fade,Breeze,20,14,6,12,2918.0,23,Win,Diamond
103553,2026-06-05,P018,Manish,Brimstone,Bind,24,14,9,11,4291.0,30,Loss,Platinum
104114,2026-06-28,P002,Rahul,Fade,Split,27,16,7,10,4323.0,19,Win,Silver
101667,2026-02-08,P018,Manish,Brimstone,Haven,21,10,6,7,2725.0,18,Loss,Gold
103173,2026-02-26,P005,Akash,Sage,Pearl,18,9,10,10,3025.0,22,Loss,Platinum
109416,2026-09-23,P003,Amit,Viper,Bind,7,18,7,3,1487.0,24,Win,Platinum
100488,2026-09-20,P018,Manish,Cypher,Sunset,21,19,11,8,3243.0,18,Loss,Gold
103230,2026-07-31,P015,Nikhil,Killjoy,Lotus,22,13,3,9,3240.0,28,Loss,Ascendant
103828,2026-09-10,P010,Pratik,Sova,Breeze,27,8,1,9,3119.0,25,Win,Diamond
108670,2026-06-14,P019,Ritesh,Gekko,Sunset,8,15,5,2,1205.0,23,Win,Ascendant
105208,2026-08-13,P011,Neeraj,Sage,Breeze,21,13,4,6,2680.0,20,Win,Platinum
107848,2026-05-08,P012,Yash,Reyna,Lotus,29,11,4,14,4198.0,20,Win,Silver
105704,2026-09-13,P014,Varun,Sage,Sunset,14,15,5,8,3347.0,23,Loss,Silver
109659,2026-06-30,P008,Aditya,Jett,Bind,20,13,4,6,2998.0,18,Loss,Silver
108133,2026-03-31,P001,Shubham,Viper,Sunset,3,11,1,1,563.0,24,Win,Gold
100703,2026-01-10,P016,Arjun,Jett,Split,11,12,6,6,1577.0,22,Loss,Platinum
105105,2026-09-25,P014,Varun,Viper,Haven,26,19,7,13,4182.0,29,Loss,Iron
108912,2026-07-24,P012,Yash,Viper,Haven,7,14,2,5,770.0,25,Win,Diamond
103291,2026-03-30,P014,Varun,Killjoy,Haven,17,7,10,8,2141.0,28,Win,Bronze
108125,2026-05-31,P007,Karan,Sova,Split,27,20,6,12,4437.0,25,Win,Bronze
109651,2026-06-20,P001,Shubham,Phoenix,Haven,13,18,4,5,2487.0,19,Loss,Platinum
109040,2026-01-10,P007,Karan,Reyna,Breeze,19,20,0,8,2559.0,26,Loss,Platinum
104909,2026-07-29,P001,Shubham,Chamber,Lotus,12,11,6,7,2031.0,24,Win,Gold
104440,2026-09-11,P012,Yash,Brimstone,Ascent,26,18,8,11,4364.0,25,Win,Silver
100986,2026-07-31,P020,Harsh,Omen,Breeze,6,13,11,4,1037.0,25,Loss,Silver
109255,2026-04-11,P018,Manish,Gekko,Pearl,14,16,2,10,1636.0,23,Win,Platinum
109081,2026-09-23,P010,Pratik,Gekko,Bind,7,15,2,4,981.0,30,Win,Immortal
107705,2026-06-09,P014,Varun,Fade,Ascent,27,13,11,8,4431.0,29,Win,Platinum
106257,2026-03-24,P012,Yash,Chamber,Haven,17,17,4,7,3411.0,23,Loss,Diamond
106089,2026-06-23,P008,Aditya,Reyna,Lotus,24,12,4,15,4523.0,25,Win,Silver
105238,2026-04-09,P011,Neeraj,Omen,Breeze,36,19,4,17,6500.0,30,Win,Platinum
101198,2026-04-30,P018,Manish,Sage,Breeze,33,19,6,17,4066.0,29,Loss,Gold
109089,2026-06-08,P010,Pratik,Chamber,Split,19,14,4,6,3057.0,22,Loss,Gold
107519,2026-02-01,P017,Siddhant,Brimstone,Pearl,15,12,3,10,2147.0,21,Loss,Iron
106812,2026-09-17,P008,Aditya,Phoenix,Lotus,14,15,6,4,2268.0,20,Win,Bronze
108320,2026-08-09,P004,Rohan,Chamber,Lotus,15,14,15,1,2582.0,24,Win,Ascendant
107175,2026-08-18,P004,Rohan,Viper,Ascent,12,13,6,6,1487.0,27,Loss,Diamond
104470,2026-06-03,P016,Arjun,Omen,Lotus,12,19,11,3,2055.0,24,Win,Gold
100891,2026-02-12,P019,Ritesh,Viper,Ascent,27,7,5,17,3655.0,19,Win,Ascendant
101969,2026-04-15,P005,Akash,Jett,Haven,33,15,5,7,4657.0,20,Loss,Silver
105757,2026-07-06,P009,Sahil,Cypher,Icebox,24,18,3,8,3740.0,26,Loss,Iron
106527,2026-09-14,P001,Shubham,Omen,Haven,16,12,6,4,2539.0,18,Loss,Gold
106294,2026-02-26,P013,Ankit,Sova,Haven,31,11,2,10,4966.0,30,Loss,Platinum
107595,2026-07-08,P012,Yash,Sage,Sunset,12,10,2,3,1210.0,30,Loss,Platinum
103249,2026-08-31,P012,Yash,Viper,Split,16,12,3,10,2700.0,26,Win,Immortal
106570,2026-02-25,P014,Varun,Brimstone,Pearl,22,13,2,10,3413.0,25,Win,Platinum
106638,2026-04-08,P006,Vivek,Viper,Ascent,16,18,3,2,1981.0,24,Loss,Iron
107351,2026-06-25,P016,Arjun,Jett,Sunset,16,12,9,3,1815.0,19,Win,Gold
109191,2026-01-27,P010,Pratik,Brimstone,Lotus,18,17,2,10,2299.0,20,Win,Gold
107473,2026-03-03,P020,Harsh,Sage,Bind,29,14,6,16,3994.0,19,Loss,Diamond
109223,2026-03-18,P001,Shubham,Killjoy,Ascent,21,11,11,10,3160.0,30,Loss,Diamond
108692,2026-07-03,P010,Pratik,Cypher,Lotus,11,11,6,4,1161.0,25,Win,
101239,2026-09-01,P003,Amit,Cypher,Bind,7,14,7,3,1220.0,28,Win,Iron
102289,2026-09-28,P009,Sahil,Reyna,Sunset,15,17,6,8,2613.0,26,Loss,Ascendant
102740,2026-06-19,P001,Shubham,Reyna,Haven,15,8,12,8,2524.0,20,Loss,Bronze
104585,2026-07-23,P001,Shubham,Sage,Pearl,28,11,12,10,3891.0,23,Win,Gold
101229,2026-09-15,P011,Neeraj,Fade,Split,9,11,7,7,1210.0,28,Win,Ascendant
106980,2026-08-08,P013,Ankit,Killjoy,Ascent,10,12,0,5,1244.0,30,Loss,Silver
105178,2026-07-17,P014,Varun,Raze,Bind,23,13,1,15,3279.0,19,Win,Diamond
104293,2026-08-18,P010,Pratik,Viper,Breeze,29,8,5,13,4213.0,20,Win,Platinum
101058,2026-02-21,P017,Siddhant,Killjoy,Bind,18,15,5,8,2886.0,21,Win,Platinum
106262,2026-07-18,P013,Ankit,Cypher,Lotus,27,13,6,8,4257.0,29,Win,Silver
100281,2026-07-29,P001,Shubham,Fade,Lotus,26,12,6,13,2927.0,21,Loss,Platinum
100968,2026-07-01,P014,Varun,Chamber,Bind,9,18,3,5,1960.0,30,Win,Gold
103953,2026-07-13,P006,Vivek,Omen,Ascent,28,11,5,9,4142.0,21,Win,Gold
101939,2026-07-22,P013,Ankit,Sage,Breeze,23,26,7,6,3761.0,27,Win,Platinum
108482,2026-02-02,P005,Akash,Sova,Breeze,12,14,0,7,1761.0,27,Win,Ascendant
101274,2026-09-11,P017,Siddhant,Fade,Icebox,25,19,11,7,4243.0,19,Win,Immortal
100619,2026-07-07,P012,Yash,Chamber,Bind,22,9,5,10,3891.0,22,Loss,Diamond
108523,2026-08-26,P005,Akash,Sage,Ascent,16,15,2,9,2628.0,27,Loss,Bronze
101742,2026-04-01,P016,Arjun,Sage,Haven,12,12,4,9,2155.0,23,Loss,Diamond
101390,2026-01-21,P016,Arjun,Jett,Ascent,20,21,3,11,2425.0,23,Loss,Silver
102203,2026-06-13,P010,Pratik,Sage,Split,14,21,9,6,2415.0,27,Win,Ascendant
103568,2026-09-26,P019,Ritesh,Brimstone,Lotus,13,17,5,5,2818.0,19,Loss,Bronze
106116,2026-07-03,P018,Manish,Viper,Breeze,14,12,8,2,1900.0,29,Win,Gold
109990,2026-05-22,P018,Manish,Chamber,Icebox,22,18,7,10,3515.0,22,Loss,Silver
106052,2026-09-17,P007,Karan,Chamber,Lotus,12,12,9,5,1598.0,30,Loss,Platinum
103178,2026-02-10,P006,Vivek,Gekko,Haven,14,11,10,2,2174.0,27,Win,Platinum
103192,2026-03-07,P003,Amit,Gekko,Pearl,11,12,8,5,1878.0,22,Loss,Diamond
106099,2026-09-06,P009,Sahil,Raze,Icebox,14,12,5,8,1711.0,28,Loss,Platinum
107029,2026-08-09,P019,Ritesh,Sage,Haven,27,11,11,10,4372.0,23,Win,Gold
100575,2026-06-24,P008,Aditya,Omen,Split,10,9,1,3,1322.0,19,Win,Diamond
106656,2026-01-14,P008,Aditya,Chamber,Breeze,14,9,2,5,1460.0,28,Loss,Platinum
107115,2026-06-17,P019,Ritesh,Sage,Pearl,3,11,2,3,498.0,29,Loss,Diamond
108821,2026-08-28,P010,Pratik,Gekko,Icebox,22,16,7,7,2673.0,21,Loss,Gold
106276,2026-09-01,P009,Sahil,Sage,Breeze,12,19,3,1,2184.0,18,Win,Diamond
109003,2026-01-11,P015,Nikhil,Viper,Icebox,12,13,6,5,1745.0,22,Win,Platinum
105897,2026-08-13,P013,Ankit,Cypher,Bind,16,11,2,5,2097.0,23,Loss,Immortal
105724,2026-05-24,P013,Ankit,Sova,Ascent,20,22,8,8,3825.0,29,Loss,Iron
100269,2026-04-20,P003,Amit,Jett,Haven,14,20,9,11,1859.0,23,Win,Silver
100629,2026-03-31,P014,Varun,Omen,Ascent,25,24,4,10,4153.0,25,Loss,Diamond
103081,2026-09-26,P014,Varun,Raze,Icebox,3,15,4,2,580.0,18,Loss,Silver
103466,2026-06-14,P005,Akash,Reyna,Ascent,17,16,0,4,2318.0,18,Win,Platinum
106430,2026-08-11,P014,Varun,Killjoy,Pearl,19,11,7,11,2840.0,30,Loss,Platinum
109330,2026-04-20,P008,Aditya,Omen,Ascent,23,13,6,11,3030.0,23,Loss,Ascendant
107062,2026-03-09,P001,Shubham,Gekko,Breeze,22,10,6,11,3766.0,24,Win,Silver
109747,2026-06-20,P018,Manish,Phoenix,Icebox,19,11,10,15,3777.0,18,Win,Silver
105543,2026-05-12,P017,Siddhant,Cypher,Breeze,11,15,8,1,1230.0,22,Loss,Diamond
104356,2026-01-08,P017,Siddhant,Killjoy,Ascent,21,12,0,10,3691.0,23,Win,Silver
102113,2026-01-27,P013,Ankit,Sage,Haven,16,13,8,12,2277.0,29,Win,Diamond
108219,2026-05-17,P013,Ankit,Gekko,Bind,19,13,7,7,3748.0,22,Loss,Bronze
103216,2026-09-28,P014,Varun,Jett,Breeze,14,14,7,6,2667.0,18,Win,Immortal
103814,2026-06-13,P011,Neeraj,Reyna,Icebox,14,19,0,4,2540.0,24,Loss,Bronze
108321,2026-02-23,P004,Rohan,Raze,Ascent,26,14,10,16,4330.0,26,Win,Silver
108608,2026-08-26,P009,Sahil,Raze,Breeze,19,13,2,3,2183.0,27,Win,Platinum
102278,2026-04-09,P004,Rohan,Viper,Bind,18,10,4,6,2482.0,23,Loss,Platinum
104599,2026-07-04,P014,Varun,Omen,Haven,18,15,6,5,3314.0,24,Win,Ascendant
100013,2026-01-09,P005,Akash,Brimstone,Split,22,12,9,4,3567.0,26,Win,Bronze
109244,2026-04-04,P011,Neeraj,Cypher,Haven,16,15,2,4,2123.0,29,Loss,Immortal
101525,2026-09-04,P001,Shubham,Omen,Icebox,16,11,2,4,2174.0,27,Win,Gold
102365,2026-04-11,P014,Varun,Sage,Sunset,34,6,8,22,6463.0,27,Win,Iron
104648,2026-06-11,P018,Manish,Phoenix,Haven,20,20,10,7,2691.0,22,Loss,Immortal
100374,2026-03-14,P017,Siddhant,Fade,Haven,23,10,4,8,3335.0,18,Loss,Gold
108540,2026-05-21,P010,Pratik,Sage,Pearl,17,10,7,7,2345.0,25,Loss,Platinum
106477,2026-01-01,P014,Varun,Gekko,Breeze,7,16,6,3,1191.0,22,Loss,Silver
100525,2026-09-23,P009,Sahil,Viper,Bind,15,14,4,5,2425.0,27,Loss,Bronze
106895,2026-04-06,P017,Siddhant,Jett,Lotus,20,13,3,6,3815.0,27,Win,Bronze
103591,2026-07-13,P008,Aditya,Killjoy,Pearl,19,12,8,7,3939.0,27,Loss,Silver
107904,2026-05-27,P017,Siddhant,Jett,Sunset,17,9,4,6,2840.0,24,Loss,Diamond
102958,2026-01-05,P013,Ankit,Gekko,Haven,27,16,6,10,3291.0,19,Win,Bronze
100529,2026-09-23,P010,Pratik,Phoenix,Haven,15,15,3,7,2447.0,23,Win,Ascendant
103714,2026-07-22,P014,Varun,Phoenix,Split,22,20,4,12,2719.0,24,Loss,Gold
104732,2026-04-28,P002,Rahul,Brimstone,Haven,17,13,6,7,1453.0,30,Loss,Ascendant
101394,2026-02-27,P004,Rohan,Cypher,Pearl,24,16,0,7,3017.0,24,Win,Ascendant
105631,2026-08-04,P020,Harsh,Killjoy,Bind,14,10,6,4,2405.0,29,Loss,Ascendant
106563,2026-09-16,P001,Shubham,Sage,Pearl,19,11,4,3,2755.0,21,Win,Platinum
104703,2026-04-30,P009,Sahil,Brimstone,Icebox,16,14,6,4,2405.0,23,Win,Gold
101712,2026-09-03,P001,Shubham,Reyna,Bind,7,15,6,4,948.0,24,Win,Silver
109775,2026-01-31,P018,Manish,Fade,Icebox,18,13,6,5,2666.0,22,Win,Platinum
100955,2026-03-05,P008,Aditya,Sage,Split,25,15,5,6,3852.0,25,Loss,Gold
106675,2026-08-24,P006,Vivek,Omen,Pearl,29,14,8,13,3661.0,22,Loss,
103453,2026-09-05,P020,Harsh,Killjoy,Bind,16,17,2,6,2149.0,23,Loss,Immortal
102071,2026-08-08,P011,Neeraj,Cypher,Pearl,26,12,6,12,4647.0,24,Loss,Diamond
109760,2026-06-28,P010,Pratik,Gekko,Icebox,12,19,2,0,1841.0,22,Win,Bronze
100158,2026-05-19,P017,Siddhant,Sage,Sunset,20,14,4,8,2562.0,24,Win,Diamond
107005,2026-08-17,P003,Amit,Fade,Breeze,14,14,10,7,2429.0,19,Loss,Platinum
100352,2026-03-09,P020,Harsh,Gekko,Icebox,18,9,10,9,3449.0,25,Win,Iron
106078,2026-03-05,P003,Amit,Raze,Bind,9,17,3,3,1337.0,30,Loss,Gold
106236,2026-06-18,P008,Aditya,Chamber,Ascent,12,9,2,6,2193.0,22,Loss,Diamond
102920,2026-01-30,P015,Nikhil,Jett,Icebox,21,8,3,8,2661.0,21,Win,Silver
104644,2026-05-16,P011,Neeraj,Raze,Haven,24,16,4,8,3535.0,30,Win,Immortal
100661,2026-06-10,P006,Vivek,Gekko,Sunset,30,8,7,12,4397.0,30,Win,Ascendant
107057,2026-08-27,P004,Rohan,Raze,Lotus,19,18,4,5,2875.0,26,Win,Platinum
103665,2026-02-12,P001,Shubham,Reyna,Pearl,27,15,6,13,4035.0,22,Loss,Platinum
107979,2026-09-16,P014,Varun,Sova,Sunset,22,10,4,4,3478.0,29,Loss,Ascendant
100306,2026-08-02,P002,Rahul,Reyna,Lotus,10,17,9,1,1944.0,23,Win,Diamond
104790,2026-04-02,P018,Manish,Chamber,Icebox,16,15,1,3,2681.0,20,Win,Silver
102356,2026-05-31,P012,Yash,Fade,Breeze,9,10,3,5,1375.0,27,Win,Bronze
101927,2026-08-28,P014,Varun,Sage,Icebox,12,11,7,5,2002.0,21,Loss,Diamond
109350,2026-06-07,P001,Shubham,Raze,Ascent,19,16,9,7,3203.0,21,Win,Silver
103427,2026-04-19,P019,Ritesh,Chamber,Split,19,14,3,5,2037.0,19,Loss,Gold
103638,2026-04-01,P013,Ankit,Sova,Pearl,15,12,7,5,2344.0,18,Loss,Diamond
101266,2026-06-03,P018,Manish,Fade,Split,16,15,9,9,2305.0,28,Loss,Gold
101560,2026-09-06,P009,Sahil,Cypher,Split,30,18,7,8,4459.0,28,Loss,Platinum
107179,2026-08-13,P020,Harsh,Brimstone,Lotus,14,11,3,3,2224.0,30,Win,Diamond
104109,2026-03-02,P006,Vivek,Brimstone,Breeze,11,14,7,4,927.0,24,Win,Gold
107867,2026-07-21,P003,Amit,Raze,Pearl,6,14,7,6,696.0,19,Loss,Gold
104904,2026-09-08,P016,Arjun,Reyna,Haven,14,19,4,5,2328.0,24,Win,Platinum
107294,2026-01-08,P008,Aditya,Fade,Ascent,18,9,6,7,3653.0,25,Win,Gold
100514,2026-01-21,P007,Karan,Gekko,Icebox,22,13,8,5,2554.0,21,Loss,Bronze
100894,2026-09-09,P002,Rahul,Killjoy,Bind,6,15,10,4,996.0,21,Win,Ascendant
100021,2026-08-25,P016,Arjun,Reyna,Breeze,12,16,11,3,1560.0,22,Win,Gold
100899,2026-02-21,P011,Neeraj,Gekko,Sunset,13,20,1,4,2367.0,18,Loss,Silver
100207,2026-03-28,P009,Sahil,Gekko,Sunset,3,17,4,2,644.0,30,Win,Platinum
100458,2026-07-09,P009,Sahil,Chamber,Bind,15,16,6,8,1983.0,26,Win,Gold
102430,2026-08-26,P003,Amit,Killjoy,Lotus,15,14,5,4,2360.0,25,Win,Diamond
108442,2026-07-19,P018,Manish,Fade,Pearl,22,21,5,11,3464.0,25,Loss,Gold
103389,2026-08-31,P019,Ritesh,Brimstone,Icebox,17,9,6,10,2573.0,24,Loss,Gold
103911,2026-06-01,P018,Manish,Raze,Lotus,3,19,3,1,452.0,30,Loss,Gold
105383,2026-06-05,P010,Pratik,Jett,Haven,26,16,4,13,3358.0,20,Win,Platinum
100552,2026-03-01,P006,Vivek,Gekko,Ascent,16,19,2,5,1857.0,23,Win,Diamond
103144,2026-07-05,P001,Shubham,Raze,Haven,19,13,4,3,3846.0,23,Loss,Silver
106917,2026-01-22,P008,Aditya,Killjoy,Haven,30,17,7,6,4576.0,26,Win,Platinum
102056,2026-04-16,P009,Sahil,Reyna,Ascent,16,18,7,1,2185.0,21,Win,Platinum
101925,2026-06-12,P008,Aditya,Chamber,Lotus,20,10,7,9,2053.0,24,Win,Gold
100634,2026-04-13,P019,Ritesh,Killjoy,Bind,9,13,1,6,1733.0,29,Win,Silver
106082,2026-05-22,P016,Arjun,Raze,Pearl,3,13,0,2,268.0,21,Loss,Diamond
108508,2026-05-20,P011,Neeraj,Brimstone,Ascent,20,19,8,8,2414.0,24,Win,Gold
109289,2026-07-04,P007,Karan,Chamber,Ascent,31,11,8,11,4729.0,28,Win,Platinum
109698,2026-06-21,P016,Arjun,Omen,Pearl,13,17,10,5,1377.0,23,Loss,Silver
100105,2026-07-27,P012,Yash,Phoenix,Lotus,12,8,9,7,1506.0,27,Loss,Ascendant
103041,2026-02-11,P016,Arjun,Killjoy,Ascent,20,12,5,8,3147.0,22,Win,Diamond
101709,2026-09-13,P012,Yash,Killjoy,Pearl,11,17,7,4,1989.0,23,Loss,Platinum
100089,2026-06-13,P001,Shubham,Cypher,Breeze,16,11,8,5,2104.0,30,Win,Platinum
107014,2026-03-14,P009,Sahil,Brimstone,Sunset,18,13,2,6,3337.0,25,Loss,Iron
103174,2026-06-21,P019,Ritesh,Fade,Pearl,21,16,7,9,3254.0,30,Loss,Gold
100917,2026-06-28,P009,Sahil,Cypher,Haven,21,12,8,11,2728.0,25,Loss,Ascendant
107833,2026-05-01,P020,Harsh,Brimstone,Breeze,18,13,6,5,2932.0,27,Win,Diamond
106732,2026-09-03,P017,Siddhant,Jett,Breeze,18,16,6,12,1829.0,24,Loss,Diamond
101949,2026-07-25,P007,Karan,Omen,Breeze,14,13,6,2,1719.0,19,Loss,Platinum
106368,2026-09-22,P002,Rahul,Phoenix,Lotus,28,19,6,13,3800.0,24,Win,Silver
100001,2026-09-10,P012,Yash,Phoenix,Icebox,19,13,3,11,3403.0,29,Loss,Gold
108032,2026-04-22,P002,Rahul,Sova,Breeze,25,9,2,9,4272.0,28,Loss,Diamond
106047,2026-04-15,P009,Sahil,Reyna,Bind,23,15,4,3,2614.0,25,Loss,Silver
102720,2026-07-16,P001,Shubham,Sova,Pearl,9,12,8,4,1254.0,19,Loss,Silver
109832,2026-07-23,P019,Ritesh,Reyna,Bind,21,13,7,8,2135.0,19,Loss,Immortal
103117,2026-08-18,P018,Manish,Phoenix,Icebox,28,11,3,10,4883.0,28,Win,Gold
109485,2026-09-25,P016,Arjun,Sova,Breeze,11,11,7,0,1966.0,21,Loss,Platinum
103762,2026-02-14,P005,Akash,Jett,Bind,25,20,6,6,3027.0,20,Win,Platinum
100213,2026-02-14,P017,Siddhant,Gekko,Bind,13,15,2,2,1502.0,23,Loss,Platinum
100778,2026-04-24,P011,Neeraj,Viper,Haven,25,12,6,9,3968.0,18,Win,Platinum
103496,2026-02-19,P016,Arjun,Omen,Bind,28,17,9,16,4944.0,26,Win,Platinum
108836,2026-03-27,P019,Ritesh,Reyna,Sunset,11,12,4,1,1736.0,25,Win,Platinum
102043,2026-01-06,P016,Arjun,Sage,Haven,21,9,8,7,3293.0,25,Loss,Silver
105420,2026-08-01,P013,Ankit,Phoenix,Icebox,6,16,5,1,873.0,20,Win,Silver
106154,2026-07-03,P011,Neeraj,Brimstone,Lotus,12,16,6,5,1768.0,30,Win,Diamond
108357,2026-01-21,P007,Karan,Phoenix,Ascent,3,14,10,1,491.0,22,Loss,Bronze
108726,2026-06-12,P019,Ritesh,Gekko,Ascent,25,12,3,13,2120.0,21,Loss,Platinum
108465,2026-06-24,P020,Harsh,Jett,Ascent,13,11,7,8,2024.0,22,Win,Diamond
104167,2026-01-22,P005,Akash,Sova,Pearl,18,12,3,9,,26,Win,Gold
103788,2026-01-11,P008,Aditya,Chamber,Split,22,14,8,11,2964.0,21,Loss,Silver
100583,2026-04-19,P016,Arjun,Fade,Sunset,23,12,2,11,1903.0,18,Win,Bronze
109931,2026-05-27,P019,Ritesh,Phoenix,Split,28,12,5,6,3763.0,21,Loss,Gold
100601,2026-03-10,P014,Varun,Sova,Breeze,11,16,9,4,1942.0,24,Loss,Bronze
100116,2026-06-22,P017,Siddhant,Fade,Split,25,13,7,3,2063.0,20,Win,Immortal
106644,2026-08-06,P016,Arjun,Fade,Pearl,13,15,0,6,1845.0,19,Loss,Gold
109052,2026-06-11,P018,Manish,Cypher,Breeze,10,19,9,3,1737.0,24,Loss,Platinum
109971,2026-05-22,P008,Aditya,Gekko,Split,16,14,3,6,2261.0,21,Win,Platinum
108978,2026-04-06,P019,Ritesh,Fade,Breeze,20,18,1,9,2571.0,22,Loss,Gold
101763,2026-05-24,P013,Ankit,Viper,Icebox,24,12,1,16,3366.0,26,Win,Gold
101875,2026-05-02,P012,Yash,Jett,Sunset,18,14,8,8,2924.0,27,Win,Platinum
103224,2026-03-22,P015,Nikhil,Omen,Split,8,14,12,5,1403.0,27,Win,Immortal
100526,2026-03-18,P004,Rohan,Viper,Icebox,32,14,1,22,4185.0,21,Loss,Platinum
107725,2026-05-24,P006,Vivek,Fade,Haven,26,16,6,12,3605.0,27,Win,Diamond
102946,2026-09-05,P020,Harsh,Fade,Icebox,21,16,11,7,3015.0,25,Loss,Silver
104473,2026-05-02,P006,Vivek,Phoenix,Lotus,17,12,7,6,1906.0,27,Win,Bronze
105655,2026-04-06,P007,Karan,Brimstone,Bind,12,14,3,4,2170.0,18,Win,Diamond
106059,2026-04-22,P004,Rohan,Omen,Lotus,11,13,4,6,1818.0,24,Win,Platinum
100959,2026-05-26,P005,Akash,Viper,Haven,21,15,8,13,3043.0,25,Win,Platinum
106342,2026-06-18,P011,Neeraj,Fade,Bind,12,19,6,2,1613.0,28,Win,Silver
103633,2026-02-07,P019,Ritesh,Fade,Icebox,27,11,5,9,4162.0,18,Win,Silver
101050,2026-01-05,P004,Rohan,Raze,Icebox,16,15,2,9,2131.0,22,Loss,Diamond
103380,2026-04-24,P008,Aditya,Raze,Ascent,33,20,11,18,5620.0,23,Win,Diamond
103676,2026-08-03,P020,Harsh,Viper,Pearl,10,6,5,2,1243.0,19,Win,Immortal
105776,2026-02-28,P005,Akash,Gekko,Bind,30,13,10,10,3957.0,19,Win,Silver
109135,2026-04-19,P008,Aditya,Brimstone,Pearl,20,21,9,5,2688.0,21,Loss,Silver
106573,2026-07-05,P010,Pratik,Viper,Pearl,14,13,5,6,1681.0,21,Loss,Diamond
105179,2026-07-26,P007,Karan,Raze,Sunset,27,12,5,8,3964.0,28,Loss,Silver
101607,2026-01-06,P005,Akash,Fade,Breeze,4,13,7,2,604.0,23,Loss,Silver
103610,2026-09-25,P012,Yash,Fade,Sunset,17,23,6,12,2074.0,26,Win,Gold
109778,2026-02-24,P004,Rohan,Omen,Lotus,30,19,5,12,3885.0,20,Loss,Diamond
106635,2026-07-10,P012,Yash,Fade,Icebox,20,11,6,10,1822.0,25,Loss,Platinum
106046,2026-08-23,P017,Siddhant,Gekko,Lotus,14,12,4,8,2365.0,26,Win,Silver
100791,2026-01-17,P011,Neeraj,Fade,Lotus,16,21,5,8,2783.0,19,Loss,Diamond
103056,2026-05-08,P009,Sahil,Fade,Sunset,17,9,1,6,3264.0,23,Win,Gold
101980,2026-06-16,P015,Nikhil,Chamber,Ascent,31,9,6,17,4862.0,28,Win,Ascendant
103598,2026-04-10,P001,Shubham,Reyna,Sunset,18,12,6,3,2375.0,29,Loss,Ascendant
100933,2026-07-08,P020,Harsh,Killjoy,Lotus,8,12,7,2,1242.0,29,Loss,Bronze
107424,2026-05-02,P016,Arjun,Brimstone,Sunset,7,17,9,2,961.0,21,Win,Ascendant
105626,2026-05-12,P020,Harsh,Sage,Sunset,12,16,7,7,2304.0,20,Loss,Silver
101682,2026-09-08,P001,Shubham,Killjoy,Bind,17,17,7,8,2579.0,25,Win,Gold
104179,2026-07-02,P004,Rohan,Raze,Breeze,20,15,9,8,3271.0,26,Loss,Bronze
106446,2026-09-26,P006,Vivek,Jett,Split,13,14,7,4,2330.0,18,Loss,Silver
104116,2026-02-19,P010,Pratik,Sage,Lotus,20,9,4,13,3293.0,21,Loss,Gold
100988,2026-03-03,P003,Amit,Raze,Sunset,8,15,8,3,1269.0,21,Win,Platinum
102896,2026-06-04,P013,Ankit,Phoenix,Haven,11,17,8,4,2038.0,25,Win,Platinum
103778,2026-03-25,P012,Yash,Cypher,Split,12,11,3,5,1664.0,25,Win,Bronze
105658,2026-06-01,P018,Manish,Chamber,Bind,10,12,4,1,1100.0,19,Loss,Ascendant
103093,2026-03-06,P005,Akash,Killjoy,Pearl,22,4,10,12,3445.0,27,Win,Diamond
103155,2026-03-12,P011,Neeraj,Raze,Breeze,8,14,7,4,1664.0,29,Win,Silver
101823,2026-06-06,P004,Rohan,Viper,Sunset,17,11,2,6,2894.0,23,Win,Diamond
109642,2026-06-08,P007,Karan,Gekko,Breeze,25,17,4,3,3268.0,25,Loss,Silver
101098,2026-03-02,P019,Ritesh,Killjoy,Pearl,20,15,7,7,3095.0,22,Loss,Bronze
102844,2026-04-07,P014,Varun,Chamber,Bind,24,11,8,10,2840.0,24,Win,Platinum
103342,2026-08-13,P002,Rahul,Gekko,Breeze,11,16,7,6,1537.0,22,Win,Gold
100038,2026-07-03,P011,Neeraj,Viper,Breeze,11,20,7,1,1486.0,26,Win,Bronze
106540,2026-05-01,P020,Harsh,Cypher,Bind,38,10,8,19,4590.0,30,Loss,Ascendant
109367,2026-01-23,P004,Rohan,Gekko,Icebox,14,13,10,4,2115.0,19,Loss,Diamond
103356,2026-06-12,P007,Karan,Raze,Ascent,23,11,1,12,3651.0,28,Loss,Gold
107813,2026-09-21,P003,Amit,Fade,Sunset,6,14,10,3,1154.0,18,Win,Gold
108220,2026-05-18,P011,Neeraj,Phoenix,Pearl,26,8,7,12,3524.0,22,Win,Ascendant
109246,2026-09-11,P018,Manish,Raze,Pearl,20,21,8,8,2434.0,20,Loss,Ascendant
102428,2026-05-18,P019,Ritesh,Fade,Bind,17,15,7,12,1477.0,20,Win,Gold
105043,2026-07-20,P010,Pratik,Sova,Sunset,21,17,4,10,2906.0,25,Loss,Platinum
105346,2026-04-23,P004,Rohan,Sage,Sunset,18,14,4,5,2051.0,23,Loss,Diamond
104811,2026-02-10,P014,Varun,Jett,Breeze,16,14,0,7,2550.0,21,Win,Ascendant
108476,2026-06-15,P018,Manish,Raze,Bind,12,22,6,6,1844.0,27,Win,Diamond
100686,2026-07-04,P005,Akash,Brimstone,Lotus,15,21,6,5,2204.0,25,Win,Platinum
104799,2026-08-27,P016,Arjun,Viper,Haven,16,15,3,3,2687.0,19,Win,Diamond
107437,2026-04-26,P016,Arjun,Viper,Lotus,16,16,9,3,3305.0,18,Loss,Silver
102353,2026-06-13,P014,Varun,Sova,Bind,14,17,3,2,2118.0,24,Loss,Gold
106353,2026-07-11,P010,Pratik,Fade,Haven,15,15,5,5,2878.0,18,Win,Silver
104569,2026-01-12,P012,Yash,Killjoy,Split,8,10,8,2,1253.0,19,Loss,Gold
108213,2026-04-30,P008,Aditya,Sova,Icebox,18,14,2,10,1502.0,28,Loss,Gold
102752,2026-09-05,P002,Rahul,Viper,Haven,15,12,12,2,3144.0,22,Win,Platinum
108073,2026-07-12,P009,Sahil,Fade,Haven,23,11,10,3,3100.0,25,Win,Ascendant
101040,2026-05-31,P003,Amit,Sova,Icebox,21,7,6,8,2758.0,29,Win,Diamond
107491,2026-06-23,P014,Varun,Chamber,Haven,20,15,6,6,3945.0,18,Win,Gold
101265,2026-03-04,P012,Yash,Raze,Bind,16,8,2,4,2151.0,20,Win,Silver
109284,2026-06-19,P013,Ankit,Phoenix,Ascent,17,21,8,10,2963.0,27,Loss,Gold
107059,2026-05-30,P003,Amit,Omen,Lotus,17,12,3,6,2923.0,23,Loss,Platinum
100277,2026-07-07,P001,Shubham,Fade,Sunset,17,16,4,3,2037.0,19,Loss,Platinum
105084,2026-05-02,P013,Ankit,Brimstone,Pearl,9,10,7,2,1317.0,22,Loss,Platinum
102382,2026-07-22,P007,Karan,Fade,Bind,13,17,1,6,2477.0,28,Win,Diamond
100571,2026-02-03,P014,Varun,Sage,Pearl,7,16,8,3,904.0,29,Win,Platinum
101435,2026-08-18,P003,Amit,Sage,Breeze,7,16,3,3,663.0,27,Win,Diamond
105352,2026-08-04,P006,Vivek,Cypher,Split,3,9,9,3,900.0,25,Win,Gold
105445,2026-05-19,P010,Pratik,Jett,Breeze,27,14,6,7,3891.0,30,Loss,Gold
101007,2026-02-13,P004,Rohan,Gekko,Split,13,14,7,3,1290.0,30,Win,Gold
104543,2026-03-31,P013,Ankit,Chamber,Split,13,15,3,2,2022.0,29,Win,Gold
108835,2026-04-12,P002,Rahul,Sova,Bind,3,14,7,2,575.0,29,Loss,Silver
102064,2026-05-12,P002,Rahul,Chamber,Lotus,21,8,7,13,3831.0,18,Loss,Immortal
101136,2026-05-06,P014,Varun,Fade,Bind,30,18,7,12,6362.0,21,Win,Gold
105343,2026-03-03,P010,Pratik,Jett,Icebox,12,14,4,3,1695.0,28,Win,Ascendant
100294,2026-09-01,P007,Karan,Phoenix,Pearl,27,11,9,17,4085.0,19,Loss,Platinum
102403,2026-03-22,P017,Siddhant,Brimstone,Lotus,16,13,7,5,3017.0,22,Win,Gold
103998,2026-08-26,P002,Rahul,Sova,Bind,18,15,4,7,2742.0,28,Win,Platinum
103741,2026-02-26,P014,Varun,Fade,Bind,19,10,6,8,2577.0,26,Loss,Immortal
109241,2026-02-28,P019,Ritesh,Cypher,Haven,14,17,4,5,2372.0,18,Loss,Silver
102719,2026-02-12,P013,Ankit,Chamber,Breeze,13,15,5,1,2288.0,20,Win,Bronze
109218,2026-05-22,P018,Manish,Cypher,Pearl,11,13,7,1,2076.0,21,Win,Platinum
105150,2026-01-16,P009,Sahil,Gekko,Sunset,21,10,8,15,3732.0,24,Win,Diamond
102808,2026-09-05,P006,Vivek,Brimstone,Sunset,25,9,3,9,3730.0,27,Win,Gold
100556,2026-09-12,P009,Sahil,Fade,Pearl,9,11,8,1,,19,Win,Diamond
108944,2026-09-27,P019,Ritesh,Gekko,Bind,11,13,5,5,2104.0,26,Win,Gold
104795,2026-07-02,P012,Yash,Raze,Breeze,10,14,5,2,1685.0,29,Win,Platinum
102469,2026-04-10,P017,Siddhant,Phoenix,Haven,16,14,4,9,2681.0,21,Win,Silver
103738,2026-06-25,P017,Siddhant,Jett,Haven,16,13,3,3,1963.0,20,Loss,Platinum
104286,2026-06-16,P010,Pratik,Fade,Haven,13,19,3,6,2053.0,27,Loss,Silver
102604,2026-08-17,P007,Karan,Reyna,Split,22,20,6,11,3396.0,24,Win,Gold
100362,2026-07-22,P020,Harsh,Brimstone,Ascent,19,11,4,10,1971.0,28,Loss,Diamond
106924,2026-05-05,P020,Harsh,Gekko,Ascent,16,14,8,10,2232.0,28,Loss,Gold
101704,2026-09-04,P009,Sahil,Raze,Bind,16,11,3,5,2389.0,21,Loss,Silver
102139,2026-05-24,P006,Vivek,Fade,Lotus,19,14,5,5,2887.0,29,Win,Diamond
103239,2026-01-02,P005,Akash,Brimstone,Split,14,13,8,7,1280.0,18,Loss,Silver
102383,2026-09-15,P011,Neeraj,Sage,Sunset,23,12,3,6,2826.0,23,Loss,Bronze
107314,2026-07-28,P002,Rahul,Phoenix,Pearl,22,11,9,10,3249.0,21,Loss,Ascendant
104311,2026-08-27,P017,Siddhant,Chamber,Haven,13,14,5,4,2071.0,24,Loss,Ascendant
101312,2026-04-30,P006,Vivek,Reyna,Split,11,15,6,5,1442.0,19,Win,Silver
103930,2026-03-17,P007,Karan,Brimstone,Ascent,9,11,0,3,1569.0,26,Loss,Platinum
106183,2026-09-02,P002,Rahul,Jett,Lotus,10,21,7,6,1577.0,22,Loss,Silver
101591,2026-01-14,P002,Rahul,Chamber,Lotus,25,17,8,12,4273.0,30,Win,Silver
109406,2026-01-26,P004,Rohan,Raze,Pearl,18,14,1,6,1949.0,20,Win,Gold
102162,2026-01-02,P008,Aditya,Sova,Breeze,16,9,4,6,2620.0,18,Loss,Platinum
102396,2026-02-25,P019,Ritesh,Chamber,Sunset,3,16,4,1,431.0,28,Loss,Platinum
100317,2026-06-15,P016,Arjun,Brimstone,Sunset,14,7,5,12,1699.0,26,Win,Ascendant
105233,2026-07-13,P008,Aditya,Gekko,Ascent,24,19,10,7,4246.0,28,Win,Gold
105068,2026-07-25,P008,Aditya,Chamber,Breeze,15,24,4,7,1199.0,30,Loss,Platinum
104036,2026-04-15,P004,Rohan,Killjoy,Icebox,8,11,8,1,1284.0,25,Loss,Immortal
103020,2026-04-04,P019,Ritesh,Killjoy,Pearl,3,21,8,1,474.0,30,Loss,Iron
108228,2026-06-07,P018,Manish,Viper,Icebox,25,15,5,6,3762.0,23,Loss,Immortal
105295,2026-04-11,P007,Karan,Killjoy,Split,33,11,5,9,3933.0,29,Win,Immortal
103972,2026-08-10,P010,Pratik,Viper,Lotus,28,12,4,10,2512.0,19,Win,Bronze
105370,2026-09-30,P010,Pratik,Cypher,Breeze,16,15,5,6,1797.0,28,Loss,Gold
104133,2026-06-07,P010,Pratik,Sova,Pearl,25,17,10,9,2360.0,22,Loss,Platinum
100974,2026-09-15,P007,Karan,Jett,Pearl,10,16,6,3,1863.0,24,Loss,Bronze
107291,2026-07-08,P002,Rahul,Reyna,Haven,15,16,10,8,2798.0,23,Loss,Diamond
100954,2026-07-04,P002,Rahul,Sage,Pearl,8,12,6,2,1428.0,24,Loss,Silver
109325,2026-01-31,P017,Siddhant,Brimstone,Haven,17,13,7,4,2121.0,21,Loss,Diamond
105016,2026-03-10,P015,Nikhil,Omen,Lotus,8,10,5,1,1444.0,20,Win,Bronze
109750,2026-09-28,P001,Shubham,Gekko,Split,17,17,11,8,2799.0,26,Loss,Platinum
107490,2026-04-26,P012,Yash,Phoenix,Ascent,14,20,8,4,2569.0,18,Loss,Iron
101640,2026-08-17,P010,Pratik,Sova,Pearl,13,17,3,5,1152.0,22,Win,Gold
101290,2026-01-02,P001,Shubham,Reyna,Split,16,13,8,11,2248.0,20,Loss,Ascendant
101380,2026-06-13,P004,Rohan,Gekko,Sunset,27,15,7,6,3600.0,18,Win,Gold
101933,2026-01-08,P011,Neeraj,Cypher,Split,10,16,8,4,1961.0,24,Win,Bronze
104675,2026-08-01,P003,Amit,Raze,Bind,12,11,2,7,1281.0,22,Loss,Immortal
100892,2026-05-15,P008,Aditya,Cypher,Sunset,22,15,7,8,4014.0,30,Loss,Platinum
107287,2026-09-22,P014,Varun,Brimstone,Breeze,25,11,2,7,3809.0,18,Win,Platinum
104876,2026-04-04,P002,Rahul,Gekko,Lotus,26,9,6,8,3613.0,27,Loss,Silver
107906,2026-09-04,P006,Vivek,Raze,Breeze,8,19,11,1,1522.0,24,Win,Ascendant
108194,2026-09-08,P012,Yash,Fade,Sunset,9,11,6,3,1242.0,24,Win,Diamond
109398,2026-09-08,P017,Siddhant,Omen,Bind,24,14,5,12,4007.0,18,Win,Gold
102466,2026-08-27,P001,Shubham,Omen,Pearl,30,15,9,16,5378.0,19,Win,Iron
107657,2026-09-06,P019,Ritesh,Reyna,Ascent,19,15,7,5,2913.0,27,Loss,Platinum
101913,2026-05-04,P018,Manish,Jett,Split,21,9,4,6,3357.0,21,Loss,Bronze
102736,2026-08-08,P019,Ritesh,Gekko,Sunset,19,21,4,9,2349.0,24,Win,Platinum
100726,2026-03-03,P003,Amit,Viper,Haven,10,15,8,6,1113.0,22,Loss,Immortal
107214,2026-01-02,P016,Arjun,Jett,Split,19,13,2,9,2509.0,30,Win,Bronze
108245,2026-05-29,P014,Varun,Jett,Sunset,11,22,6,7,1866.0,23,Win,Bronze
101796,2026-06-08,P014,Varun,Cypher,Pearl,20,15,4,10,2730.0,28,Win,Gold
103845,2026-08-07,P013,Ankit,Cypher,Bind,17,14,4,12,2346.0,26,Loss,Gold
106402,2026-07-08,P017,Siddhant,Sova,Haven,21,10,6,14,2601.0,30,Loss,Bronze
100936,2026-07-03,P005,Akash,Omen,Breeze,33,10,6,13,2727.0,24,Loss,Platinum
102265,2026-06-18,P016,Arjun,Brimstone,Bind,6,16,5,1,892.0,20,Win,Silver
100824,2026-03-31,P003,Amit,Sage,Haven,14,11,2,7,2745.0,19,Loss,Bronze
107274,2026-07-17,P014,Varun,Gekko,Pearl,18,12,5,5,2829.0,25,Loss,Diamond
101389,2026-09-30,P007,Karan,Gekko,Split,20,17,6,8,2298.0,30,Win,Silver
103564,2026-06-11,P008,Aditya,Viper,Split,19,11,4,11,3291.0,24,Loss,Gold
105429,2026-07-22,P012,Yash,Viper,Split,13,13,9,4,1794.0,19,Loss,Ascendant
107827,2026-04-14,P005,Akash,Raze,Lotus,17,8,10,10,2743.0,28,Loss,Gold
105690,2026-06-22,P011,Neeraj,Jett,Breeze,20,20,3,8,3178.0,26,Win,Silver
107878,2026-06-29,P013,Ankit,Cypher,Sunset,17,16,9,5,2169.0,27,Loss,Platinum
101868,2026-08-31,P008,Aditya,Omen,Ascent,13,14,6,8,2440.0,19,Loss,Ascendant
108202,2026-07-11,P014,Varun,Raze,Split,4,10,6,2,698.0,21,Loss,Gold
107486,2026-02-09,P015,Nikhil,Gekko,Split,11,16,8,3,1749.0,19,Loss,Silver
100806,2026-07-31,P019,Ritesh,Killjoy,Lotus,11,16,2,4,1349.0,24,Win,Bronze
104805,2026-09-24,P002,Rahul,Fade,Haven,22,11,4,4,2882.0,29,Win,Ascendant
109171,2026-02-26,P003,Amit,Chamber,Split,7,13,2,1,735.0,26,Loss,Platinum
107511,2026-03-27,P019,Ritesh,Viper,Breeze,21,18,3,14,2505.0,26,Loss,Diamond
108056,2026-09-27,P006,Vivek,Jett,Breeze,21,13,6,6,3691.0,25,Win,Platinum
104494,2026-02-15,P013,Ankit,Omen,Haven,3,16,6,1,627.0,26,Win,Platinum
102632,2026-01-20,P008,Aditya,Brimstone,Sunset,20,13,7,13,3169.0,28,Loss,Ascendant
108919,2026-06-07,P006,Vivek,Cypher,Breeze,19,10,7,10,2714.0,29,Win,Silver
108623,2026-07-25,P011,Neeraj,Cypher,Icebox,8,10,0,3,1209.0,19,Win,Gold
107832,2026-03-29,P018,Manish,Sage,Haven,16,10,5,7,2422.0,30,Win,Platinum
104388,2026-09-07,P015,Nikhil,Jett,Sunset,22,21,8,11,3340.0,23,Win,Gold
100145,2026-07-20,P003,Amit,Fade,Ascent,10,8,5,2,1916.0,30,Loss,Platinum
106467,2026-08-19,P008,Aditya,Sova,Pearl,9,14,7,7,1616.0,26,Win,Gold
102033,2026-06-29,P020,Harsh,Killjoy,Bind,15,11,8,6,2921.0,26,Win,Iron
109746,2026-02-07,P014,Varun,Sova,Haven,16,13,3,7,2352.0,29,Win,Diamond
101165,2026-03-21,P017,Siddhant,Killjoy,Haven,11,17,7,3,1509.0,24,Win,Platinum
102050,2026-05-12,P002,Rahul,Chamber,Ascent,36,13,8,13,4646.0,29,Win,Platinum
103760,2026-02-07,P013,Ankit,Sage,Split,14,16,0,3,1621.0,21,Loss,Ascendant
104435,2026-02-17,P020,Harsh,Sova,Pearl,15,17,3,6,1748.0,18,Win,Diamond
103430,2026-02-01,P004,Rohan,Viper,Bind,14,12,2,6,1815.0,22,Loss,Platinum
108190,2026-01-02,P009,Sahil,Fade,Sunset,23,6,7,5,3435.0,23,Win,Bronze
108772,2026-08-15,P011,Neeraj,Phoenix,Ascent,15,11,4,4,2737.0,22,Loss,Immortal
107069,2026-05-14,P011,Neeraj,Raze,Pearl,13,25,3,7,1923.0,29,Loss,Platinum
104361,2026-08-04,P006,Vivek,Phoenix,Haven,19,15,5,6,2795.0,29,Loss,Silver
101771,2026-04-08,P005,Akash,Raze,Ascent,24,14,4,5,4189.0,18,Loss,Silver
103511,2026-07-10,P020,Harsh,Fade,Bind,19,13,1,9,2997.0,30,Win,Platinum
100271,2026-04-19,P005,Akash,Brimstone,Lotus,9,14,7,2,1865.0,21,Loss,Silver
108436,2026-05-01,P007,Karan,,Haven,15,10,8,8,2721.0,25,Loss,Immortal
102032,2026-03-02,P015,Nikhil,Viper,Bind,15,11,6,6,1785.0,26,Win,Silver
109684,2026-03-16,P001,Shubham,Chamber,Split,14,10,12,10,1468.0,20,Win,Ascendant
103810,2026-06-11,P005,Akash,Gekko,Sunset,19,14,7,3,2457.0,24,Win,Platinum
104346,2026-03-04,P013,Ankit,Sova,Split,16,17,4,9,3118.0,20,Loss,Gold
100545,2026-06-28,P012,Yash,Fade,Pearl,18,17,3,5,2514.0,24,Win,Diamond
103241,2026-08-18,P003,Amit,Jett,Haven,19,14,8,9,2367.0,20,Win,Gold
108502,2026-05-03,P015,Nikhil,Viper,Breeze,23,14,0,6,2805.0,27,Loss,Bronze
109938,2026-06-01,P006,Vivek,Killjoy,Breeze,22,13,5,6,2706.0,18,Win,Bronze
107564,2026-03-29,P005,Akash,Cypher,Icebox,8,10,9,7,1074.0,23,Loss,Platinum
100920,2026-07-23,P011,Neeraj,Chamber,Haven,7,15,6,2,799.0,18,Win,Gold
109137,2026-01-15,P013,Ankit,Killjoy,Split,11,10,7,5,1649.0,23,Loss,Platinum
106640,2026-02-23,P010,Pratik,Killjoy,Sunset,19,12,4,6,3291.0,29,Win,Platinum
107694,2026-08-14,P003,Amit,Fade,Haven,26,9,11,7,3305.0,23,Win,Diamond
108230,2026-03-14,P015,Nikhil,Cypher,Sunset,28,10,5,11,4432.0,30,Win,Silver
107126,2026-06-21,P020,Harsh,Jett,Sunset,6,14,9,2,724.0,30,Win,Platinum
104278,2026-06-23,P017,Siddhant,Phoenix,Sunset,10,10,1,5,1171.0,27,Loss,Bronze
102983,2026-03-15,P003,Amit,Chamber,Lotus,19,12,5,7,2344.0,23,Loss,Platinum
100130,2026-07-24,P016,Arjun,Viper,Pearl,3,7,8,2,631.0,23,Loss,Bronze
107980,2026-07-01,P015,Nikhil,Sova,Lotus,12,10,4,8,2102.0,24,Win,Platinum
102667,2026-03-29,P002,Rahul,Cypher,Sunset,8,13,8,5,1461.0,30,Loss,Diamond
107138,2026-03-20,P004,Rohan,Sova,Split,18,14,6,6,2613.0,22,Win,Gold
103223,2026-02-11,P016,Arjun,Chamber,Ascent,16,17,2,7,2409.0,23,Win,Diamond
107693,2026-06-20,P017,Siddhant,Phoenix,Bind,10,14,11,4,1885.0,25,Loss,Bronze
105392,2026-09-02,P009,Sahil,Jett,Pearl,16,25,8,3,1915.0,27,Loss,Gold
100614,2026-01-30,P004,Rohan,Jett,Pearl,14,17,8,4,1890.0,20,Loss,Platinum
109922,2026-09-20,P013,Ankit,Brimstone,Split,17,13,7,6,3152.0,19,Loss,Gold
101466,2026-04-29,P003,Amit,Sage,Sunset,8,13,5,2,1357.0,25,Loss,Ascendant
104497,2026-05-25,P012,Yash,Sage,Breeze,15,19,1,10,1875.0,26,Loss,Gold
103042,2026-05-28,P002,Rahul,Sage,Haven,10,12,7,4,1307.0,23,Loss,Iron
102419,2026-08-29,P009,Sahil,Sage,Pearl,12,10,3,3,1514.0,29,Win,Gold
105085,2026-05-17,P013,Ankit,Raze,Pearl,38,13,6,12,6052.0,24,Win,Platinum
103294,2026-05-20,P003,Amit,Omen,Bind,16,17,7,5,1958.0,18,Loss,Platinum
106737,2026-08-31,P015,Nikhil,Raze,Ascent,16,14,6,5,2738.0,19,Win,Diamond
101500,2026-09-01,P001,Shubham,Fade,Sunset,24,20,5,13,3042.0,28,Loss,Silver
101521,2026-04-06,P003,Amit,Brimstone,Sunset,24,11,7,6,4323.0,25,Loss,Iron
109136,2026-01-13,P005,Akash,Killjoy,Haven,15,10,7,8,2975.0,26,Loss,Ascendant
104232,2026-03-24,P001,Shubham,Gekko,Breeze,13,13,4,8,1715.0,28,Loss,Diamond
107686,2026-05-26,P013,Ankit,Sage,Split,16,13,4,9,1896.0,23,Win,Gold
104430,2026-04-05,P017,Siddhant,Viper,Bind,18,11,4,2,2426.0,28,Loss,Diamond
100390,2026-01-20,P005,Akash,Raze,Sunset,9,14,5,3,1554.0,30,Win,Immortal
109878,2026-05-26,P018,Manish,Sage,Ascent,20,16,6,7,3512.0,22,Loss,Platinum
107124,2026-08-31,P009,Sahil,Sage,Icebox,19,11,9,9,3237.0,18,Win,Diamond
105913,2026-03-24,P004,Rohan,Viper,Breeze,20,9,5,11,3399.0,23,Win,Gold
108592,2026-01-22,P002,Rahul,Killjoy,Ascent,27,8,0,12,3226.0,20,Win,Gold
104806,2026-08-29,P001,Shubham,Viper,Ascent,29,11,4,16,3180.0,22,Win,Platinum
108973,2026-09-15,P011,Neeraj,Phoenix,Haven,13,19,2,4,1799.0,23,Loss,Diamond
108238,2026-01-07,P015,Nikhil,Gekko,Split,22,9,8,10,2891.0,27,Loss,Ascendant
108044,2026-01-13,P012,Yash,Reyna,Ascent,22,10,5,10,3620.0,19,Win,Platinum
109802,2026-05-07,P017,Siddhant,Raze,Pearl,16,8,5,10,2848.0,30,Loss,Gold
103993,2026-05-16,P014,Varun,Jett,Split,19,12,8,4,2125.0,25,Loss,Diamond
109571,2026-06-21,P007,Karan,Raze,Icebox,26,18,9,10,3714.0,18,Loss,Diamond
106609,2026-04-19,P013,Ankit,Brimstone,Breeze,15,18,4,4,1908.0,28,Win,Immortal
105319,2026-02-12,P018,Manish,Chamber,Pearl,7,14,8,3,1344.0,19,Loss,Platinum
107119,2026-05-23,P020,Harsh,Phoenix,Sunset,22,14,3,3,3549.0,22,Loss,Diamond
102421,2026-01-22,P003,Amit,Viper,Breeze,24,15,5,9,4931.0,22,Win,Diamond
105604,2026-09-10,P008,Aditya,Killjoy,Lotus,10,16,8,5,1898.0,19,Win,Silver
101750,2026-03-29,P006,Vivek,Chamber,Bind,11,15,6,3,1362.0,30,Win,Gold
109034,2026-08-08,P003,Amit,Raze,Breeze,24,10,10,8,3043.0,24,Win,
109738,2026-05-25,P018,Manish,Fade,Breeze,18,9,9,6,3137.0,24,Win,Gold
100338,2026-05-26,P009,Sahil,Gekko,Sunset,26,22,3,10,4976.0,28,Win,Bronze
108407,2026-03-26,P011,Neeraj,Raze,Lotus,21,14,9,6,2982.0,29,Loss,Ascendant
101341,2026-09-09,P020,Harsh,Viper,Lotus,23,20,6,5,4133.0,28,Win,Platinum
109564,2026-05-19,P012,Yash,Sova,Sunset,13,16,9,2,2642.0,19,Loss,Gold
107982,2026-02-09,P010,Pratik,Sova,Lotus,18,24,0,4,2658.0,27,Win,Diamond
103640,2026-02-22,P007,Karan,Cypher,Haven,17,18,9,7,2686.0,27,Loss,Silver
100329,2026-02-20,P018,Manish,Viper,Breeze,14,16,3,5,2430.0,27,Win,Diamond
108847,2026-04-28,P003,Amit,Sova,Haven,15,14,7,4,1772.0,27,Win,Gold
103004,2026-02-13,P013,Ankit,Chamber,Lotus,11,10,7,4,1686.0,19,Win,Ascendant
106960,2026-04-11,P008,Aditya,Brimstone,Breeze,21,13,6,13,2682.0,26,Win,Bronze
104090,2026-09-29,P003,Amit,Jett,Sunset,4,11,7,1,601.0,19,Win,Diamond
102322,2026-09-19,P001,Shubham,Reyna,Pearl,22,9,10,9,4503.0,23,Win,Diamond
106667,2026-03-21,P005,Akash,Jett,Haven,18,6,4,6,3050.0,28,Loss,Platinum
107009,2026-09-21,P015,Nikhil,Killjoy,Haven,32,19,5,19,6075.0,29,Win,Bronze
104197,2026-03-17,P009,Sahil,Gekko,Bind,13,15,1,5,1907.0,29,Win,Platinum
103549,2026-02-16,P004,Rohan,Phoenix,Ascent,19,17,4,10,3742.0,24,Win,Platinum
108363,2026-01-01,P002,Rahul,Fade,Pearl,13,21,0,2,2854.0,24,Win,Gold
104203,2026-08-18,P013,Ankit,Raze,Haven,18,21,10,6,2665.0,20,Win,Immortal
109329,2026-02-21,P016,Arjun,Raze,Ascent,19,16,6,8,3394.0,19,Loss,Silver
108955,2026-07-29,P015,Nikhil,Chamber,Haven,28,18,8,14,2110.0,19,Loss,Silver
106185,2026-07-25,P018,Manish,Fade,Haven,28,24,7,13,4032.0,30,Win,Bronze
101639,2026-06-10,P019,Ritesh,Gekko,Lotus,24,19,2,11,2921.0,18,Loss,Ascendant
100060,2026-09-13,P012,Yash,Raze,Sunset,24,13,5,11,5078.0,26,Win,Silver
101240,2026-05-23,P001,Shubham,Raze,Lotus,15,14,4,9,1798.0,22,Win,Silver
105760,2026-02-12,P005,Akash,Chamber,Lotus,10,17,8,4,1458.0,25,Loss,Platinum
105136,2026-03-29,P004,Rohan,Omen,Sunset,25,11,9,8,4181.0,25,Loss,Gold
102343,2026-04-11,P001,Shubham,Gekko,Breeze,11,16,7,6,1816.0,23,Win,Platinum
102120,2026-04-22,P016,Arjun,Phoenix,Ascent,22,10,6,10,3439.0,27,Loss,Silver
101524,2026-04-04,P019,Ritesh,Sage,Haven,9,13,4,4,1244.0,18,Win,Platinum
107617,2026-03-12,P005,Akash,Phoenix,Lotus,9,19,6,2,1427.0,20,Loss,Gold
100153,2026-04-17,P006,Vivek,Fade,Sunset,25,13,6,9,2888.0,19,Loss,Diamond
100481,2026-04-17,P017,Siddhant,Brimstone,Icebox,17,12,2,7,2264.0,18,Win,Bronze
106122,2026-06-27,P016,Arjun,Phoenix,Pearl,13,15,11,4,1537.0,22,Loss,Silver
107674,2026-01-01,P002,Rahul,Sage,Ascent,20,13,4,2,3654.0,30,Win,Diamond
107101,2026-03-26,P004,Rohan,Sova,Icebox,10,13,5,5,1308.0,23,Win,Ascendant
101762,2026-02-12,P014,Varun,Sova,Lotus,26,8,11,14,3686.0,19,Loss,Immortal
107715,2026-05-28,P011,Neeraj,Jett,Pearl,3,12,5,1,592.0,20,Win,Ascendant
109100,2026-03-02,P001,Shubham,Brimstone,Ascent,8,10,6,1,1144.0,19,Win,Diamond
107479,2026-05-30,P014,Varun,Jett,Bind,13,10,4,7,2195.0,30,Win,Diamond
106212,2026-05-15,P001,Shubham,Gekko,Sunset,32,11,5,11,2772.0,25,Loss,Ascendant
104853,2026-08-01,P001,Shubham,Jett,Sunset,22,14,4,8,3098.0,19,Win,Silver
102711,2026-01-15,P008,Aditya,Sage,Lotus,15,15,5,9,2208.0,23,Win,Diamond
106766,2026-07-28,P018,Manish,Brimstone,Bind,11,13,8,1,2175.0,20,Win,Silver
104150,2026-03-23,P017,Siddhant,Phoenix,Breeze,3,16,11,0,604.0,22,Win,Bronze
101333,2026-05-20,P013,Ankit,Chamber,Haven,22,22,9,10,3086.0,30,Win,Silver
108378,2026-03-11,P015,Nikhil,Killjoy,Bind,8,16,1,2,1428.0,23,Win,Diamond
109408,2026-07-21,P016,Arjun,Raze,Ascent,26,14,6,9,3356.0,22,Win,Gold
109727,2026-08-13,P003,Amit,Gekko,Bind,16,12,4,6,2030.0,29,Loss,Diamond
109140,2026-03-22,P018,Manish,Gekko,Breeze,29,12,3,17,3848.0,25,Win,Gold
103850,2026-03-16,P018,Manish,Fade,Icebox,16,11,2,6,2803.0,24,Win,Gold
108340,2026-07-26,P012,Yash,Chamber,Bind,15,15,5,4,2263.0,20,Loss,Ascendant
104124,2026-01-01,P006,Vivek,Viper,Haven,22,5,15,9,2592.0,23,Loss,Immortal
108982,2026-06-26,P020,Harsh,Omen,Icebox,29,9,7,10,5031.0,18,Loss,Gold
104788,2026-06-08,P008,Aditya,Gekko,Sunset,24,16,4,8,2243.0,26,Loss,Silver
102866,2026-08-22,P002,Rahul,Omen,Split,23,15,8,12,3735.0,27,Win,Silver
101386,2026-08-01,P020,Harsh,Gekko,Sunset,15,21,8,8,2274.0,18,Loss,Silver
105941,2026-02-12,P012,Yash,Jett,Pearl,9,12,0,4,1521.0,23,Loss,Platinum
103067,2026-08-14,P010,Pratik,Brimstone,Ascent,13,12,6,6,1635.0,28,Win,Bronze
109077,2026-06-23,P001,Shubham,Viper,Breeze,17,6,10,10,2300.0,23,Loss,Gold
103629,2026-08-08,P005,Akash,Cypher,Pearl,16,19,8,4,2515.0,21,Win,Gold
109475,2026-03-06,P002,Rahul,Killjoy,Breeze,9,16,6,5,1655.0,26,Loss,Silver
108968,2026-05-17,P017,Siddhant,Cypher,Haven,25,19,6,10,4053.0,24,Win,Bronze
103028,2026-09-27,P001,Shubham,Viper,Split,18,12,0,8,2687.0,18,Loss,Gold
102969,2026-07-08,P018,Manish,Omen,Split,19,17,4,8,3043.0,18,Loss,Bronze
108646,2026-06-03,P007,Karan,Killjoy,Sunset,14,15,1,6,2718.0,26,Loss,Ascendant
106136,2026-09-13,P019,Ritesh,Brimstone,Bind,24,14,2,5,3380.0,21,Win,
108801,2026-06-10,P014,Varun,Viper,Haven,19,13,3,10,2329.0,18,Loss,Platinum
104263,2026-06-20,P001,Shubham,Chamber,Lotus,13,11,0,7,1442.0,30,Win,Silver
100645,2026-07-30,P020,Harsh,Brimstone,Split,27,17,3,9,3062.0,30,Loss,Diamond
109673,2026-07-03,P017,Siddhant,Chamber,Bind,22,19,2,7,2688.0,22,Loss,Bronze
102074,2026-05-22,P003,Amit,Sova,Bind,13,7,2,2,1768.0,25,Loss,Gold
100341,2026-05-04,P018,Manish,Reyna,Bind,22,8,7,5,2642.0,18,Win,Diamond
108041,2026-03-11,P013,Ankit,Cypher,Ascent,26,9,10,12,3910.0,20,Loss,Ascendant
101622,2026-09-28,P011,Neeraj,Killjoy,Pearl,9,8,8,5,1561.0,30,Loss,Ascendant
107141,2026-03-26,P012,Yash,Reyna,Pearl,4,8,6,2,516.0,25,Win,Platinum
105796,2026-06-25,P008,Aditya,Sova,Pearl,12,13,7,5,1698.0,23,Win,Ascendant
107184,2026-07-10,P004,Rohan,Cypher,Haven,10,12,1,4,1537.0,28,Win,Gold
108232,2026-04-02,P006,Vivek,Cypher,Split,24,15,5,4,3484.0,22,Win,Platinum
105475,2026-04-06,P005,Akash,Phoenix,Pearl,18,8,7,11,2715.0,28,Loss,Iron
109271,2026-07-27,P014,Varun,Reyna,Split,17,13,9,11,3278.0,20,Win,Gold
100074,2026-02-28,P008,Aditya,Fade,Ascent,20,10,4,9,2998.0,28,Loss,Iron
108633,2026-06-09,P007,Karan,Reyna,Split,12,17,8,4,2193.0,22,Loss,Bronze
109248,2026-05-28,P008,Aditya,Viper,Haven,25,14,8,12,3180.0,30,Win,Gold
102051,2026-06-29,P006,Vivek,Brimstone,Pearl,13,10,6,5,2602.0,29,Win,Platinum
102541,2026-05-14,P020,Harsh,Reyna,Split,17,13,5,5,2175.0,29,Win,Ascendant
101301,2026-07-12,P001,Shubham,Omen,Pearl,29,15,8,13,5382.0,30,Loss,Gold
105877,2026-03-03,P016,Arjun,Killjoy,Ascent,35,11,9,11,5513.0,22,Win,Gold
107368,2026-08-27,P018,Manish,Brimstone,Lotus,19,13,5,10,2499.0,22,Loss,Diamond
101304,2026-04-28,P020,Harsh,Cypher,Ascent,23,16,6,7,2638.0,19,Win,Gold
108428,2026-05-05,P016,Arjun,Raze,Icebox,18,17,4,11,2336.0,25,Win,Gold
109113,2026-03-05,P001,Shubham,Phoenix,Breeze,37,13,1,15,6298.0,24,Win,Platinum
102599,2026-03-20,P015,Nikhil,Phoenix,Pearl,15,13,6,3,2293.0,24,Win,Ascendant
102573,2026-04-20,P019,Ritesh,Chamber,Lotus,6,16,6,5,1041.0,27,Win,Platinum
103186,2026-09-09,P011,Neeraj,Viper,Ascent,13,23,7,7,2531.0,24,Win,Gold
102768,2026-04-12,P015,Nikhil,Chamber,Breeze,16,10,4,6,2751.0,21,Loss,Gold
104831,2026-06-21,P008,Aditya,Omen,Bind,27,13,8,6,3932.0,25,Loss,Diamond
104223,2026-06-12,P020,Harsh,Jett,Sunset,24,9,8,11,3696.0,20,Win,Silver
109669,2026-01-15,P015,Nikhil,Jett,Split,11,18,2,5,1752.0,19,Win,Silver
102106,2026-09-29,P011,Neeraj,Raze,Breeze,19,16,4,9,2519.0,24,Loss,Gold
102679,2026-03-20,P009,Sahil,Phoenix,Breeze,18,8,2,9,2695.0,29,Win,Gold
101387,2026-07-05,P017,Siddhant,Sage,Haven,25,9,6,12,3915.0,27,Loss,Gold
108950,2026-09-05,P014,Varun,Killjoy,Breeze,12,13,8,3,1474.0,19,Win,Platinum
109679,2026-08-25,P013,Ankit,Reyna,Breeze,27,19,4,8,3875.0,26,Loss,Silver
107083,2026-07-01,P014,Varun,Brimstone,Sunset,29,15,3,12,3683.0,30,Win,Gold
101279,2026-03-28,P008,Aditya,Cypher,Bind,19,10,6,5,4045.0,27,Win,Diamond
100804,2026-09-26,P012,Yash,Phoenix,Lotus,26,15,6,6,4913.0,18,Win,Platinum
101555,2026-09-23,P019,Ritesh,Viper,Haven,11,12,3,6,1976.0,26,Win,Bronze
109506,2026-01-27,P019,Ritesh,Fade,Pearl,22,4,3,11,3602.0,29,Loss,Platinum
104566,2026-09-16,P013,Ankit,Raze,Haven,23,11,7,12,5031.0,28,Loss,Diamond
109689,2026-01-30,P014,Varun,Killjoy,Breeze,11,13,8,2,1901.0,25,Win,Diamond
104841,2026-07-22,P020,Harsh,Cypher,Split,12,21,7,7,1501.0,24,Loss,Platinum
103594,2026-09-09,P019,Ritesh,Killjoy,Bind,5,8,7,0,858.0,29,Win,Gold
106035,2026-07-14,P014,Varun,Omen,Breeze,11,16,0,6,1712.0,21,Win,
106852,2026-06-06,P019,Ritesh,Omen,Icebox,11,14,7,6,1807.0,21,Win,Platinum
108705,2026-09-28,P014,Varun,Jett,Ascent,32,8,3,10,4352.0,27,Loss,Platinum
104177,2026-03-07,P018,Manish,Sova,Lotus,31,14,4,6,3732.0,30,Win,Diamond
101308,2026-04-25,P014,Varun,Brimstone,Haven,29,20,6,12,6300.0,23,Win,Gold
103452,2026-07-10,P002,Rahul,Reyna,Sunset,24,15,8,12,3780.0,26,Win,Ascendant
103695,2026-05-09,P012,Yash,Jett,Ascent,16,15,3,4,2268.0,27,Win,Gold
104242,2026-04-10,P018,Manish,Jett,Ascent,25,13,5,9,4816.0,28,Win,Silver
102198,2026-09-03,P005,Akash,Reyna,Pearl,22,19,0,7,2942.0,20,Loss,Silver
104425,2026-04-19,P010,Pratik,Brimstone,Pearl,6,17,8,1,1215.0,23,Loss,Immortal
106150,2026-08-25,P006,Vivek,Jett,Split,20,15,9,8,2117.0,24,Win,Platinum
100943,2026-03-12,P018,Manish,Fade,Haven,26,17,6,8,3919.0,26,Win,Silver
100822,2026-03-13,P009,Sahil,Chamber,Lotus,20,11,4,4,3420.0,27,Win,Bronze
105005,2026-08-13,P009,Sahil,Omen,Sunset,24,12,8,4,4075.0,18,Loss,Platinum
106612,2026-01-04,P007,Karan,Sage,Haven,17,14,7,5,2630.0,18,Loss,Gold
108356,2026-02-01,P017,Siddhant,Cypher,Ascent,26,11,5,6,3488.0,23,Loss,Gold
105619,2026-01-02,P008,Aditya,Jett,Split,20,12,1,12,2262.0,18,Loss,Silver
104547,2026-06-16,P014,Varun,Fade,Pearl,12,14,6,6,1168.0,21,Loss,Ascendant
102538,2026-07-05,P002,Rahul,Killjoy,Sunset,6,16,3,2,1333.0,24,Loss,Diamond
105207,2026-02-28,P011,Neeraj,Killjoy,Ascent,19,15,8,12,2524.0,18,Win,Iron
109534,2026-09-25,P004,Rohan,Killjoy,Split,14,19,7,6,1099.0,18,Loss,Iron
109028,2026-02-27,P014,Varun,Cypher,Bind,22,9,0,7,2828.0,24,Win,Silver
103054,2026-03-22,P009,Sahil,Raze,Pearl,11,13,5,3,1566.0,23,Loss,Gold
103675,2026-02-20,P020,Harsh,Gekko,Breeze,18,12,4,6,2505.0,23,Win,Ascendant
107776,2026-03-22,P017,Siddhant,Omen,Bind,3,8,0,2,502.0,26,Win,Gold
107218,2026-01-26,P008,Aditya,Killjoy,Haven,12,10,3,2,1563.0,24,Win,Diamond
106722,2026-06-05,P012,Yash,Cypher,Ascent,11,21,13,3,1886.0,25,Loss,Diamond
103300,2026-03-28,P016,Arjun,Raze,Lotus,16,16,8,5,2338.0,18,Loss,Platinum
103310,2026-02-10,P002,Rahul,Cypher,Ascent,19,14,7,9,3088.0,29,Loss,Platinum
107221,2026-04-05,P002,Rahul,Sova,Ascent,17,22,6,5,1736.0,19,Win,Silver
108519,2026-02-06,P003,Amit,Jett,Pearl,15,16,9,5,2500.0,18,Win,Platinum
105954,2026-07-14,P015,Nikhil,Chamber,Split,13,14,12,6,2199.0,23,Win,Ascendant
100832,2026-04-23,P015,Nikhil,Omen,Breeze,14,8,1,7,1561.0,22,Loss,Platinum
103462,2026-04-12,P007,Karan,Gekko,Sunset,9,9,4,4,1308.0,23,Win,Diamond
107643,2026-09-30,P017,Siddhant,Killjoy,Haven,14,12,3,2,2725.0,19,Win,Immortal
100054,2026-05-17,P015,Nikhil,Reyna,Sunset,10,18,1,6,990.0,27,Loss,Gold
103451,2026-05-06,P001,Shubham,Reyna,Sunset,24,15,7,4,4410.0,19,Win,Platinum
106305,2026-02-23,P016,Arjun,Brimstone,Haven,10,17,4,5,1426.0,20,Loss,Immortal
101481,2026-06-01,P020,Harsh,Phoenix,Breeze,24,12,4,9,4136.0,25,Win,Platinum
104873,2026-08-22,P014,Varun,Gekko,Pearl,14,12,9,0,2350.0,22,Loss,Platinum
108038,2026-08-07,P002,Rahul,Chamber,Sunset,36,12,3,8,5728.0,23,Win,Gold
103335,2026-06-30,P006,Vivek,Brimstone,Bind,17,15,11,9,3249.0,30,Win,Bronze
106016,2026-07-13,P007,Karan,Phoenix,Breeze,7,14,4,3,1228.0,19,Loss,Silver
104926,2026-06-23,P020,Harsh,Brimstone,Haven,20,20,9,3,2988.0,18,Loss,Diamond
105797,2026-09-01,P005,Akash,Viper,Haven,18,8,8,6,3019.0,24,Win,Silver
109851,2026-05-22,P005,Akash,Jett,Icebox,27,20,3,12,4350.0,27,Win,Platinum
105083,2026-08-21,P005,Akash,Jett,Sunset,14,18,11,3,1980.0,30,Loss,Platinum
106645,2026-05-18,P002,Rahul,Killjoy,Pearl,14,20,8,4,2668.0,22,Win,Platinum
105490,2026-03-16,P006,Vivek,Brimstone,Breeze,11,22,2,3,1957.0,20,Loss,Bronze
100768,2026-05-15,P012,Yash,Raze,Lotus,26,23,11,9,3648.0,28,Win,Platinum
102065,2026-02-11,P019,Ritesh,Killjoy,Split,22,12,5,8,3891.0,24,Win,Platinum
109520,2026-02-24,P016,Arjun,Brimstone,Sunset,15,14,3,9,2256.0,27,Loss,Gold
107311,2026-06-10,P012,Yash,Sage,Split,31,25,8,14,6127.0,29,Win,Bronze
108477,2026-05-11,P013,Ankit,Killjoy,Lotus,17,17,8,4,2322.0,22,Loss,Diamond
104524,2026-07-15,P012,Yash,Killjoy,Ascent,9,11,9,2,1178.0,25,Loss,Diamond
102717,2026-04-05,P006,Vivek,Viper,Bind,23,11,4,4,3631.0,22,Loss,Ascendant
102079,2026-04-23,P010,Pratik,Omen,Sunset,17,24,6,11,1676.0,27,Win,Diamond
108914,2026-02-27,P008,Aditya,Fade,Breeze,16,12,0,5,3097.0,20,Loss,Gold
100951,2026-06-28,P004,Rohan,Brimstone,Breeze,21,13,9,6,3257.0,20,Loss,Gold
108058,2026-03-28,P006,Vivek,Phoenix,Breeze,21,15,12,11,2003.0,30,Win,Gold
102482,2026-05-19,P011,Neeraj,Gekko,Icebox,23,18,2,10,2885.0,27,Loss,Platinum
101759,2026-06-28,P010,Pratik,Reyna,Haven,22,12,2,17,2977.0,30,Win,Gold
104422,2026-06-24,P015,Nikhil,Brimstone,Icebox,13,9,9,5,1674.0,30,Win,Silver
106704,2026-01-04,P006,Vivek,Chamber,Icebox,18,18,1,7,3177.0,22,Win,Gold
105182,2026-03-02,P016,Arjun,Phoenix,Lotus,7,7,9,2,1353.0,20,Loss,Diamond
108533,2026-09-25,P014,Varun,Brimstone,Breeze,9,18,9,4,1156.0,29,Win,Platinum
103701,2026-01-14,P020,Harsh,Sage,Breeze,15,11,3,9,1699.0,27,Loss,Diamond
104243,2026-03-05,P001,Shubham,Fade,Lotus,5,16,10,1,975.0,29,Win,Immortal
100688,2026-05-27,P018,Manish,Viper,Pearl,19,21,9,10,3423.0,26,Win,Platinum
103432,2026-09-08,P020,Harsh,Raze,Pearl,6,11,9,2,1223.0,18,Win,Diamond
104944,2026-03-27,P009,Sahil,Fade,Icebox,21,9,3,4,2567.0,24,Loss,Diamond
100966,2026-06-25,P008,Aditya,Sova,Bind,17,14,5,8,1945.0,18,Win,Diamond
109504,2026-01-04,P014,Varun,Reyna,Pearl,17,20,8,5,3287.0,27,Loss,Platinum
102713,2026-05-28,P007,Karan,Sage,Breeze,10,17,4,2,1682.0,30,Win,Platinum
104757,2026-05-30,P014,Varun,Gekko,Icebox,25,22,6,11,3970.0,24,Loss,Ascendant
109565,2026-06-29,P008,Aditya,Reyna,Ascent,8,15,6,5,1469.0,28,Win,Gold
106320,2026-02-20,P007,Karan,Jett,Pearl,25,18,5,5,3252.0,30,Loss,Gold
105975,2026-05-20,P014,Varun,Gekko,Haven,30,8,6,11,4093.0,27,Loss,Gold
103572,2026-08-09,P012,Yash,Fade,Ascent,18,17,5,5,2726.0,22,Loss,Immortal
105299,2026-04-21,P016,Arjun,Sova,Haven,9,16,6,1,1284.0,23,Loss,Gold
101990,2026-09-09,P018,Manish,Fade,Breeze,19,9,3,11,2946.0,27,Win,Gold
101205,2026-07-08,P012,Yash,Sova,Haven,19,12,3,7,2651.0,24,Loss,Platinum
104971,2026-05-07,P005,Akash,Gekko,Split,7,16,7,5,1331.0,29,Win,Platinum
106783,2026-09-25,P003,Amit,Viper,Sunset,23,17,8,9,3633.0,26,Loss,Silver
103600,2026-07-28,P017,Siddhant,Phoenix,Pearl,20,10,7,10,2162.0,27,Win,Gold
106490,2026-03-26,P011,Neeraj,Phoenix,Lotus,19,14,7,5,3395.0,21,Loss,Gold
108609,2026-02-12,P010,Pratik,Omen,Icebox,24,10,8,8,3630.0,26,Loss,Silver
109998,2026-02-21,P005,Akash,Killjoy,Split,27,12,8,14,2167.0,28,Loss,Ascendant
108070,2026-06-23,P009,Sahil,Killjoy,Haven,10,17,0,1,1733.0,28,Loss,Silver
108577,2026-01-27,P006,Vivek,Fade,Ascent,11,12,4,6,2145.0,29,Win,
107973,2026-05-13,P017,Siddhant,Gekko,Breeze,16,18,10,7,2152.0,24,Loss,Silver
101625,2026-02-07,P003,Amit,Reyna,Split,21,20,10,5,4432.0,26,Win,Ascendant
100536,2026-05-15,P016,Arjun,Cypher,Ascent,3,12,4,3,432.0,26,Loss,Gold
108766,2026-04-27,P002,Rahul,Omen,Pearl,19,10,4,4,4058.0,22,Loss,Ascendant
107970,2026-06-12,P010,Pratik,Reyna,Split,11,12,1,2,1867.0,23,Win,Iron
104212,2026-03-15,P009,Sahil,Killjoy,Haven,18,11,8,8,3987.0,24,Win,Bronze
106456,2026-07-11,P009,Sahil,Brimstone,Haven,17,11,8,6,2878.0,26,Loss,Silver
103507,2026-07-24,P019,Ritesh,Fade,Lotus,15,12,1,7,1330.0,21,Win,Diamond
108393,2026-05-24,P018,Manish,Fade,Bind,11,11,5,5,2257.0,24,Win,Silver
107112,2026-07-14,P012,Yash,Cypher,Lotus,21,10,3,9,2526.0,24,Win,Silver
102708,2026-03-25,P016,Arjun,Chamber,Icebox,30,15,8,17,6057.0,28,Loss,Gold
105031,2026-05-24,P016,Arjun,Sova,Haven,5,12,4,4,901.0,21,Loss,Gold
106514,2026-08-09,P002,Rahul,Viper,Icebox,17,12,11,10,3036.0,24,Win,Bronze
104662,2026-05-15,P001,Shubham,Cypher,Pearl,15,14,8,3,2530.0,30,Loss,Ascendant
104021,2026-03-07,P006,Vivek,Raze,Lotus,23,18,0,11,3740.0,21,Win,Platinum
101854,2026-06-12,P007,Karan,Cypher,Breeze,13,14,5,3,2045.0,30,Win,Ascendant
109444,2026-02-17,P019,Ritesh,Gekko,Lotus,5,13,1,3,722.0,28,Win,Platinum
102872,2026-06-15,P018,Manish,Gekko,Ascent,19,10,4,5,2359.0,30,Win,Gold
103030,2026-07-01,P007,Karan,Brimstone,Ascent,14,16,1,5,1824.0,19,Win,Platinum
101645,2026-06-23,P004,Rohan,Reyna,Split,22,17,2,12,2230.0,24,Win,Gold
103417,2026-07-17,P017,Siddhant,Reyna,Bind,22,17,5,11,2457.0,26,Win,Platinum
103476,2026-03-30,P019,Ritesh,Fade,Lotus,16,19,6,7,2618.0,27,Loss,Platinum
109572,2026-07-30,P011,Neeraj,Jett,Pearl,29,15,1,7,4088.0,30,Win,Diamond
101792,2026-04-03,P015,Nikhil,Jett,Sunset,24,17,6,5,4258.0,20,Loss,Platinum
103797,2026-03-10,P002,Rahul,Reyna,Lotus,19,18,2,6,2286.0,22,Loss,Diamond
103368,2026-07-28,P009,Sahil,Viper,Icebox,21,16,3,6,3107.0,26,Loss,Diamond
107196,2026-02-02,P016,Arjun,Chamber,Split,19,15,5,11,2508.0,20,Win,Silver
109661,2026-03-15,P016,Arjun,Reyna,Haven,21,9,7,9,3345.0,19,Win,Gold
105109,2026-01-27,P017,Siddhant,Reyna,Lotus,27,9,5,7,3066.0,30,Win,Bronze
106024,2026-08-30,P017,Siddhant,Sova,Breeze,20,15,6,7,2563.0,18,Win,Ascendant
108795,2026-08-05,P014,Varun,Killjoy,Breeze,26,22,5,10,4262.0,23,Win,Platinum
109313,2026-02-09,P018,Manish,Brimstone,Lotus,24,20,6,9,4683.0,19,Loss,Diamond
100126,2026-06-01,P019,Ritesh,Jett,Haven,20,14,4,6,3484.0,30,Win,Silver
105959,2026-02-27,P009,Sahil,Gekko,Icebox,18,18,9,7,2148.0,19,Win,Silver
103876,2026-01-06,P001,Shubham,Killjoy,Split,11,13,2,3,1100.0,20,Win,Gold
104451,2026-07-13,P004,Rohan,Chamber,Bind,26,15,4,12,4943.0,30,Loss,Bronze
107147,2026-07-14,P019,Ritesh,Gekko,Pearl,21,6,8,3,3254.0,23,Loss,Bronze
103531,2026-02-05,P010,Pratik,Brimstone,Sunset,32,16,8,12,4596.0,25,Win,Silver
100827,2026-01-22,P017,Siddhant,Brimstone,Haven,22,12,3,8,3195.0,23,Loss,Platinum
107790,2026-07-01,P019,Ritesh,Brimstone,Ascent,30,17,6,8,4031.0,24,Win,Platinum
100984,2026-06-08,P008,Aditya,Viper,Lotus,22,14,8,4,3461.0,30,Loss,Bronze
107783,2026-01-18,P014,Varun,Raze,Lotus,25,17,8,10,3370.0,30,Loss,Ascendant
102443,2026-07-18,P011,Neeraj,Sova,Lotus,15,14,8,6,1690.0,23,Win,Silver
108554,2026-05-31,P006,Vivek,Sova,Split,15,16,3,9,2200.0,23,Win,Gold
100345,2026-07-01,P014,Varun,Killjoy,Lotus,6,23,7,2,876.0,26,Win,Gold
100814,2026-07-01,P009,Sahil,Fade,Lotus,20,7,11,7,1703.0,20,Win,Platinum
106166,2026-05-05,P011,Neeraj,Omen,Pearl,10,10,6,3,1118.0,22,Win,Diamond
105779,2026-03-14,P007,Karan,Brimstone,Breeze,12,16,10,3,1425.0,21,Win,Diamond
102116,2026-03-09,P016,Arjun,Fade,Split,12,16,6,5,2163.0,25,Loss,Bronze
100793,2026-04-17,P009,Sahil,Sage,Lotus,29,13,8,11,2935.0,23,Loss,Diamond
106898,2026-04-12,P001,Shubham,Raze,Breeze,17,16,10,5,2448.0,19,Loss,Platinum
102674,2026-04-09,P007,Karan,Jett,Breeze,18,14,8,5,2147.0,24,Win,Platinum
100094,2026-06-18,P006,Vivek,Reyna,Ascent,16,15,8,6,2794.0,26,Loss,Gold
104225,2026-08-04,P006,Vivek,Omen,Haven,12,16,0,2,1901.0,29,Loss,Diamond
103756,2026-01-28,P006,Vivek,Sova,Ascent,18,17,0,6,2629.0,26,Loss,Diamond
102891,2026-09-21,P015,Nikhil,Jett,Haven,23,19,7,9,2996.0,26,Loss,Platinum
102371,2026-03-27,P013,Ankit,Chamber,Pearl,24,7,5,5,3036.0,19,Win,Ascendant
109407,2026-03-30,P012,Yash,Fade,Pearl,20,11,5,8,2044.0,26,Loss,Ascendant
103228,2026-07-03,P012,Yash,Viper,Icebox,18,10,7,9,3694.0,18,Loss,Platinum
107863,2026-05-28,P014,Varun,Gekko,Breeze,14,11,3,5,1898.0,24,Loss,Platinum
106359,2026-04-21,P013,Ankit,Omen,Sunset,18,12,8,4,2358.0,29,Loss,Silver
109215,2026-02-20,P016,Arjun,Jett,Sunset,15,11,9,5,1893.0,20,Win,Platinum
107326,2026-06-20,P017,Siddhant,Viper,Ascent,19,10,1,7,2680.0,18,Loss,Platinum
106028,2026-03-23,P012,Yash,Phoenix,Sunset,17,9,5,1,2337.0,27,Win,Silver
101865,2026-09-30,P011,Neeraj,Reyna,Split,12,12,0,3,1738.0,29,Win,Platinum
104612,2026-01-12,P007,Karan,Raze,Ascent,19,13,4,4,3052.0,25,Loss,Platinum
102645,2026-05-08,P015,Nikhil,Gekko,Breeze,32,10,2,22,5708.0,26,Loss,Bronze
102243,2026-05-13,P019,Ritesh,Raze,Pearl,22,15,8,6,3037.0,22,Loss,Silver
105373,2026-03-14,P014,Varun,Chamber,Pearl,26,18,1,8,2922.0,19,Win,Silver
102336,2026-01-28,P003,Amit,Reyna,Ascent,26,6,3,15,4128.0,20,Win,Silver
100950,2026-06-24,P015,Nikhil,Phoenix,Bind,14,17,5,5,2414.0,19,Win,Bronze
101120,2026-09-22,P014,Varun,Brimstone,Split,11,13,3,4,1341.0,26,Loss,Gold
102204,2026-01-17,P004,Rohan,Chamber,Icebox,31,11,6,20,3714.0,28,Win,Platinum
100419,2026-06-28,P014,Varun,Viper,Breeze,23,15,1,3,3305.0,24,Loss,Bronze
100922,2026-07-04,P014,Varun,Brimstone,Split,20,14,4,9,2935.0,20,Win,Silver
108669,2026-09-22,P007,Karan,Gekko,Haven,17,17,3,5,2006.0,26,Loss,Diamond
105408,2026-07-20,P008,Aditya,Gekko,Sunset,14,16,4,4,2438.0,24,Loss,Ascendant
105788,2026-01-10,P009,Sahil,Omen,Ascent,14,12,4,4,1852.0,30,Loss,Gold
105742,2026-07-26,P011,Neeraj,Killjoy,Bind,13,10,6,4,1758.0,28,Win,Silver
107667,2026-08-12,P013,Ankit,Chamber,Icebox,19,11,8,4,3244.0,27,Loss,Gold
105567,2026-08-03,P013,Ankit,Jett,Breeze,19,15,9,8,3030.0,27,Win,Gold
108135,2026-03-06,P020,Harsh,Sage,Breeze,26,11,7,7,3325.0,24,Win,Platinum
101202,2026-02-26,P004,Rohan,Chamber,Bind,12,21,6,3,2006.0,28,Loss,Platinum
105765,2026-09-02,P012,Yash,Omen,Breeze,8,12,4,1,1437.0,18,Win,Gold
108389,2026-09-30,P018,Manish,Viper,Split,26,9,5,7,4064.0,30,Loss,Ascendant
101970,2026-03-31,P018,Manish,Killjoy,Split,18,17,0,14,2365.0,24,Loss,Silver
104018,2026-02-27,P010,Pratik,Jett,Breeze,23,14,12,4,3077.0,20,Loss,Gold
103687,2026-04-09,P019,Ritesh,Omen,Haven,16,12,7,7,2988.0,28,Win,Diamond
101997,2026-03-12,P009,Sahil,Phoenix,Bind,21,13,6,10,3890.0,18,Loss,Silver
104033,2026-07-26,P007,Karan,Jett,Haven,26,19,9,11,3518.0,21,Loss,Ascendant
101248,2026-01-06,P017,Siddhant,Sova,Lotus,24,15,8,9,3931.0,28,Loss,Immortal
102192,2026-01-03,P003,Amit,Viper,Split,32,11,10,14,5832.0,26,Win,Ascendant
102712,2026-01-02,P007,Karan,Killjoy,Pearl,22,14,6,13,3041.0,20,Win,Gold
102190,2026-08-02,P002,Rahul,Gekko,Lotus,14,12,7,7,2439.0,27,Win,Diamond
104670,2026-09-20,P014,Varun,Brimstone,Lotus,16,12,0,10,1814.0,25,Win,Diamond
105142,2026-09-02,P011,Neeraj,Viper,Haven,12,12,5,8,1450.0,19,Win,Silver
105984,2026-04-14,P008,Aditya,Sova,Icebox,15,14,4,8,2395.0,27,Loss,Iron
106565,2026-06-07,P015,Nikhil,Chamber,Sunset,27,17,6,9,2907.0,21,Win,Diamond
107804,2026-07-22,P016,Arjun,Reyna,Bind,24,12,10,6,3144.0,25,Loss,Immortal
106943,2026-05-12,P002,Rahul,Raze,Pearl,19,11,8,10,3150.0,29,Loss,Gold
102136,2026-06-25,P009,Sahil,Brimstone,Ascent,13,15,1,3,996.0,29,Win,Gold
101065,2026-02-24,P006,Vivek,Jett,Bind,19,17,7,4,3052.0,21,Loss,Gold
100600,2026-03-31,P015,Nikhil,Fade,Haven,15,11,10,4,2722.0,21,Loss,Immortal
104227,2026-08-07,P004,Rohan,Sova,Split,6,13,4,3,502.0,20,Win,Gold
107577,2026-09-26,P010,Pratik,Reyna,Split,17,22,4,4,2260.0,25,Win,Silver
100077,2026-07-12,P017,Siddhant,Phoenix,Icebox,20,15,4,2,2715.0,23,Loss,Platinum
107546,2026-01-02,P016,Arjun,Jett,Split,15,9,8,7,3047.0,18,Win,Silver
102898,2026-07-06,P007,Karan,Viper,Icebox,31,14,5,21,5583.0,22,Win,Platinum
104820,2026-05-22,P010,Pratik,Reyna,Breeze,5,16,11,2,1144.0,20,Win,Ascendant
109321,2026-07-03,P014,Varun,Phoenix,Breeze,13,15,0,6,2699.0,23,Loss,Gold
106413,2026-07-30,P001,Shubham,Raze,Haven,23,15,1,7,2568.0,30,Loss,Bronze
109064,2026-08-20,P010,Pratik,Phoenix,Icebox,23,14,5,10,2836.0,22,Win,Gold
108007,2026-03-13,P016,Arjun,Jett,Pearl,19,17,1,11,2293.0,30,Win,Ascendant
105468,2026-09-17,P013,Ankit,Sova,Ascent,15,19,5,4,2839.0,21,Loss,Diamond
105951,2026-01-08,P005,Akash,Omen,Pearl,19,16,5,5,2506.0,21,Win,Immortal
103391,2026-09-28,P004,Rohan,Sage,Lotus,16,13,1,5,2348.0,22,Loss,Gold
105415,2026-05-02,P002,Rahul,Killjoy,Icebox,19,11,7,5,2855.0,24,Loss,Diamond
102560,2026-02-25,P009,Sahil,Jett,Breeze,13,9,6,6,1747.0,24,Loss,Bronze
108162,2026-04-23,P007,Karan,Killjoy,Pearl,16,12,2,10,1461.0,24,Loss,Bronze
102635,2026-06-11,P003,Amit,Omen,Split,15,22,9,7,2180.0,26,Loss,Gold
105256,2026-06-26,P009,Sahil,Reyna,Haven,9,12,7,4,1022.0,21,Win,Diamond
103530,2026-05-04,P002,Rahul,Chamber,Sunset,13,16,3,7,1704.0,21,Win,Immortal
108567,2026-06-22,P008,Aditya,Jett,Breeze,26,8,4,5,3066.0,19,Win,Bronze
101908,2026-06-29,P020,Harsh,Raze,Ascent,18,12,5,4,2509.0,24,Loss,Ascendant
100235,2026-09-30,P004,Rohan,Jett,Ascent,13,14,3,7,2499.0,25,Win,Gold
101604,2026-03-21,P007,Karan,Omen,Icebox,16,16,4,4,2335.0,29,Loss,Silver
107984,2026-01-19,P019,Ritesh,Cypher,Breeze,16,13,5,6,2564.0,28,Loss,Diamond
103490,2026-09-21,P013,Ankit,Killjoy,Icebox,20,10,9,10,2846.0,30,Win,Platinum
101994,2026-08-23,P008,Aditya,Raze,Breeze,22,20,3,9,3423.0,25,Loss,Diamond
102824,2026-06-10,P018,Manish,Viper,Breeze,16,12,7,11,2222.0,21,Win,Gold
109304,2026-03-12,P014,Varun,Omen,Pearl,8,13,3,3,1611.0,23,Win,Diamond
101342,2026-08-27,P014,Varun,Gekko,Split,22,15,6,6,4497.0,20,Win,Platinum
108512,2026-01-08,P007,Karan,Sage,Split,5,14,11,2,752.0,29,Win,Silver
101619,2026-06-10,P005,Akash,Phoenix,Bind,16,20,5,4,2426.0,22,Loss,Silver
105287,2026-07-04,P016,Arjun,Sage,Haven,8,16,10,5,1034.0,27,Win,Silver
102060,2026-08-18,P018,Manish,Killjoy,Haven,19,19,3,7,2694.0,21,Loss,Platinum
109975,2026-04-28,P006,Vivek,Gekko,Icebox,14,12,7,8,2155.0,25,Loss,Gold
102219,2026-07-27,P008,Aditya,Cypher,Haven,11,13,3,3,2530.0,19,Loss,Bronze
106038,2026-02-17,P017,Siddhant,Sova,Breeze,23,7,4,13,3932.0,27,Loss,Silver
100260,2026-08-09,P002,Rahul,Gekko,Icebox,7,12,4,4,1325.0,21,Win,Silver
109384,2026-03-13,P008,Aditya,Sova,Pearl,9,7,5,3,1308.0,28,Win,Silver
109093,2026-04-20,P014,Varun,Brimstone,Haven,25,14,6,8,3373.0,24,Loss,Silver
103744,2026-06-19,P015,Nikhil,Phoenix,Pearl,26,14,4,14,3921.0,29,Win,Diamond
102026,2026-01-04,P002,Rahul,Chamber,Pearl,17,18,7,7,3189.0,18,Loss,Bronze
106988,2026-03-21,P017,Siddhant,Chamber,Breeze,18,12,7,9,1789.0,20,Loss,Immortal
104234,2026-07-28,P005,Akash,Killjoy,Icebox,26,16,4,9,3834.0,26,Win,Silver
101917,2026-02-25,P020,Harsh,Reyna,Ascent,13,17,7,3,2246.0,26,Loss,Iron
101828,2026-08-19,P011,Neeraj,Phoenix,Breeze,7,13,10,2,1489.0,18,Loss,Gold
106233,2026-01-18,P012,Yash,Jett,Breeze,21,17,8,8,3157.0,27,Win,Silver
109351,2026-06-16,P015,Nikhil,Jett,Sunset,24,11,5,6,3374.0,23,Win,Silver
106283,2026-04-21,P004,Rohan,Sova,Sunset,10,13,7,3,1347.0,20,Loss,Platinum
104208,2026-03-24,P003,Amit,Omen,Pearl,11,14,0,5,1364.0,20,Loss,Diamond
100224,2026-04-22,P018,Manish,Jett,Bind,20,15,7,11,1582.0,18,Win,Platinum
108915,2026-07-04,P004,Rohan,Viper,Ascent,15,16,5,4,2325.0,26,Loss,Diamond
106469,2026-03-20,P018,Manish,Sova,Breeze,7,18,15,0,1249.0,26,Win,Silver
109432,2026-04-19,P014,Varun,Killjoy,Sunset,22,14,2,11,2851.0,20,Win,Gold
100846,2026-08-29,P011,Neeraj,Fade,Breeze,24,22,2,7,3733.0,25,Loss,Gold
104289,2026-08-28,P009,Sahil,Cypher,Split,24,11,1,8,2715.0,28,Loss,Platinum
105560,2026-01-30,P001,Shubham,Fade,Haven,17,20,11,7,1757.0,25,Loss,Platinum
102551,2026-06-09,P018,Manish,Sova,Bind,26,18,3,15,5223.0,27,Loss,Silver
100117,2026-01-28,P020,Harsh,Omen,Split,26,10,8,4,4571.0,20,Loss,Gold
108837,2026-02-14,P016,Arjun,Cypher,Split,22,10,0,9,2918.0,26,Win,Ascendant
105966,2026-06-13,P016,Arjun,Reyna,Bind,20,14,5,7,2260.0,27,Win,Platinum
108195,2026-07-04,P017,Siddhant,Brimstone,Split,24,16,9,14,3366.0,30,Loss,Diamond
108659,2026-06-26,P015,Nikhil,Sage,Lotus,16,15,5,5,2256.0,22,Loss,Bronze
107489,2026-02-14,P019,Ritesh,Omen,Split,11,11,6,5,1288.0,20,Loss,Bronze
100005,2026-02-10,P005,Akash,Phoenix,Split,14,19,5,4,2560.0,29,Loss,Gold
105342,2026-02-22,P013,Ankit,Sage,Lotus,7,20,9,4,1177.0,22,Win,Silver
109111,2026-01-21,P020,Harsh,Fade,Icebox,15,14,6,6,2018.0,30,Loss,Platinum
104324,2026-03-07,P017,Siddhant,Omen,Haven,17,12,9,9,2455.0,26,Win,Ascendant
101063,2026-07-29,P004,Rohan,Reyna,Icebox,22,14,1,9,3749.0,23,Loss,Silver
102590,2026-09-02,P011,Neeraj,Phoenix,Icebox,23,11,5,13,2382.0,30,Win,Platinum
108434,2026-07-31,P013,Ankit,Gekko,Lotus,21,11,6,6,3740.0,19,Win,Gold
103735,2026-06-01,P020,Harsh,Phoenix,Lotus,10,21,2,3,1514.0,18,Loss,Bronze
103517,2026-05-12,P004,Rohan,Killjoy,Breeze,17,20,7,9,2353.0,27,Win,Bronze
106986,2026-07-14,P005,Akash,Viper,Split,21,23,8,9,2533.0,23,Loss,Immortal
106767,2026-08-26,P003,Amit,Cypher,Bind,9,18,6,1,1596.0,28,Loss,Gold
105622,2026-07-28,P008,Aditya,Gekko,Breeze,15,15,5,3,3135.0,23,Loss,Immortal
101605,2026-07-11,P010,Pratik,Reyna,Lotus,29,8,7,10,3533.0,28,Win,Platinum
101733,2026-05-21,P002,Rahul,Phoenix,Split,3,17,8,0,449.0,30,Win,Ascendant
109360,2026-04-24,P003,Amit,Brimstone,Ascent,21,15,7,8,2626.0,30,Win,Immortal
103812,2026-06-30,P018,Manish,Raze,Split,15,12,3,13,2787.0,27,Loss,Iron
109644,2026-09-17,P001,Shubham,Sage,Bind,14,13,8,9,2552.0,21,Loss,Gold
101761,2026-09-09,P010,Pratik,Gekko,Bind,23,16,4,9,2841.0,29,Win,Platinum
105401,2026-07-30,P005,Akash,Sage,Split,16,13,8,5,2518.0,26,Loss,Bronze
102739,2026-04-10,P017,Siddhant,Jett,Split,23,11,7,8,3438.0,27,Win,Platinum
102472,2026-03-06,P013,Ankit,Viper,Breeze,7,18,5,4,1216.0,28,Loss,Ascendant
106738,2026-06-11,P008,Aditya,Brimstone,Ascent,11,12,7,0,1773.0,20,Win,Platinum
106891,2026-03-21,P010,Pratik,Sage,Split,5,17,4,3,907.0,19,Loss,Iron
107943,2026-06-09,P005,Akash,Fade,Icebox,18,21,1,11,2090.0,27,Win,Diamond
104206,2026-07-04,P012,Yash,Raze,Haven,18,15,8,13,2915.0,30,Win,Bronze
106371,2026-04-13,P020,Harsh,Omen,Pearl,13,19,2,5,2041.0,30,Loss,Bronze
100232,2026-08-12,P004,Rohan,Brimstone,Pearl,15,10,14,5,1624.0,25,Loss,Silver
108258,2026-08-13,P015,Nikhil,Sage,Sunset,18,13,3,8,2687.0,20,Win,Gold
107561,2026-08-26,P004,Rohan,Chamber,Lotus,23,12,7,13,4477.0,23,Loss,Diamond
106168,2026-09-22,P010,Pratik,Sova,Ascent,7,15,8,5,1226.0,24,Win,Gold
103596,2026-05-23,P014,Varun,Sage,Haven,28,17,6,11,4200.0,18,Win,Silver
106288,2026-08-16,P008,Aditya,Sova,Pearl,20,12,10,6,3754.0,18,Win,Diamond
104632,2026-06-04,P001,Shubham,Sage,Ascent,20,15,3,11,3044.0,25,Loss,Diamond
100125,2026-01-20,P004,Rohan,Fade,Pearl,14,15,6,6,3054.0,18,Loss,Diamond
107641,2026-06-15,P012,Yash,Jett,Haven,12,6,0,7,1358.0,26,Win,Diamond
106229,2026-01-27,P017,Siddhant,Reyna,Pearl,26,11,1,12,4323.0,27,Win,Gold
101296,2026-07-09,P018,Manish,Chamber,Ascent,15,9,5,5,2081.0,23,Win,Diamond
101976,2026-01-20,P017,Siddhant,Reyna,Bind,6,14,8,3,1301.0,26,Win,Platinum
109500,2026-02-03,P014,Varun,Sage,Icebox,16,17,7,7,2729.0,28,Loss,Bronze
109455,2026-05-12,P007,Karan,Killjoy,Split,17,15,5,9,2825.0,25,Loss,Platinum
105750,2026-04-29,P004,Rohan,Phoenix,Haven,30,18,5,13,3505.0,19,Win,Silver
108152,2026-06-19,P003,Amit,Fade,Haven,23,12,7,11,3763.0,22,Loss,Iron
103086,2026-01-17,P003,Amit,Brimstone,Pearl,24,15,9,5,4350.0,24,Win,Gold
109295,2026-01-29,P014,Varun,Sova,Ascent,9,10,4,4,1188.0,27,Win,Silver
106882,2026-09-20,P006,Vivek,Brimstone,Haven,24,14,8,10,4026.0,30,Loss,Gold
109324,2026-03-02,P007,Karan,Fade,Split,12,15,4,9,1959.0,28,Win,Diamond
107673,2026-07-29,P012,Yash,Viper,Breeze,17,11,2,1,3863.0,28,Win,Iron
103345,2026-06-09,P018,Manish,Fade,Split,16,11,3,8,2590.0,20,Loss,Silver
108172,2026-09-05,P011,Neeraj,Viper,Pearl,10,13,5,2,1743.0,29,Loss,Platinum
109440,2026-08-06,P004,Rohan,Brimstone,Lotus,15,15,4,4,2620.0,19,Win,Silver
105870,2026-01-13,P016,Arjun,Cypher,Split,7,17,7,0,1038.0,27,Win,Gold
106506,2026-02-24,P001,Shubham,Brimstone,Lotus,15,15,2,6,1993.0,21,Loss,Gold
102797,2026-03-25,P006,Vivek,Chamber,Pearl,38,15,9,12,6279.0,19,Win,Gold
100918,2026-02-12,P002,Rahul,Omen,Ascent,26,19,4,8,3643.0,26,Loss,Bronze
101646,2026-05-16,P006,Vivek,Jett,Split,15,16,7,7,2596.0,24,Win,Silver
105122,2026-06-19,P011,Neeraj,Sage,Pearl,28,10,10,13,3796.0,22,Win,Silver
105126,2026-05-21,P012,Yash,Cypher,Bind,27,10,10,12,4233.0,22,Win,Bronze
104621,2026-01-31,P006,Vivek,Brimstone,Pearl,18,14,8,10,1503.0,22,Loss,Immortal
106809,2026-01-18,P009,Sahil,Fade,Sunset,27,16,8,6,4846.0,19,Loss,Silver
100364,2026-08-06,P016,Arjun,Jett,Haven,15,17,5,6,2380.0,30,Loss,Immortal
102125,2026-08-27,P003,Amit,Phoenix,Pearl,7,12,5,3,1014.0,20,Loss,Platinum
108150,2026-08-20,P007,Karan,Fade,Icebox,13,12,8,8,2468.0,26,Win,Ascendant
108717,2026-07-06,P010,Pratik,Chamber,Sunset,12,13,7,5,1932.0,24,Win,Platinum
100055,2026-07-01,P011,Neeraj,Brimstone,Haven,12,15,8,2,2034.0,25,Win,Platinum
100638,2026-04-16,P015,Nikhil,Phoenix,Lotus,29,16,6,10,4371.0,22,Win,Silver
100302,2026-06-24,P003,Amit,Sage,Haven,11,18,10,5,1623.0,20,Loss,Bronze
105811,2026-07-26,P020,Harsh,Sova,Breeze,20,12,5,7,2522.0,22,Win,Diamond
101276,2026-07-18,P018,Manish,Chamber,Breeze,20,14,2,11,3301.0,29,Win,Gold
104432,2026-08-18,P009,Sahil,Phoenix,Lotus,22,13,3,14,3411.0,28,Win,Gold
103644,2026-01-18,P019,Ritesh,Raze,Lotus,20,9,8,13,2873.0,28,Win,Silver
104143,2026-06-18,P017,Siddhant,Phoenix,Haven,19,10,6,10,2882.0,27,Loss,Ascendant
102878,2026-08-20,P008,Aditya,Phoenix,Split,10,11,4,3,1725.0,20,Win,Iron
106493,2026-07-06,P011,Neeraj,Omen,Pearl,21,9,1,6,3329.0,23,Loss,Platinum
105240,2026-04-22,P001,Shubham,Sage,Breeze,24,16,8,7,3360.0,28,Win,Bronze
109427,2026-03-20,P017,Siddhant,Reyna,Pearl,14,5,5,7,2420.0,27,Loss,Platinum
106937,2026-03-24,P013,Ankit,Killjoy,Pearl,17,21,6,11,1931.0,25,Loss,Platinum
107240,2026-06-22,P019,Ritesh,Viper,Bind,16,14,1,11,2113.0,23,Loss,Silver
102593,2026-03-12,P007,Karan,Brimstone,Breeze,17,23,2,7,2585.0,25,Win,Iron
102393,2026-01-21,P009,Sahil,Jett,Bind,10,17,2,4,1792.0,29,Win,Silver
100523,2026-07-11,P012,Yash,Killjoy,Ascent,16,13,5,8,2330.0,27,Win,Silver
106376,2026-07-21,P001,Shubham,Killjoy,Bind,23,16,7,3,3142.0,28,Loss,Silver
106981,2026-04-14,P011,Neeraj,Phoenix,Bind,22,16,11,10,2823.0,23,Loss,Gold
106677,2026-03-14,P013,Ankit,Raze,Ascent,23,12,3,5,4352.0,27,Win,Platinum
103900,2026-02-06,P006,Vivek,Fade,Haven,13,15,5,5,2448.0,23,Loss,Diamond
109654,2026-05-14,P012,Yash,Sova,Bind,12,17,10,6,1804.0,28,Loss,Platinum
105585,2026-09-14,P001,Shubham,Sage,Bind,19,11,4,9,2174.0,27,Loss,Silver
109379,2026-08-23,P002,Rahul,Killjoy,Bind,14,22,11,7,2134.0,28,Loss,Silver
107956,2026-02-09,P005,Akash,Omen,Haven,20,18,4,11,1661.0,23,Win,Platinum
107570,2026-08-21,P006,Vivek,Chamber,Icebox,10,15,4,5,1484.0,21,Win,Platinum
106777,2026-03-20,P010,Pratik,Raze,Ascent,13,12,7,5,2082.0,28,Win,Diamond
100671,2026-02-16,P015,Nikhil,Fade,Haven,21,10,7,11,3489.0,20,Loss,Silver
104188,2026-07-04,P011,Neeraj,Brimstone,Split,19,15,6,5,2854.0,26,Win,Ascendant
100666,2026-04-12,P004,Rohan,Jett,Icebox,19,11,4,2,1869.0,24,Loss,Silver
103266,2026-09-22,P007,Karan,Raze,Split,24,13,4,8,3246.0,23,Loss,Ascendant
101887,2026-03-14,P018,Manish,Sage,Bind,23,4,3,15,3066.0,29,Win,Diamond
108472,2026-07-14,P010,Pratik,Brimstone,Split,13,17,3,5,1893.0,23,Loss,Immortal
109091,2026-03-05,P007,Karan,Raze,Icebox,12,11,11,5,2075.0,24,Win,Ascendant
107687,2026-04-29,P006,Vivek,Phoenix,Haven,20,11,4,5,3691.0,24,Loss,Gold
106031,2026-01-02,P005,Akash,Killjoy,Pearl,28,18,7,5,4403.0,27,Loss,Diamond
106090,2026-02-01,P010,Pratik,Omen,Haven,15,17,3,4,2024.0,18,Loss,Ascendant
106238,2026-06-08,P008,Aditya,Killjoy,Icebox,26,18,6,9,5149.0,19,Loss,Gold
107350,2026-06-04,P012,Yash,Gekko,Breeze,15,12,6,6,3021.0,20,Loss,Diamond
107830,2026-06-11,P013,Ankit,Raze,Pearl,23,11,4,10,2739.0,22,Win,Gold
100760,2026-09-03,P015,Nikhil,Viper,Bind,31,15,3,6,3825.0,28,Loss,Gold
106254,2026-04-10,P014,Varun,Gekko,Lotus,3,11,6,2,585.0,29,Win,Diamond
101906,2026-08-07,P015,Nikhil,Jett,Sunset,19,14,0,6,2479.0,20,Win,Gold
103818,2026-05-23,P001,Shubham,Fade,Breeze,17,16,5,4,2904.0,23,Loss,Iron
106269,2026-04-18,P001,Shubham,Sova,Breeze,19,17,6,3,3106.0,29,Loss,Diamond
104300,2026-08-05,P011,Neeraj,Reyna,Haven,20,14,0,10,3030.0,19,Win,Ascendant
105569,2026-02-24,P019,Ritesh,Raze,Bind,36,12,3,17,3853.0,26,Win,Gold
107941,2026-04-01,P020,Harsh,Sage,Haven,8,11,1,3,1235.0,21,Win,Platinum
104164,2026-08-12,P017,Siddhant,Jett,Icebox,23,11,4,12,3275.0,30,Loss,Iron
105971,2026-04-23,P012,Yash,Sova,Haven,17,16,3,9,2891.0,21,Win,Diamond
103579,2026-02-26,P003,Amit,Reyna,Haven,17,11,9,10,2482.0,23,Loss,Silver
102832,2026-09-12,P008,Aditya,Omen,Sunset,21,14,2,4,2608.0,20,Loss,Gold
105449,2026-09-18,P018,Manish,Phoenix,Pearl,26,14,12,4,3466.0,29,Loss,Gold
103472,2026-07-10,P002,Rahul,Sage,Pearl,28,14,4,16,5358.0,28,Loss,Gold
106327,2026-09-14,P019,Ritesh,Sage,Sunset,9,13,7,5,1272.0,19,Loss,Gold
100137,2026-04-12,P013,Ankit,Sova,Lotus,18,13,5,9,2347.0,27,Loss,Diamond
107043,2026-01-07,P004,Rohan,Reyna,Ascent,19,16,2,4,1959.0,30,Win,Ascendant
104892,2026-03-12,P014,Varun,Viper,Icebox,19,13,5,12,3416.0,28,Win,Iron
102180,2026-04-29,P012,Yash,Raze,Haven,16,10,7,7,1952.0,19,Loss,Silver
107730,2026-03-09,P003,Amit,Fade,Bind,18,14,0,9,2755.0,29,Loss,Platinum
103177,2026-08-13,P013,Ankit,Viper,Icebox,26,13,6,16,4091.0,18,Win,Silver
104854,2026-06-17,P001,Shubham,Reyna,Bind,4,16,7,0,1084.0,25,Loss,Silver
104637,2026-08-24,P010,Pratik,Sova,Pearl,20,11,9,10,3569.0,20,Win,Gold
105115,2026-06-20,P019,Ritesh,Raze,Breeze,11,21,6,5,1622.0,24,Win,Bronze
107648,2026-06-11,P007,Karan,Cypher,Haven,10,16,10,5,1859.0,27,Win,Platinum
104261,2026-08-23,P019,Ritesh,Viper,Split,23,11,11,11,4198.0,18,Loss,Diamond
101331,2026-04-28,P005,Akash,Brimstone,Breeze,18,17,8,4,1854.0,18,Loss,Gold
107002,2026-05-19,P003,Amit,Reyna,Split,22,12,7,6,3851.0,29,Win,Immortal
106941,2026-09-09,P003,Amit,Sage,Ascent,6,16,9,0,1045.0,27,Win,Diamond
108017,2026-05-12,P020,Harsh,Cypher,Sunset,14,10,7,6,2221.0,28,Win,Gold
106241,2026-07-08,P012,Yash,Jett,Split,10,12,4,3,1088.0,20,Win,Gold
102441,2026-05-27,P005,Akash,Brimstone,Pearl,26,17,4,12,3496.0,20,Win,Gold
106881,2026-01-12,P001,Shubham,Viper,Bind,19,9,2,6,1775.0,28,Win,Diamond
104530,2026-01-17,P017,Siddhant,Jett,Sunset,13,13,12,5,1847.0,30,Win,Iron
104673,2026-08-10,P008,Aditya,Chamber,Pearl,13,13,7,2,1891.0,30,Loss,Ascendant
106996,2026-06-27,P003,Amit,Killjoy,Ascent,18,13,5,11,2066.0,20,Loss,Gold
101252,2026-03-13,P001,Shubham,Jett,Haven,10,17,7,5,1877.0,25,Loss,Diamond
103374,2026-07-10,P013,Ankit,Gekko,Haven,27,17,7,10,3387.0,25,Loss,Immortal
102814,2026-08-03,P018,Manish,Sova,Pearl,19,18,7,3,2924.0,25,Win,Platinum
104719,2026-02-06,P014,Varun,Jett,Ascent,17,10,10,6,2461.0,30,Win,Platinum
106544,2026-08-02,P011,Neeraj,Phoenix,Sunset,6,14,5,4,1085.0,22,Win,Gold
104858,2026-03-09,P017,Siddhant,Chamber,Bind,17,12,11,9,2072.0,28,Loss,Diamond
107901,2026-09-14,P014,Varun,Fade,Haven,22,21,3,12,3396.0,25,Loss,Ascendant
108580,2026-04-20,P020,Harsh,Sage,Pearl,24,7,4,10,3308.0,21,Win,Silver
108427,2026-04-21,P014,Varun,Fade,Lotus,6,16,5,3,765.0,30,Loss,Silver
101077,2026-02-23,P017,Siddhant,Chamber,Haven,34,20,4,18,4406.0,18,Win,Ascendant
104363,2026-06-02,P010,Pratik,Fade,Bind,12,16,8,7,2013.0,26,Loss,Gold
100770,2026-04-18,P005,Akash,Chamber,Bind,14,11,7,8,2400.0,28,Win,Iron
108865,2026-04-18,P020,Harsh,Viper,Pearl,23,13,7,7,2617.0,21,Win,Bronze
100249,2026-01-19,P007,Karan,Fade,Split,20,16,6,4,3506.0,28,Loss,Gold
107239,2026-04-13,P019,Ritesh,Gekko,Bind,12,13,8,9,2260.0,23,Loss,Silver
103419,2026-04-21,P001,Shubham,Viper,Sunset,15,14,7,5,2118.0,24,Loss,Silver
104976,2026-03-26,P020,Harsh,Viper,Lotus,12,11,8,2,1902.0,28,Win,Bronze
104544,2026-01-23,P020,Harsh,Brimstone,Ascent,24,11,7,9,3692.0,22,Win,Platinum
105565,2026-03-01,P002,Rahul,Jett,Lotus,28,17,11,14,3444.0,20,Win,Gold
107939,2026-02-16,P009,Sahil,Reyna,Split,11,18,7,4,971.0,24,Loss,Platinum
100716,2026-09-22,P020,Harsh,Sova,Lotus,12,13,10,6,2546.0,24,Loss,Diamond
109672,2026-04-24,P007,Karan,Omen,Ascent,23,18,5,9,3684.0,23,Loss,Platinum
102048,2026-04-14,P012,Yash,Omen,Sunset,22,11,9,5,2749.0,18,Win,Diamond
105997,2026-02-27,P016,Arjun,Jett,Haven,20,15,10,5,3466.0,25,Loss,Platinum
106600,2026-03-17,P014,Varun,Phoenix,Breeze,23,19,7,12,2911.0,26,Win,Platinum
107245,2026-09-09,P005,Akash,Sova,Haven,18,10,4,3,3054.0,19,Win,Ascendant
104178,2026-09-27,P012,Yash,Jett,Split,10,17,4,2,1219.0,23,Loss,Silver
104809,2026-04-27,P008,Aditya,Omen,Sunset,19,10,8,5,2481.0,20,Loss,Platinum
109502,2026-09-29,P018,Manish,Chamber,Pearl,29,18,9,14,4027.0,27,Win,Silver
107140,2026-09-17,P011,Neeraj,Sova,Breeze,33,15,2,11,4916.0,19,Win,Silver
107190,2026-08-30,P005,Akash,Phoenix,Pearl,13,13,1,8,1676.0,30,Win,Platinum
101460,2026-02-27,P003,Amit,Chamber,Icebox,22,11,8,10,3714.0,29,Loss,Diamond
105989,2026-07-19,P001,Shubham,Phoenix,Bind,18,11,10,9,3569.0,26,Loss,Gold
102000,2026-06-04,P008,Aditya,Fade,Icebox,16,13,7,5,3049.0,20,Win,Platinum
108175,2026-05-22,P012,Yash,Reyna,Haven,19,13,8,3,3107.0,27,Win,Silver
100404,2026-04-13,P017,Siddhant,Sova,Breeze,12,16,5,3,2110.0,27,Loss,Platinum
100384,2026-07-05,P010,Pratik,Jett,Split,23,18,5,13,2658.0,23,Loss,Gold
109468,2026-05-06,P011,Neeraj,Reyna,Haven,17,18,7,9,2959.0,18,Loss,Platinum
109507,2026-07-23,P013,Ankit,Raze,Haven,24,16,3,8,3489.0,26,Loss,Gold
101633,2026-05-17,P010,Pratik,Brimstone,Pearl,17,14,6,2,2310.0,19,Loss,Silver
109575,2026-05-24,P007,Karan,Viper,Sunset,15,13,4,3,3085.0,25,Win,Diamond
104784,2026-04-23,P009,Sahil,Omen,Haven,15,14,3,4,2687.0,29,Loss,Platinum
109476,2026-08-23,P002,Rahul,Killjoy,Breeze,20,12,5,10,4005.0,23,Loss,Platinum
106970,2026-03-18,P013,Ankit,Jett,Sunset,15,17,5,8,2155.0,21,Win,Gold
103925,2026-03-04,P019,Ritesh,Chamber,Lotus,18,10,1,9,2714.0,30,Loss,Gold
104158,2026-06-11,P004,Rohan,Cypher,Breeze,25,17,7,10,3968.0,26,Win,Ascendant
107449,2026-06-07,P008,Aditya,Gekko,Ascent,25,13,3,12,3978.0,30,Win,Platinum
108415,2026-08-28,P008,Aditya,Cypher,Bind,22,11,0,9,1983.0,26,Win,Diamond
102193,2026-04-16,P014,Varun,Sage,Bind,13,15,6,9,1793.0,20,Loss,Silver
101015,2026-07-22,P009,Sahil,Reyna,Sunset,23,12,8,15,3246.0,25,Loss,Silver
105124,2026-01-01,P014,Varun,Sova,Pearl,3,13,5,3,485.0,28,Win,Diamond
107418,2026-06-18,P003,Amit,Brimstone,Ascent,25,12,9,11,5647.0,22,Loss,Platinum
107409,2026-02-28,P009,Sahil,Brimstone,Ascent,28,14,7,16,3334.0,28,Loss,Platinum
108989,2026-04-01,P009,Sahil,Brimstone,Icebox,14,16,10,8,2238.0,22,Win,Gold
102871,2026-05-12,P011,Neeraj,Cypher,Breeze,18,20,0,5,2764.0,19,Loss,Immortal
100009,2026-02-21,P009,Sahil,Raze,Ascent,10,11,3,3,1319.0,29,Win,Ascendant
101838,2026-06-14,P004,Rohan,Reyna,Breeze,13,15,6,7,2034.0,26,Loss,Diamond
104804,2026-01-31,P019,Ritesh,Cypher,Ascent,22,15,4,11,2827.0,20,Loss,Iron
100255,2026-01-25,P002,Rahul,Gekko,Breeze,12,20,5,4,1480.0,27,Win,Iron
107026,2026-06-16,P018,Manish,Fade,Breeze,10,18,8,1,1543.0,27,Loss,Iron
105713,2026-07-13,P007,Karan,Raze,Lotus,15,12,0,7,2307.0,25,Win,Gold
103324,2026-05-27,P011,Neeraj,Raze,Split,10,18,8,3,1755.0,25,Win,Silver
107714,2026-09-08,P004,Rohan,,Breeze,25,17,12,5,4004.0,22,Loss,Gold
101581,2026-03-01,P012,Yash,Omen,Icebox,17,11,1,7,2963.0,19,Loss,Ascendant
100924,2026-08-28,P007,Karan,Cypher,Split,13,14,4,7,1786.0,28,Win,Diamond
102779,2026-01-03,P015,Nikhil,Killjoy,Pearl,12,21,14,9,2023.0,22,Win,Gold
107891,2026-03-17,P002,Rahul,Sage,Sunset,29,17,7,13,5699.0,19,Loss,Gold
106132,2026-09-04,P003,Amit,Omen,Breeze,6,16,5,4,1142.0,25,Win,Silver
105320,2026-07-19,P008,Aditya,Omen,Lotus,17,11,4,7,2304.0,25,Win,Platinum
107312,2026-01-03,P003,Amit,Phoenix,Sunset,15,17,8,6,2932.0,18,Loss,Diamond
107102,2026-03-09,P007,Karan,Viper,Lotus,18,13,1,10,3241.0,25,Win,Platinum
106042,2026-07-17,P003,Amit,Brimstone,Breeze,25,16,4,16,3087.0,22,Win,Gold
103775,2026-01-02,P002,Rahul,Chamber,Bind,21,9,4,4,3514.0,21,Win,Gold
104835,2026-04-21,P020,Harsh,Sova,Breeze,21,14,8,8,3491.0,21,Loss,Diamond
104964,2026-04-04,P014,Varun,Reyna,Icebox,24,14,4,11,4617.0,30,Win,Gold
100539,2026-04-16,P002,Rahul,Sova,Pearl,19,14,3,14,3263.0,26,Loss,Immortal
107483,2026-08-05,P019,Ritesh,Chamber,Ascent,12,17,3,5,1649.0,30,Win,Silver
102745,2026-05-10,P007,Karan,Phoenix,Sunset,20,17,0,5,2420.0,30,Loss,Gold
103719,2026-04-30,P015,Nikhil,Brimstone,Icebox,6,12,7,4,364.0,26,Win,Platinum
106819,2026-03-22,P002,Rahul,,Split,9,9,7,4,1520.0,27,Win,Silver
109337,2026-02-08,P003,Amit,Sova,Split,11,13,4,6,1902.0,19,Win,Silver
104468,2026-02-26,P007,Karan,Jett,Lotus,15,16,13,6,2460.0,21,Win,Immortal
100667,2026-08-14,P008,Aditya,Brimstone,Breeze,19,11,1,10,2376.0,25,Win,Gold
107575,2026-07-25,P019,Ritesh,Raze,Bind,26,14,4,9,4030.0,22,Loss,Gold
108549,2026-01-19,P014,Varun,Chamber,Breeze,18,13,4,5,2606.0,18,Win,Silver
105063,2026-04-17,P009,Sahil,Phoenix,Lotus,21,12,2,9,3913.0,25,Loss,Gold
101353,2026-03-21,P005,Akash,Omen,Pearl,20,19,5,8,2289.0,23,Win,Bronze
107114,2026-09-07,P001,Shubham,Fade,Sunset,11,18,2,7,1914.0,26,Loss,Diamond
109793,2026-04-27,P001,Shubham,Raze,Lotus,25,16,8,18,2747.0,25,Win,Silver
108662,2026-08-28,P018,Manish,Raze,Pearl,5,23,0,3,493.0,26,Win,Diamond
102703,2026-09-21,P014,Varun,Gekko,Ascent,10,6,1,2,1522.0,28,Win,Diamond
103330,2026-02-19,P005,Akash,Sova,Pearl,25,15,6,2,2705.0,30,Win,Silver
108053,2026-02-07,P008,Aditya,Raze,Bind,29,14,7,7,5828.0,22,Win,Gold
103584,2026-07-16,P020,Harsh,Fade,Split,11,15,5,5,1390.0,20,Win,Bronze
109461,2026-02-17,P011,Neeraj,Raze,Split,11,12,3,5,1519.0,21,Win,Gold
105645,2026-06-29,P013,Ankit,Brimstone,Pearl,33,16,0,15,4331.0,21,Loss,Silver
103376,2026-04-15,P015,Nikhil,Brimstone,Breeze,16,16,7,11,2402.0,18,Win,Bronze
101256,2026-02-18,P013,Ankit,Sage,Lotus,18,11,0,7,2556.0,20,Win,Platinum
106190,2026-06-26,P016,Arjun,Chamber,Breeze,23,12,0,9,2954.0,24,Win,Gold
105348,2026-01-09,P012,Yash,Viper,Ascent,15,13,0,6,2664.0,29,Loss,Platinum
104175,2026-04-25,P002,Rahul,Reyna,Breeze,8,18,7,5,978.0,24,Win,Platinum
104910,2026-02-22,P006,Vivek,Killjoy,Breeze,19,12,5,4,3423.0,18,Win,Iron
101852,2026-05-01,P004,Rohan,Sova,Bind,5,26,4,2,1040.0,26,Win,Gold
106316,2026-05-11,P012,Yash,Killjoy,Bind,20,19,3,10,3168.0,30,Win,Ascendant
109874,2026-04-28,P011,Neeraj,Jett,Breeze,5,17,2,4,830.0,20,Loss,Silver
102105,2026-09-01,P015,Nikhil,Phoenix,Icebox,20,9,9,4,3209.0,30,Loss,Gold
100133,2026-02-28,P007,Karan,Viper,Breeze,18,14,9,10,2322.0,27,Win,Ascendant
105029,2026-03-24,P014,Varun,Jett,Breeze,17,13,8,3,3004.0,30,Win,Gold
100928,2026-01-19,P008,Aditya,Killjoy,Lotus,26,16,4,15,3900.0,21,Win,Diamond
100823,2026-07-21,P014,Varun,Viper,Split,18,9,5,5,2293.0,30,Loss,Ascendant
107576,2026-03-21,P001,Shubham,Chamber,Split,23,14,6,11,3679.0,30,Loss,Silver
101531,2026-01-07,P015,Nikhil,Omen,Split,3,15,8,1,658.0,25,Win,Platinum
101214,2026-05-17,P016,Arjun,Viper,Split,21,14,4,6,2651.0,19,Loss,Silver
100504,2026-09-27,P019,Ritesh,Fade,Breeze,11,15,9,5,1856.0,25,Win,Platinum
106530,2026-09-11,P015,Nikhil,Phoenix,Lotus,4,14,8,2,464.0,28,Win,Bronze
103072,2026-06-16,P016,Arjun,Sova,Ascent,26,18,7,3,5524.0,24,Win,Iron
109086,2026-01-11,P015,Nikhil,Jett,Breeze,17,13,4,6,2801.0,19,Win,Bronze
108647,2026-09-09,P012,Yash,Raze,Sunset,23,5,7,10,3723.0,20,Loss,Bronze
106619,2026-02-02,P008,Aditya,Jett,Breeze,19,13,2,8,3708.0,29,Loss,Platinum
109273,2026-02-14,P013,Ankit,Gekko,Haven,23,17,3,11,3420.0,20,Win,Diamond
103709,2026-04-03,P016,Arjun,Viper,Breeze,12,13,9,5,2187.0,24,Loss,Bronze
109601,2026-06-07,P002,Rahul,Sova,Bind,10,17,6,1,1346.0,29,Loss,Gold
104849,2026-08-30,P004,Rohan,Killjoy,Split,11,12,10,2,1665.0,21,Win,Diamond
104748,2026-06-18,P012,Yash,Omen,Split,30,17,4,12,4390.0,28,Win,Ascendant
104268,2026-03-31,P013,Ankit,Gekko,Bind,20,12,3,12,3264.0,21,Loss,Gold
109898,2026-03-28,P009,Sahil,Viper,Pearl,13,11,5,7,2463.0,26,Loss,Iron
108905,2026-01-10,P017,Siddhant,Raze,Split,19,25,4,6,2802.0,27,Loss,Bronze
104186,2026-05-01,P020,Harsh,Jett,Icebox,13,16,6,9,2044.0,23,Loss,Silver
105301,2026-05-29,P012,Yash,Cypher,Split,13,12,1,7,2039.0,29,Win,Gold
102923,2026-07-19,P012,Yash,Reyna,Ascent,17,14,4,10,2288.0,25,Win,Silver
106588,2026-05-20,P011,Neeraj,Reyna,Lotus,16,14,5,8,3043.0,20,Win,Diamond
101810,2026-06-04,P015,Nikhil,Sova,Haven,21,15,4,11,3008.0,23,Loss,Platinum
103486,2026-07-04,P016,Arjun,Phoenix,Lotus,21,11,1,7,3714.0,29,Win,Platinum
107419,2026-06-08,P005,Akash,Phoenix,Lotus,27,15,5,8,3578.0,23,Win,Diamond
103141,2026-06-08,P011,Neeraj,Cypher,Bind,21,11,7,6,3935.0,20,Loss,Silver
109347,2026-01-16,P006,Vivek,Chamber,Ascent,19,15,10,6,2318.0,20,Win,Platinum
101324,2026-02-05,P008,Aditya,Phoenix,Bind,18,16,2,7,2705.0,25,Loss,Platinum
104312,2026-01-11,P012,Yash,Sage,Pearl,23,17,9,11,4733.0,23,Win,Diamond
107494,2026-04-05,P010,Pratik,Killjoy,Haven,31,25,10,14,3459.0,29,Win,Immortal
108702,2026-07-15,P010,Pratik,Killjoy,Bind,6,15,0,4,1111.0,23,Loss,Bronze
108691,2026-07-18,P004,Rohan,Chamber,Haven,14,18,12,4,1785.0,20,Loss,Gold
109523,2026-01-15,P017,Siddhant,Sage,Breeze,14,6,5,5,2406.0,23,Loss,Platinum
105541,2026-03-01,P019,Ritesh,Reyna,Ascent,16,12,4,10,2019.0,22,Win,Iron
106172,2026-02-21,P017,Siddhant,Raze,Split,15,11,8,9,2108.0,19,Loss,Silver
101540,2026-04-05,P008,Aditya,Fade,Haven,26,17,3,13,5028.0,21,Win,Ascendant
109409,2026-06-22,P013,Ankit,Fade,Lotus,13,10,1,5,1662.0,30,Loss,Diamond
102681,2026-01-22,P009,Sahil,Fade,Sunset,25,15,1,13,4311.0,19,Loss,Platinum
109902,2026-07-06,P004,Rohan,Brimstone,Pearl,21,11,6,12,3667.0,29,Win,Diamond
106313,2026-06-10,P002,Rahul,Reyna,Breeze,20,9,10,10,2140.0,29,Win,Ascendant
101191,2026-02-28,P004,Rohan,Gekko,Haven,19,11,3,6,3105.0,23,Loss,Platinum
105293,2026-09-28,P014,Varun,Omen,Haven,19,15,10,5,2867.0,29,Win,Platinum
101542,2026-07-10,P015,Nikhil,Gekko,Split,12,9,4,5,2380.0,20,Loss,Ascendant
107056,2026-08-18,P012,Yash,Jett,Sunset,15,15,9,6,2451.0,28,Loss,Platinum
102539,2026-06-22,P009,Sahil,Omen,Bind,6,22,6,4,1303.0,25,Win,Gold
100953,2026-09-04,P011,Neeraj,Sova,Breeze,9,15,3,3,1760.0,22,Loss,Ascendant
107241,2026-06-03,P011,Neeraj,Cypher,Pearl,23,15,4,7,1548.0,26,Loss,Bronze
106731,2026-09-24,P018,Manish,Viper,Lotus,15,13,6,3,1933.0,19,Loss,Silver
104846,2026-04-24,P014,Varun,Cypher,Pearl,25,14,6,14,4794.0,20,Win,Platinum
106801,2026-04-08,P002,Rahul,Jett,Breeze,18,21,11,4,3169.0,26,Loss,Silver
108010,2026-03-24,P016,Arjun,Cypher,Bind,14,15,5,5,2386.0,24,Win,Silver
104330,2026-03-03,P012,Yash,Reyna,Pearl,15,11,0,7,1999.0,18,Loss,Silver
108924,2026-08-17,P012,Yash,Brimstone,Breeze,21,14,2,4,2993.0,24,Loss,Platinum
105334,2026-05-17,P015,Nikhil,Sage,Icebox,17,15,4,10,2287.0,22,Win,Platinum
107330,2026-08-18,P016,Arjun,Viper,Bind,14,15,10,2,2057.0,29,Loss,Platinum
109348,2026-03-07,P006,Vivek,Reyna,Pearl,14,6,5,4,2001.0,20,Loss,Platinum
104729,2026-06-28,P013,Ankit,Gekko,Lotus,20,15,8,11,3263.0,30,Loss,Gold
106541,2026-09-29,P005,Akash,Phoenix,Bind,14,9,1,2,1524.0,25,Win,Iron
105305,2026-04-30,P013,Ankit,Fade,Ascent,13,19,8,4,2234.0,28,Win,Silver
105161,2026-01-21,P002,Rahul,Brimstone,Ascent,23,10,7,11,3548.0,24,Loss,Gold
107860,2026-02-10,P014,Varun,Gekko,Icebox,16,16,0,7,2564.0,25,Loss,Bronze
102156,2026-07-13,P015,Nikhil,Killjoy,Breeze,15,19,7,3,1689.0,24,Loss,Diamond
101062,2026-08-20,P008,Aditya,Brimstone,Haven,15,10,7,8,2572.0,30,Win,Immortal
101167,2026-03-04,P008,Aditya,Phoenix,Sunset,14,14,5,4,2420.0,25,Win,Diamond
103636,2026-04-30,P018,Manish,Raze,Pearl,22,11,6,8,2706.0,18,Loss,Bronze
107651,2026-07-04,P003,Amit,Chamber,Split,8,14,5,1,636.0,24,Loss,Ascendant
105588,2026-07-22,P018,Manish,Jett,Bind,14,13,7,8,1703.0,22,Win,Diamond
107192,2026-04-05,P018,Manish,Fade,Split,21,12,3,9,2996.0,21,Loss,Bronze
104491,2026-03-26,P014,Varun,Cypher,Breeze,18,14,12,4,2938.0,29,Win,Gold
107266,2026-06-08,P015,Nikhil,Killjoy,Haven,3,12,4,2,489.0,20,Win,Diamond
104980,2026-01-16,P013,Ankit,Gekko,Bind,20,7,0,5,2779.0,18,Win,Gold
108335,2026-03-24,P006,Vivek,Jett,Icebox,3,17,4,0,364.0,19,Win,Ascendant
109972,2026-01-30,P004,Rohan,Gekko,Bind,23,6,8,4,3602.0,27,Win,Silver
104946,2026-07-04,P013,Ankit,Brimstone,Pearl,15,13,3,5,2204.0,26,Loss,Bronze
102782,2026-05-10,P020,Harsh,Sage,Breeze,26,14,6,12,5524.0,26,Loss,Iron
100717,2026-09-28,P014,Varun,Chamber,Haven,17,23,4,10,3270.0,20,Win,Ascendant
102502,2026-05-23,P013,Ankit,Raze,Ascent,22,14,0,6,2533.0,18,Win,Gold
104360,2026-06-11,P009,Sahil,Viper,Breeze,3,17,8,2,592.0,20,Loss,Silver
104171,2026-04-16,P020,Harsh,Phoenix,Haven,18,11,3,12,2428.0,25,Loss,Platinum
108082,2026-06-21,P014,Varun,Jett,Split,26,15,9,15,4285.0,18,Win,Immortal
109780,2026-04-20,P001,Shubham,Killjoy,Haven,9,19,7,3,1511.0,20,Win,Platinum
100395,2026-03-21,P016,Arjun,Phoenix,Ascent,3,12,8,3,398.0,24,Win,Gold
107186,2026-09-13,P017,Siddhant,Sova,Pearl,9,14,1,3,1416.0,25,Loss,Gold
109842,2026-06-10,P007,Karan,Cypher,Breeze,21,13,11,10,2613.0,24,Win,Bronze
104492,2026-02-07,P019,Ritesh,Sage,Split,14,12,8,10,1573.0,18,Loss,Silver
101365,2026-08-28,P008,Aditya,Jett,Split,19,7,4,10,3113.0,22,Win,Platinum
109546,2026-05-25,P010,Pratik,Chamber,Icebox,13,25,6,3,2024.0,21,Win,Ascendant
108787,2026-06-17,P002,Rahul,Sova,Pearl,7,10,4,5,873.0,19,Loss,Immortal
105917,2026-08-14,P001,Shubham,Chamber,Lotus,12,18,3,4,1996.0,26,Loss,Silver
104968,2026-05-22,P017,Siddhant,Chamber,Sunset,11,13,2,5,1692.0,19,Win,Platinum
102914,2026-04-23,P010,Pratik,Fade,Sunset,9,12,7,4,1492.0,29,Loss,Platinum
105644,2026-09-28,P010,Pratik,Reyna,Icebox,30,11,6,11,3845.0,25,Loss,Ascendant
103766,2026-01-10,P008,Aditya,Raze,Haven,13,18,12,9,1962.0,24,Win,Immortal
103440,2026-02-12,P013,Ankit,Gekko,Breeze,11,12,6,4,1417.0,30,Loss,Platinum
107357,2026-08-09,P007,Karan,Gekko,Sunset,17,17,9,8,2758.0,30,Win,Ascendant
106806,2026-02-27,P005,Akash,Viper,Ascent,23,19,2,10,4748.0,19,Win,Gold
102143,2026-07-20,P013,Ankit,Brimstone,Breeze,20,18,9,3,2755.0,23,Loss,Iron
105104,2026-02-19,P013,Ankit,Raze,Breeze,24,14,4,7,3438.0,27,Win,Bronze
105073,2026-01-13,P014,Varun,Killjoy,Ascent,17,19,3,6,1873.0,30,Loss,Platinum
101571,2026-03-15,P016,Arjun,Reyna,Haven,23,14,7,8,4235.0,25,Win,Bronze
104079,2026-09-13,P007,Karan,Viper,Breeze,8,17,6,2,798.0,19,Win,Platinum
101122,2026-05-08,P012,Yash,Fade,Haven,18,15,10,8,4033.0,27,Loss,Gold
102786,2026-04-26,P012,Yash,Omen,Pearl,16,13,2,7,2721.0,23,Loss,Silver
102967,2026-01-14,P011,Neeraj,Killjoy,Breeze,21,12,7,5,2959.0,21,Loss,Diamond
102504,2026-09-04,P019,Ritesh,Cypher,Sunset,3,12,6,3,404.0,30,Loss,Platinum
105988,2026-02-09,P017,Siddhant,Sova,Breeze,33,17,10,8,6500.0,25,Loss,Diamond
108867,2026-08-15,P005,Akash,Cypher,Sunset,16,16,8,4,2261.0,20,Loss,Platinum
107164,2026-01-20,P015,Nikhil,Phoenix,Bind,24,12,5,8,4822.0,28,Loss,Ascendant
100728,2026-08-27,P016,Arjun,Chamber,Split,10,8,3,6,1360.0,30,Win,Immortal
107587,2026-04-03,P013,Ankit,Fade,Haven,13,10,4,5,1789.0,22,Loss,Diamond
107543,2026-06-21,P005,Akash,Raze,Bind,24,12,5,11,3202.0,28,Loss,Platinum
100412,2026-07-15,P020,Harsh,Viper,Split,18,7,6,3,2440.0,21,Loss,Ascendant
105745,2026-04-12,P002,Rahul,Chamber,Bind,27,9,5,5,4793.0,21,Win,Gold
107668,2026-09-06,P004,Rohan,Phoenix,Breeze,22,14,4,9,3239.0,18,Loss,Diamond
100825,2026-02-27,P007,Karan,Viper,Ascent,19,20,4,5,3393.0,18,Win,Ascendant
103267,2026-02-21,P010,Pratik,Phoenix,Haven,16,15,5,3,2773.0,30,Win,Silver
103974,2026-03-20,P006,Vivek,Jett,Split,12,12,5,4,1098.0,25,Loss,Silver
108808,2026-05-17,P013,Ankit,Sage,Bind,16,15,4,6,2166.0,30,Loss,Ascendant
108306,2026-04-18,P017,Siddhant,Viper,Icebox,26,22,9,9,3385.0,22,Loss,Diamond
100417,2026-03-20,P012,Yash,Killjoy,Ascent,23,12,8,10,3921.0,26,Win,Diamond
106748,2026-03-22,P006,Vivek,Omen,Bind,16,10,7,7,1929.0,29,Win,Bronze
108967,2026-03-14,P001,Shubham,Sage,Pearl,24,13,8,8,3574.0,26,Loss,Platinum
102082,2026-07-08,P017,Siddhant,Fade,Breeze,13,15,7,5,1637.0,24,Win,Diamond
108945,2026-02-12,P006,Vivek,Fade,Breeze,20,12,4,4,3615.0,22,Win,Silver
103373,2026-01-07,P009,Sahil,Jett,Pearl,10,14,7,4,855.0,28,Loss,Platinum
105726,2026-09-09,P014,Varun,Jett,Bind,17,11,5,5,2321.0,20,Loss,Platinum
104107,2026-09-13,P015,Nikhil,Jett,Icebox,20,13,9,8,3077.0,19,Loss,Ascendant
104380,2026-08-07,P009,Sahil,Sova,Sunset,18,12,7,10,1980.0,19,Loss,Gold
107723,2026-02-12,P005,Akash,Gekko,Split,26,12,7,8,4923.0,25,Loss,Bronze
101066,2026-07-19,P012,Yash,Chamber,Split,13,14,10,5,2264.0,29,Loss,Gold
103913,2026-06-06,P012,Yash,Fade,Split,18,16,4,4,3205.0,20,Loss,Platinum
105536,2026-06-01,P001,Shubham,Cypher,Ascent,17,18,8,10,3138.0,26,Win,Ascendant
108002,2026-06-21,P019,Ritesh,Chamber,Ascent,14,23,6,2,2219.0,30,Win,Immortal
105387,2026-05-11,P001,Shubham,Raze,Icebox,16,18,6,5,2559.0,27,Win,Platinum
105732,2026-04-09,P005,Akash,Viper,Icebox,15,9,4,1,1674.0,21,Win,Gold
102738,2026-09-24,P005,Akash,Jett,Lotus,20,20,4,10,1787.0,23,Loss,Platinum
105052,2026-04-17,P004,Rohan,Phoenix,Pearl,26,16,10,12,3050.0,30,Win,Gold
104000,2026-04-19,P002,Rahul,Cypher,Sunset,23,10,3,9,4420.0,30,Loss,Ascendant
102427,2026-06-10,P016,Arjun,Phoenix,Bind,19,12,3,10,2317.0,27,Win,Silver
106833,2026-04-23,P019,Ritesh,Killjoy,Icebox,8,12,3,6,1180.0,30,Loss,Gold
101687,2026-03-08,P007,Karan,Cypher,Lotus,27,13,7,6,4098.0,27,Loss,Immortal
100851,2026-06-21,P016,Arjun,Jett,Breeze,17,13,3,6,3256.0,22,Win,Diamond
106303,2026-03-18,P015,Nikhil,Phoenix,Lotus,16,13,9,6,2080.0,20,Win,Gold
109087,2026-01-17,P020,Harsh,Phoenix,Ascent,19,17,7,3,3000.0,30,Loss,Ascendant
105878,2026-09-10,P014,Varun,Chamber,Sunset,21,18,9,7,3656.0,22,Win,Iron
108527,2026-06-07,P013,Ankit,Sova,Bind,15,9,7,3,2469.0,30,Win,Diamond
102839,2026-01-07,P013,Ankit,Raze,Lotus,18,14,4,9,2579.0,19,Win,Platinum
104611,2026-03-27,P010,Pratik,Sova,Lotus,8,21,7,2,1053.0,25,Win,Bronze
109540,2026-05-03,P017,Siddhant,Chamber,Pearl,17,13,4,5,2996.0,25,Loss,Silver
109207,2026-08-28,P007,Karan,Killjoy,Pearl,15,16,5,5,2051.0,28,Loss,Gold
102489,2026-07-13,P019,Ritesh,Brimstone,Haven,11,11,4,2,1632.0,28,Loss,Diamond
106905,2026-05-09,P011,Neeraj,Phoenix,Haven,18,14,6,7,2761.0,20,Loss,Platinum
107390,2026-05-15,P001,Shubham,Viper,Pearl,19,11,7,13,3104.0,22,Loss,Bronze
102849,2026-01-16,P006,Vivek,Brimstone,Haven,24,18,2,10,2968.0,25,Loss,Gold
106665,2026-04-19,P016,Arjun,Brimstone,Pearl,16,14,12,4,2552.0,22,Win,Gold
105881,2026-08-04,P020,Harsh,Raze,Pearl,23,9,10,13,2167.0,26,Loss,Diamond
104452,2026-08-13,P012,Yash,Fade,Pearl,12,17,8,9,1646.0,26,Loss,Iron
107421,2026-07-30,P014,Varun,Jett,Split,16,13,7,7,2451.0,23,Loss,Silver
106484,2026-04-27,P012,Yash,Cypher,Bind,12,17,6,5,1381.0,30,Win,Diamond
102479,2026-07-24,P004,Rohan,Gekko,Bind,30,12,9,13,5253.0,24,Win,Diamond
106617,2026-07-08,P019,Ritesh,Killjoy,Lotus,14,13,6,6,2136.0,22,Win,Diamond
102141,2026-06-07,P006,Vivek,Phoenix,Lotus,20,14,2,8,3474.0,26,Win,Gold
105188,2026-05-18,P016,Arjun,Raze,Haven,12,19,9,6,1809.0,23,Win,Bronze
109724,2026-07-29,P012,Yash,Omen,Icebox,21,14,2,11,3271.0,22,Win,Platinum
102744,2026-03-26,P013,Ankit,Chamber,Lotus,21,21,4,6,2921.0,29,Win,Diamond
107253,2026-05-28,P015,Nikhil,Fade,Haven,24,8,3,8,4065.0,20,Win,Iron
103506,2026-01-15,P012,Yash,Chamber,Lotus,9,11,5,4,1525.0,18,Loss,Gold
101679,2026-05-22,P008,Aditya,Fade,Bind,22,16,12,8,3140.0,18,Win,Platinum
104249,2026-06-28,P010,Pratik,Sage,Breeze,15,12,0,6,2174.0,19,Loss,Gold
103147,2026-03-31,P005,Akash,Raze,Haven,27,15,6,10,2651.0,25,Loss,Gold
108130,2026-06-15,P004,Rohan,Reyna,Lotus,23,16,5,14,4570.0,29,Win,Bronze
107004,2026-04-14,P012,Yash,Sova,Split,22,16,6,4,4185.0,28,Win,Platinum
100580,2026-09-20,P013,Ankit,Fade,Lotus,24,12,7,13,3546.0,23,Win,Iron
104070,2026-01-11,P004,Rohan,Phoenix,Ascent,7,16,3,3,837.0,24,Loss,Iron
103343,2026-03-31,P009,Sahil,Gekko,Breeze,11,11,3,3,1876.0,25,Win,Bronze
107404,2026-08-10,P011,Neeraj,Jett,Ascent,19,12,2,11,3219.0,21,Loss,Gold
103672,2026-08-23,P018,Manish,Fade,Icebox,20,7,2,3,3273.0,27,Loss,Ascendant
100559,2026-06-15,P015,Nikhil,Phoenix,Icebox,16,11,10,7,2484.0,30,Win,Silver
105237,2026-03-27,P016,Arjun,Phoenix,Breeze,20,12,5,10,2923.0,25,Loss,Diamond
107805,2026-03-22,P002,Rahul,Chamber,Split,18,17,8,7,3476.0,22,Loss,Diamond
100512,2026-08-11,P009,Sahil,Brimstone,Split,34,10,11,14,4759.0,27,Win,Gold
101081,2026-06-01,P016,Arjun,Omen,Breeze,11,19,4,4,1698.0,19,Loss,Gold
101664,2026-07-13,P003,Amit,Gekko,Pearl,22,16,3,6,4448.0,24,Loss,Silver
109204,2026-01-02,P003,Amit,Sage,Lotus,14,12,0,7,2317.0,20,Win,Platinum
101931,2026-08-17,P008,Aditya,Omen,Bind,21,13,5,10,2789.0,18,Loss,Platinum
109686,2026-06-11,P007,Karan,Cypher,Bind,8,15,3,3,1239.0,24,Win,Iron
101150,2026-05-04,P015,Nikhil,Reyna,Split,21,16,9,11,3846.0,23,Win,Platinum
102838,2026-07-15,P011,Neeraj,Brimstone,Sunset,10,16,8,3,1791.0,23,Win,Silver
105949,2026-05-20,P018,Manish,Chamber,Haven,15,14,4,9,2488.0,28,Win,Gold
108308,2026-07-17,P006,Vivek,Raze,Lotus,14,10,0,7,1887.0,28,Loss,Gold
108932,2026-06-08,P012,Yash,Jett,Split,24,11,5,12,3298.0,28,Win,Silver
109808,2026-05-28,P005,Akash,Cypher,Pearl,12,20,5,7,1622.0,28,Win,Ascendant
105177,2026-01-09,P018,Manish,Gekko,Icebox,7,10,15,3,1161.0,23,Win,Gold
100830,2026-01-06,P014,Varun,Raze,Ascent,13,13,3,1,1585.0,28,Loss,Platinum
108311,2026-07-12,P014,Varun,Sova,Pearl,11,19,8,5,1563.0,21,Loss,Platinum
104752,2026-07-19,P014,Varun,Jett,Split,18,8,6,11,2378.0,18,Win,Bronze
109741,2026-05-26,P014,Varun,Gekko,Split,12,12,0,3,1704.0,19,Win,Platinum
100635,2026-05-17,P001,Shubham,Jett,Pearl,18,14,0,11,2240.0,21,Loss,Diamond
104465,2026-07-04,P005,Akash,Sova,Icebox,3,9,12,1,735.0,22,Win,Diamond
106799,2026-07-22,P011,Neeraj,Sage,Pearl,15,7,4,11,2730.0,22,Loss,Bronze
107987,2026-07-03,P019,Ritesh,Jett,Ascent,18,16,7,7,2080.0,23,Loss,Ascendant
107079,2026-06-18,P012,Yash,Phoenix,Ascent,18,10,8,7,2443.0,26,Win,Gold
106966,2026-07-12,P001,Shubham,Chamber,Sunset,9,14,5,2,1511.0,21,Win,Iron
104142,2026-03-01,P010,Pratik,Fade,Bind,25,16,5,13,3676.0,21,Win,Silver
107027,2026-08-28,P014,Varun,Cypher,Haven,20,10,3,8,2930.0,29,Loss,Diamond
109183,2026-03-19,P001,Shubham,Omen,Breeze,27,15,4,9,4904.0,18,Loss,Ascendant
100876,2026-04-10,P010,Pratik,Gekko,Pearl,12,18,6,7,1241.0,20,Win,Silver
104869,2026-07-03,P016,Arjun,Sova,Sunset,26,14,7,11,3926.0,28,Win,Ascendant
105315,2026-03-06,P006,Vivek,Cypher,Pearl,12,15,5,5,1509.0,19,Loss,Silver
105222,2026-08-16,P018,Manish,Gekko,Split,17,10,7,8,2947.0,27,Loss,Diamond
100004,2026-02-22,P008,Aditya,Sage,Bind,10,12,6,3,1800.0,25,Loss,Diamond
103051,2026-02-01,P006,Vivek,Killjoy,Pearl,18,16,8,5,2350.0,25,Win,Ascendant
105691,2026-07-07,P015,Nikhil,Chamber,Breeze,29,16,6,10,4367.0,27,Loss,Gold
103124,2026-03-24,P016,Arjun,Reyna,Split,21,11,8,7,3773.0,27,Loss,Bronze
102491,2026-05-29,P017,Siddhant,Phoenix,Bind,9,12,3,2,1068.0,30,Loss,Platinum
103854,2026-01-17,P020,Harsh,Phoenix,Lotus,20,11,0,13,2808.0,21,Loss,Gold
104777,2026-09-07,P004,Rohan,Omen,Lotus,15,13,10,4,2158.0,28,Loss,Immortal
107509,2026-04-16,P011,Neeraj,Gekko,Split,25,10,8,7,3396.0,18,Win,Platinum
106457,2026-08-14,P012,Yash,Killjoy,Bind,23,16,8,4,3174.0,23,Win,Platinum
106293,2026-08-30,P010,Pratik,Killjoy,Bind,26,10,3,9,3129.0,25,Loss,Diamond
101148,2026-09-23,P012,Yash,Phoenix,Pearl,22,17,7,8,2383.0,23,Win,Silver
100574,2026-01-13,P010,Pratik,Sage,Ascent,17,13,3,7,2840.0,24,Loss,Diamond
103769,2026-05-17,P014,Varun,Viper,Split,7,18,5,5,1190.0,21,Win,Iron
104146,2026-03-09,P005,Akash,Sage,Bind,5,21,9,1,1032.0,21,Loss,Diamond
100853,2026-07-02,P005,Akash,Omen,Haven,24,23,0,9,3113.0,30,Win,Gold
105919,2026-04-13,P019,Ritesh,Sova,Haven,12,11,3,6,1967.0,28,Loss,Platinum
109358,2026-03-02,P017,Siddhant,Gekko,Split,23,14,7,12,3233.0,26,Loss,Bronze
106614,2026-09-16,P008,Aditya,Raze,Ascent,26,12,5,9,2582.0,26,Loss,Diamond
106002,2026-07-17,P014,Varun,Brimstone,Split,18,14,4,8,2863.0,26,Loss,Platinum
109163,2026-06-22,P002,Rahul,Sova,Bind,16,17,7,8,1989.0,29,Loss,Immortal
104495,2026-07-11,P010,Pratik,Fade,Haven,15,15,7,7,2270.0,28,Loss,Platinum
108173,2026-03-11,P009,Sahil,Fade,Split,28,11,8,12,3453.0,22,Win,Silver
106655,2026-04-16,P006,Vivek,Phoenix,Ascent,17,15,5,4,3088.0,24,Win,Bronze
102368,2026-08-21,P003,Amit,Reyna,Breeze,26,17,3,10,3566.0,21,Win,Diamond
104780,2026-05-23,P015,Nikhil,Reyna,Ascent,10,20,5,3,2076.0,28,Win,Gold
107992,2026-01-26,P013,Ankit,Cypher,Haven,14,15,5,4,2001.0,29,Loss,Ascendant
102950,2026-04-26,P013,Ankit,Sage,Split,19,22,7,4,2941.0,29,Win,Platinum
105625,2026-01-21,P002,Rahul,Jett,Haven,26,13,13,13,3846.0,26,Loss,Gold
106971,2026-05-25,P001,Shubham,Gekko,Split,23,12,7,12,3677.0,22,Win,Ascendant
108716,2026-04-19,P015,Nikhil,Phoenix,Haven,14,9,4,6,2643.0,20,Loss,Diamond
101841,2026-03-19,P007,Karan,Viper,Bind,12,16,13,3,2134.0,24,Loss,Bronze
105986,2026-04-25,P011,Neeraj,Gekko,Split,23,18,4,5,3473.0,21,Win,Ascendant
100537,2026-07-01,P009,Sahil,Killjoy,Lotus,22,8,13,10,2152.0,27,Win,Gold
102806,2026-08-20,P001,Shubham,Omen,Sunset,11,11,0,8,1092.0,24,Loss,Diamond
105801,2026-02-05,P018,Manish,Gekko,Haven,18,17,5,10,2389.0,24,Loss,Ascendant
105596,2026-06-04,P012,Yash,Killjoy,Ascent,20,13,4,12,2565.0,22,Loss,Iron
107206,2026-05-28,P002,Rahul,Cypher,Lotus,27,12,5,13,3724.0,25,Win,Gold
107343,2026-03-16,P008,Aditya,Brimstone,Sunset,20,14,5,10,2948.0,29,Win,Gold
107560,2026-03-07,P004,Rohan,Gekko,Breeze,18,13,6,8,2627.0,22,Win,Ascendant
108096,2026-05-28,P011,Neeraj,Viper,Haven,29,18,3,19,2602.0,20,Loss,Silver
100784,2026-04-09,P019,Ritesh,Killjoy,Breeze,7,16,8,1,1024.0,21,Loss,Platinum
101409,2026-05-14,P019,Ritesh,Raze,Sunset,9,13,0,6,1052.0,22,Win,Iron
100154,2026-04-28,P008,Aditya,Brimstone,Pearl,9,13,6,2,1279.0,21,Win,Iron
107806,2026-06-29,P010,Pratik,Omen,Ascent,11,18,3,6,1315.0,20,Win,Ascendant
103009,2026-06-13,P016,Arjun,Sova,Bind,8,13,8,6,1318.0,21,Loss,Diamond
101686,2026-08-17,P018,Manish,Viper,Split,17,12,7,4,2333.0,22,Loss,Bronze
104014,2026-07-31,P017,Siddhant,Cypher,Ascent,12,11,4,4,1812.0,29,Win,Iron
107455,2026-04-12,P009,Sahil,Phoenix,Lotus,9,9,6,6,1394.0,26,Win,Diamond
103863,2026-01-19,P017,Siddhant,Gekko,Split,31,15,2,14,4206.0,26,Loss,Platinum
102733,2026-09-04,P019,Ritesh,Killjoy,Split,15,13,4,4,2803.0,29,Loss,Ascendant
101895,2026-04-20,P018,Manish,Sage,Pearl,20,10,7,14,3360.0,28,Loss,Gold
105442,2026-03-23,P020,Harsh,Viper,Bind,20,19,1,11,2952.0,24,Win,Gold
100569,2026-09-27,P009,Sahil,Chamber,Breeze,11,12,4,4,1635.0,29,Win,Immortal
106709,2026-01-09,P013,Ankit,Sage,Icebox,22,13,7,9,3234.0,18,Loss,Silver
105854,2026-09-07,P018,Manish,Cypher,Haven,17,12,4,12,2112.0,18,Loss,Platinum
101816,2026-09-18,P008,Aditya,Brimstone,Sunset,17,13,11,3,2295.0,25,Win,Gold
108319,2026-01-06,P009,Sahil,Chamber,Pearl,18,15,4,9,2887.0,23,Win,Bronze
103394,2026-08-04,P020,Harsh,Raze,Pearl,15,13,8,10,2399.0,21,Loss,Platinum
103327,2026-08-16,P011,Neeraj,Sage,Lotus,21,14,6,12,3109.0,30,Win,Silver
100052,2026-01-23,P006,Vivek,Viper,Breeze,19,22,13,4,3990.0,27,Loss,Diamond
106102,2026-06-09,P009,Sahil,Phoenix,Pearl,12,18,6,5,1791.0,26,Loss,Silver
102975,2026-01-05,P014,Varun,Jett,Bind,24,18,5,10,3569.0,26,Loss,Platinum
100980,2026-07-08,P015,Nikhil,Brimstone,Bind,16,8,4,5,1956.0,29,Loss,Gold
100190,2026-06-16,P006,Vivek,Jett,Split,14,19,7,4,2655.0,30,Loss,Ascendant
109331,2026-08-28,P013,Ankit,Killjoy,Bind,21,21,9,3,4283.0,25,Loss,Ascendant
105088,2026-08-06,P020,Harsh,Chamber,Icebox,14,17,7,4,2428.0,20,Loss,Diamond
100699,2026-07-13,P016,Arjun,Viper,Haven,22,16,11,10,3067.0,21,Win,Bronze
109779,2026-08-10,P012,Yash,Killjoy,Sunset,8,9,6,6,1658.0,26,Loss,Platinum
100606,2026-08-06,P009,Sahil,Cypher,Haven,11,15,1,4,1759.0,28,Win,Diamond
100301,2026-09-03,P003,Amit,Brimstone,Haven,10,14,4,5,1614.0,30,Loss,Platinum
103420,2026-04-10,P008,Aditya,Sage,Haven,19,13,3,6,2870.0,28,Loss,Ascendant
109824,2026-07-27,P005,Akash,Killjoy,Pearl,17,15,4,6,1792.0,30,Win,Bronze
101060,2026-09-24,P005,Akash,Chamber,Ascent,10,20,5,2,2038.0,22,Loss,Silver
103444,2026-04-12,P005,Akash,Chamber,Ascent,31,20,6,20,4184.0,24,Loss,Gold
101069,2026-04-28,P007,Karan,Fade,Ascent,18,15,9,10,2506.0,21,Win,Diamond
102205,2026-05-18,P007,Karan,Chamber,Pearl,19,9,10,6,3049.0,24,Win,Immortal
109435,2026-04-19,P015,Nikhil,Fade,Sunset,17,13,7,6,2400.0,28,Win,Diamond
107339,2026-09-04,P008,Aditya,Omen,Haven,15,14,5,4,2438.0,30,Loss,Silver
108208,2026-02-04,P014,Varun,Phoenix,Sunset,20,19,6,2,2148.0,25,Win,Silver
107679,2026-03-04,P015,Nikhil,Reyna,Split,14,17,1,6,2008.0,24,Win,Diamond
104642,2026-08-17,P006,Vivek,Viper,Split,13,15,2,7,2730.0,28,Loss,Silver
107683,2026-04-10,P015,Nikhil,Reyna,Lotus,27,16,10,14,4843.0,30,Loss,Platinum
109007,2026-02-15,P012,Yash,Chamber,Split,3,13,8,2,632.0,30,Win,Ascendant
107996,2026-07-10,P020,Harsh,Sova,Haven,18,15,5,9,2264.0,25,Win,Platinum
105600,2026-03-23,P011,Neeraj,Omen,Lotus,19,10,9,7,4570.0,23,Loss,Diamond
109151,2026-01-16,P005,Akash,Cypher,Sunset,27,14,9,10,3039.0,22,Loss,Platinum
107022,2026-09-25,P008,Aditya,Sova,Haven,11,14,10,4,1734.0,20,Loss,Silver
104893,2026-06-07,P003,Amit,Viper,Sunset,7,8,5,1,1265.0,28,Win,Gold
100225,2026-01-26,P006,Vivek,Sova,Lotus,12,15,5,7,2013.0,28,Win,Ascendant
103354,2026-08-08,P013,Ankit,Sage,Breeze,10,13,10,3,1924.0,25,Win,Platinum
105895,2026-06-04,P020,Harsh,Gekko,Icebox,11,15,9,4,1721.0,23,Win,Silver
108754,2026-05-16,P005,Akash,Fade,Ascent,22,14,6,11,4219.0,26,Win,Diamond
103436,2026-04-17,P014,Varun,Gekko,Ascent,11,11,10,5,2154.0,29,Win,Ascendant
101693,2026-04-23,P008,Aditya,Sova,Pearl,33,9,4,14,6112.0,29,Win,Platinum
106893,2026-07-31,P008,Aditya,Gekko,Icebox,7,13,6,1,1181.0,18,Loss,Immortal
101045,2026-04-06,P002,Rahul,Jett,Sunset,19,24,5,8,4056.0,20,Win,Platinum
103446,2026-02-17,P008,Aditya,Omen,Ascent,25,15,2,6,2958.0,25,Win,Silver
108050,2026-03-17,P019,Ritesh,Reyna,Pearl,19,16,8,10,3212.0,28,Loss,Gold
109146,2026-01-05,P002,Rahul,Raze,Haven,8,16,7,5,884.0,29,Win,Gold
103880,2026-06-04,P015,Nikhil,Brimstone,Pearl,22,8,8,3,3712.0,19,Win,Platinum
104735,2026-04-29,P007,Karan,Omen,Split,20,12,6,6,2590.0,29,Loss,Ascendant
104496,2026-06-11,P007,Karan,Reyna,Split,14,19,4,4,2101.0,24,Win,Diamond
101218,2026-06-01,P010,Pratik,Raze,Split,11,11,5,2,1564.0,23,Loss,Silver
106015,2026-02-09,P011,Neeraj,Sage,Ascent,16,15,7,6,1717.0,28,Win,Diamond
109719,2026-04-03,P020,Harsh,Omen,Bind,14,11,6,4,1843.0,23,Loss,Gold
103987,2026-04-22,P014,Varun,Gekko,Bind,7,14,6,3,859.0,25,Loss,Gold
104911,2026-08-15,P001,Shubham,Gekko,Ascent,22,6,3,8,3680.0,18,Win,Ascendant
109492,2026-07-07,P019,Ritesh,Fade,Lotus,31,9,4,8,4180.0,19,Loss,Gold
104493,2026-09-01,P005,Akash,Sova,Sunset,12,9,7,5,2097.0,24,Win,Diamond
106944,2026-03-22,P011,Neeraj,Killjoy,Pearl,27,11,6,15,3463.0,23,Loss,Platinum
105699,2026-02-24,P011,Neeraj,Viper,Haven,33,17,8,23,3559.0,25,Loss,Platinum
108352,2026-05-26,P010,Pratik,Cypher,Breeze,24,16,13,11,2556.0,30,Win,Immortal
100956,2026-05-06,P013,Ankit,Jett,Pearl,18,15,7,9,1952.0,23,Loss,Ascendant
102869,2026-06-30,P013,Ankit,Omen,Breeze,5,16,4,1,730.0,29,Win,Gold
104433,2026-04-21,P020,Harsh,Jett,Breeze,26,19,2,13,4473.0,20,Loss,Platinum
104973,2026-03-12,P014,Varun,Sage,Bind,21,12,9,7,2802.0,18,Loss,Platinum
102961,2026-05-23,P008,Aditya,Phoenix,Breeze,20,7,4,3,4798.0,22,Win,Bronze
102200,2026-08-13,P019,Ritesh,Cypher,Sunset,13,23,7,6,2172.0,29,Loss,Ascendant
100098,2026-05-16,P020,Harsh,Chamber,Haven,13,15,1,2,1599.0,27,Loss,Diamond
109869,2026-03-15,P018,Manish,Chamber,Bind,18,22,8,9,2433.0,29,Loss,Diamond
102557,2026-09-12,P014,Varun,Chamber,Split,21,11,8,3,3164.0,23,Win,Ascendant
108445,2026-04-03,P008,Aditya,Raze,Haven,25,17,0,9,2911.0,23,Win,Silver
104199,2026-01-10,P006,Vivek,Reyna,Icebox,16,19,6,9,2214.0,23,Win,Silver
109637,2026-05-28,P002,Rahul,Raze,Haven,15,15,0,4,1457.0,23,Win,Silver
105539,2026-03-26,P003,Amit,Sage,Sunset,22,19,11,15,3220.0,24,Win,Gold
101648,2026-02-26,P016,Arjun,Reyna,Breeze,8,13,7,5,1510.0,23,Loss,Immortal
106197,2026-06-17,P003,Amit,Fade,Haven,28,19,2,9,3006.0,18,Win,Platinum
106295,2026-07-14,P012,Yash,Raze,Lotus,18,18,6,4,1787.0,29,Loss,Ascendant
104499,2026-07-27,P007,Karan,Jett,Bind,7,13,5,3,1524.0,24,Loss,Diamond
101154,2026-04-19,P019,Ritesh,Reyna,Haven,9,20,6,2,1946.0,22,Loss,Silver
102255,2026-01-30,P006,Vivek,Phoenix,Breeze,20,18,5,7,2593.0,22,Win,Diamond
103170,2026-08-02,P016,Arjun,Phoenix,Icebox,13,13,5,7,2426.0,24,Loss,Silver
107400,2026-02-26,P001,Shubham,Omen,Sunset,29,14,4,15,4940.0,22,Loss,Gold
107158,2026-05-03,P006,Vivek,Brimstone,Haven,23,9,9,8,2935.0,25,Win,Platinum
103108,2026-01-15,P002,Rahul,Viper,Lotus,20,14,3,9,3560.0,22,Loss,Diamond
104548,2026-03-22,P001,Shubham,Killjoy,Haven,15,12,4,5,1911.0,27,Win,Diamond
105423,2026-05-22,P008,Aditya,Sova,Icebox,12,19,5,7,2101.0,24,Loss,Gold
102049,2026-07-14,P007,Karan,Sova,Lotus,23,14,8,3,2738.0,26,Loss,Gold
109208,2026-04-14,P012,Yash,Reyna,Pearl,17,17,5,7,2600.0,28,Loss,Ascendant
108815,2026-09-27,P004,Rohan,Killjoy,Sunset,14,10,5,5,2037.0,26,Loss,
109817,2026-01-05,P018,Manish,Sage,Lotus,33,18,5,11,4328.0,22,Loss,Gold
100262,2026-09-02,P016,Arjun,Chamber,Split,19,11,3,6,2056.0,28,Win,Platinum
104061,2026-02-22,P014,Varun,Viper,Lotus,19,15,6,8,3360.0,22,Win,Diamond
105534,2026-02-16,P018,Manish,Omen,Breeze,24,20,7,15,4243.0,22,Loss,Silver
106616,2026-02-22,P005,Akash,Jett,Pearl,18,21,5,3,2846.0,27,Loss,Silver
108120,2026-09-14,P006,Vivek,Cypher,Bind,31,14,7,17,3932.0,20,Win,Gold
108155,2026-01-27,P020,Harsh,Omen,Bind,21,16,0,12,3086.0,25,Win,Bronze
101802,2026-01-31,P012,Yash,Phoenix,Icebox,14,17,5,5,1554.0,30,Loss,Gold
104736,2026-09-07,P003,Amit,Gekko,Breeze,19,20,6,5,2747.0,19,Loss,Bronze
102385,2026-08-13,P013,Ankit,Sova,Haven,8,17,7,5,1409.0,18,Loss,Platinum
106694,2026-01-04,P001,Shubham,Viper,Split,16,8,5,0,2555.0,28,Loss,Diamond
105759,2026-04-24,P012,Yash,Viper,Bind,17,13,7,6,2783.0,24,Win,Bronze
101959,2026-06-13,P012,Yash,Viper,Lotus,20,17,7,10,1875.0,30,Loss,Silver
102976,2026-03-08,P002,Rahul,Omen,Ascent,21,12,6,7,2159.0,23,Win,Immortal
108680,2026-04-29,P009,Sahil,Killjoy,Icebox,19,12,4,10,2809.0,21,Loss,Ascendant
101843,2026-02-12,P016,Arjun,Omen,Lotus,20,11,9,9,4219.0,23,Win,Diamond
101734,2026-05-28,P002,Rahul,Killjoy,Lotus,16,15,0,9,2166.0,18,Win,Bronze
102911,2026-06-08,P018,Manish,Gekko,Bind,21,9,5,5,3174.0,27,Loss,Ascendant
108338,2026-01-12,P001,Shubham,Jett,Ascent,17,18,4,6,2510.0,25,Loss,Silver
101986,2026-03-04,P019,Ritesh,Viper,Pearl,13,11,7,4,1723.0,18,Loss,Gold
109561,2026-09-25,P010,Pratik,Sova,Breeze,22,10,8,13,3030.0,28,Win,Gold
106546,2026-03-29,P004,Rohan,Fade,Ascent,21,15,6,12,2991.0,18,Loss,Silver
107098,2026-06-05,P007,Karan,Gekko,Split,11,15,2,7,1824.0,27,Loss,Gold
102811,2026-09-22,P010,Pratik,Cypher,Split,20,16,4,6,2567.0,19,Win,Diamond
100659,2026-05-15,P007,Karan,Phoenix,Ascent,16,16,5,6,2908.0,23,Win,Silver
102511,2026-05-22,P017,Siddhant,Gekko,Bind,3,13,5,0,291.0,23,Win,Platinum
104282,2026-03-29,P004,Rohan,Omen,Sunset,25,19,5,9,4488.0,22,Loss,Platinum
109339,2026-08-26,P003,Amit,Chamber,Bind,24,11,11,9,4160.0,23,Win,Immortal
108800,2026-03-28,P007,Karan,Sage,Lotus,16,10,7,5,2554.0,19,Win,Ascendant
106287,2026-02-09,P019,Ritesh,Jett,Icebox,16,15,10,8,2501.0,27,Loss,Ascendant
101930,2026-02-25,P006,Vivek,Raze,Icebox,8,16,9,2,998.0,23,Loss,Gold
107125,2026-02-21,P014,Varun,Omen,Pearl,24,13,3,14,3680.0,23,Win,Gold
100197,2026-05-28,P006,Vivek,Raze,Pearl,32,13,8,14,3493.0,29,Loss,Platinum
107777,2026-05-21,P002,Rahul,Phoenix,Lotus,13,18,6,5,1750.0,22,Loss,Gold
102931,2026-05-13,P003,Amit,Sova,Lotus,3,11,10,0,572.0,19,Win,Bronze
108004,2026-07-30,P005,Akash,Omen,Pearl,20,13,7,7,3805.0,27,Loss,Immortal
102327,2026-07-29,P004,Rohan,Omen,Sunset,27,14,9,10,4515.0,28,Win,Gold
104389,2026-06-29,P014,Varun,Raze,Icebox,28,13,1,4,4324.0,26,Win,Platinum
108958,2026-06-12,P006,Vivek,Sova,Haven,21,13,10,8,3025.0,22,Win,Platinum
104218,2026-08-06,P019,Ritesh,Fade,Ascent,19,16,6,12,3742.0,28,Loss,Platinum
100202,2026-04-01,P014,Varun,Omen,Icebox,19,7,8,6,3305.0,25,Loss,Diamond
103510,2026-09-28,P007,Karan,Cypher,Icebox,21,11,7,11,3280.0,30,Loss,Platinum
104931,2026-04-20,P001,Shubham,Omen,Bind,10,15,3,2,1517.0,27,Win,Platinum
105535,2026-06-13,P018,Manish,Gekko,Breeze,13,19,7,2,2050.0,28,Loss,Ascendant
105791,2026-05-21,P015,Nikhil,Sova,Split,24,17,7,8,3411.0,27,Loss,Diamond
101707,2026-07-15,P002,Rahul,Cypher,Sunset,24,11,5,10,3785.0,26,Win,Platinum
105172,2026-08-07,P017,Siddhant,Raze,Split,31,11,3,14,4628.0,30,Loss,Silver
105249,2026-06-06,P011,Neeraj,Viper,Ascent,23,18,7,10,2664.0,30,Loss,Immortal
106528,2026-09-18,P010,Pratik,Sage,Split,18,18,7,5,3802.0,19,Win,Gold
109868,2026-01-05,P007,Karan,Chamber,Breeze,16,19,6,7,2635.0,27,Loss,Silver
105855,2026-05-14,P015,Nikhil,Killjoy,Breeze,13,6,1,4,1629.0,29,Loss,Platinum
108164,2026-09-01,P019,Ritesh,Raze,Icebox,16,8,5,4,2456.0,30,Win,Diamond
100854,2026-06-21,P014,Varun,Chamber,Pearl,18,15,6,5,2702.0,30,Loss,Diamond
104737,2026-07-21,P013,Ankit,Reyna,Breeze,19,11,3,8,3150.0,21,Loss,Immortal
100698,2026-04-16,P011,Neeraj,Jett,Sunset,10,16,11,7,2219.0,18,Win,Silver
103696,2026-05-01,P020,Harsh,Cypher,Haven,17,10,2,3,1937.0,27,Loss,Silver
101636,2026-09-28,P009,Sahil,Cypher,Sunset,19,12,9,9,2602.0,24,Loss,Diamond
107280,2026-03-01,P006,Vivek,Viper,Bind,26,21,6,11,3934.0,27,Loss,Gold
107554,2026-06-07,P006,Vivek,Gekko,Pearl,23,15,10,8,3358.0,18,Win,Silver
103581,2026-02-27,P012,Yash,Cypher,Pearl,23,14,9,10,3620.0,30,Win,Gold
101291,2026-02-17,P017,Siddhant,Chamber,Icebox,16,12,3,6,2182.0,19,Win,Diamond
106585,2026-03-15,P006,Vivek,Cypher,Lotus,14,14,5,10,2320.0,27,Loss,Diamond
101853,2026-02-28,P015,Nikhil,Raze,Haven,6,12,6,1,996.0,28,Loss,Bronze
105232,2026-07-22,P016,Arjun,Cypher,Breeze,16,10,8,6,2790.0,20,Loss,Gold
103763,2026-05-15,P007,Karan,Raze,Split,20,16,9,12,3625.0,26,Win,Gold
103304,2026-04-25,P010,Pratik,Fade,Pearl,16,22,4,10,3239.0,18,Win,Ascendant
101495,2026-06-30,P016,Arjun,Reyna,Lotus,10,21,6,5,1138.0,20,Win,Immortal
107994,2026-06-27,P017,Siddhant,Reyna,Ascent,7,11,7,3,1188.0,30,Loss,Gold
101998,2026-01-23,P015,Nikhil,Jett,Breeze,15,11,4,6,1739.0,21,Loss,Diamond
100663,2026-03-26,P013,Ankit,Reyna,Bind,20,20,5,4,2374.0,18,Loss,Diamond
103748,2026-03-19,P010,Pratik,Gekko,Split,18,17,6,8,2353.0,18,Loss,Platinum
104413,2026-07-04,P008,Aditya,Phoenix,Sunset,26,8,6,12,4336.0,26,Win,Ascendant
105530,2026-03-14,P020,Harsh,Omen,Haven,23,15,6,8,4203.0,21,Win,Gold
105575,2026-08-16,P013,Ankit,Raze,Pearl,22,18,9,7,3085.0,22,Win,Iron
108901,2026-09-04,P019,Ritesh,Phoenix,Ascent,24,18,9,11,3333.0,21,Loss,Silver
107526,2026-02-13,P006,Vivek,Omen,Split,10,18,7,2,1405.0,23,Loss,Silver
109474,2026-06-12,P018,Manish,Reyna,Breeze,15,16,11,6,2589.0,25,Loss,Silver
105864,2026-02-01,P018,Manish,Phoenix,Pearl,20,17,6,10,3143.0,24,Loss,Platinum
106776,2026-02-26,P004,Rohan,Raze,Haven,21,13,8,6,2662.0,22,Win,Silver
101306,2026-01-11,P014,Varun,Phoenix,Bind,19,15,5,7,3325.0,24,Win,Ascendant
107392,2026-02-06,P016,Arjun,Sova,Sunset,12,18,2,5,1527.0,21,Loss,Silver
105592,2026-04-15,P013,Ankit,Reyna,Breeze,12,13,5,3,2115.0,25,Loss,Diamond
109721,2026-09-14,P018,Manish,Fade,Bind,9,8,5,4,1674.0,20,Loss,Gold
101663,2026-04-09,P004,Rohan,Fade,Split,25,17,2,20,4231.0,18,Loss,Iron
105450,2026-01-18,P001,Shubham,Viper,Sunset,19,13,2,6,3395.0,19,Win,Gold
109974,2026-08-01,P008,Aditya,Gekko,Sunset,15,11,9,3,1675.0,24,Win,Gold
103627,2026-09-06,P005,Akash,Jett,Bind,19,22,4,13,2303.0,26,Win,Bronze
102693,2026-02-26,P010,Pratik,Omen,Lotus,13,14,7,3,2195.0,24,Loss,Silver
109789,2026-05-03,P017,Siddhant,Gekko,Sunset,12,15,5,5,1687.0,22,Loss,Diamond
105915,2026-09-24,P010,Pratik,Omen,Bind,26,9,5,13,4137.0,25,Loss,Platinum
103157,2026-03-18,P004,Rohan,Omen,Haven,29,13,5,11,5408.0,24,Win,Bronze
106668,2026-06-24,P014,Varun,Sage,Lotus,14,9,0,2,2794.0,27,Loss,Ascendant
101059,2026-04-23,P018,Manish,Viper,Icebox,16,12,7,9,1821.0,29,Loss,Silver
104636,2026-03-29,P009,Sahil,Fade,Ascent,17,16,7,9,2971.0,30,Win,Gold
103242,2026-07-16,P008,Aditya,Viper,Ascent,24,13,7,8,2646.0,26,Loss,Platinum
101678,2026-06-04,P018,Manish,Brimstone,Split,18,19,9,5,2578.0,27,Win,Gold
106892,2026-01-08,P012,Yash,Raze,Breeze,14,14,2,4,1329.0,27,Loss,Platinum
106374,2026-02-03,P007,Karan,Reyna,Ascent,17,15,7,10,2509.0,30,Win,Iron
107574,2026-06-15,P009,Sahil,Sage,Pearl,18,15,12,8,3224.0,30,Loss,Ascendant
101757,2026-01-24,P004,Rohan,Chamber,Split,18,18,5,6,2262.0,22,Loss,Diamond
106019,2026-07-31,P011,Neeraj,Gekko,Sunset,13,12,11,4,1735.0,25,Win,Platinum
105116,2026-01-05,P013,Ankit,Phoenix,Lotus,17,9,3,3,2262.0,27,Loss,Diamond
108755,2026-03-28,P006,Vivek,Sage,Breeze,3,16,0,2,628.0,24,Loss,Silver
107408,2026-02-01,P007,Karan,Omen,Icebox,10,14,7,5,1993.0,30,Win,Gold
102790,2026-06-26,P011,Neeraj,Cypher,Split,23,20,6,12,2859.0,20,Loss,Ascendant
100863,2026-03-08,P004,Rohan,Phoenix,Haven,18,12,0,10,2967.0,28,Win,Gold
107858,2026-05-14,P013,Ankit,Omen,Ascent,31,17,4,13,3807.0,30,Loss,Diamond
101484,2026-08-25,P005,Akash,Killjoy,Icebox,16,13,3,4,2579.0,20,Win,Diamond
107035,2026-01-04,P005,Akash,Sage,Split,33,10,2,12,5952.0,18,Win,Platinum
107721,2026-03-25,P013,Ankit,Brimstone,Sunset,28,14,1,14,4284.0,30,Win,Platinum
105977,2026-05-30,P015,Nikhil,Fade,Icebox,26,13,9,6,4136.0,29,Win,Bronze
105134,2026-02-01,P007,Karan,Cypher,Pearl,3,9,4,0,635.0,21,Loss,Platinum
100206,2026-04-07,P005,Akash,Raze,Ascent,19,8,14,8,3540.0,18,Loss,Diamond
104488,2026-07-23,P007,Karan,Viper,Bind,16,10,4,4,2457.0,26,Win,Diamond
106938,2026-03-05,P019,Ritesh,Phoenix,Split,24,18,8,8,3869.0,19,Loss,Diamond
109062,2026-08-04,P008,Aditya,Reyna,Ascent,16,11,3,4,2116.0,25,Loss,Platinum
106910,2026-09-23,P017,Siddhant,Killjoy,Icebox,13,10,9,2,2602.0,25,Win,Diamond
100502,2026-06-24,P008,Aditya,Raze,Split,8,17,4,1,1271.0,23,Loss,Platinum
107385,2026-03-09,P005,Akash,Phoenix,Haven,16,13,6,6,3183.0,23,Loss,Diamond
101028,2026-08-09,P010,Pratik,Raze,Breeze,12,12,7,5,2120.0,21,Win,Platinum
103840,2026-04-17,P001,Shubham,Phoenix,Icebox,25,13,9,8,4346.0,26,Loss,Gold
108110,2026-06-26,P006,Vivek,Omen,Bind,24,15,6,12,2559.0,29,Loss,Diamond
105056,2026-08-01,P014,Varun,Viper,Sunset,24,7,6,4,4203.0,30,Win,Gold
109762,2026-08-23,P005,Akash,Jett,Split,20,10,5,5,4388.0,28,Loss,Gold
108154,2026-06-05,P016,Arjun,Viper,Pearl,23,14,4,12,3344.0,29,Win,Bronze
102731,2026-05-30,P018,Manish,Omen,Ascent,30,17,10,9,6500.0,30,Loss,Diamond
108996,2026-06-10,P001,Shubham,Gekko,Split,10,13,5,6,1454.0,24,Loss,Platinum
102454,2026-09-20,P012,Yash,Reyna,Icebox,8,10,8,3,1193.0,23,Win,Platinum
107215,2026-09-05,P009,Sahil,Phoenix,Pearl,6,8,1,0,585.0,18,Win,Platinum
103104,2026-04-14,P002,Rahul,Raze,Bind,21,12,9,8,3362.0,30,Loss,Diamond
108392,2026-04-12,P007,Karan,Omen,Lotus,20,17,5,8,2414.0,27,Loss,Gold
106278,2026-06-21,P003,Amit,Phoenix,Lotus,22,16,11,10,1859.0,28,Win,Silver
103099,2026-01-16,P008,Aditya,Raze,Split,25,16,9,12,3039.0,25,Loss,Diamond
106184,2026-05-26,P009,Sahil,Gekko,Icebox,18,19,5,8,3341.0,28,Win,Gold
103561,2026-01-21,P012,Yash,Omen,Breeze,31,17,10,6,4678.0,22,Win,Diamond
105892,2026-07-22,P004,Rohan,Omen,Lotus,11,20,5,6,1755.0,23,Loss,Diamond
100391,2026-07-24,P012,Yash,Chamber,Sunset,18,13,2,5,3179.0,26,Loss,Bronze
106736,2026-01-12,P010,Pratik,Reyna,Sunset,28,12,3,12,5062.0,28,Loss,Diamond
105618,2026-07-24,P008,Aditya,Cypher,Sunset,13,12,4,4,2726.0,20,Win,Silver
105258,2026-06-19,P017,Siddhant,Sova,Lotus,19,13,3,11,2712.0,29,Win,Ascendant
109687,2026-02-05,P004,Rohan,Chamber,Lotus,9,19,3,6,1447.0,30,Loss,Silver
102695,2026-05-13,P019,Ritesh,Jett,Bind,15,18,3,5,2013.0,26,Win,Ascendant
102027,2026-09-16,P020,Harsh,Viper,Breeze,23,11,5,9,3771.0,18,Loss,Gold
105463,2026-05-10,P003,Amit,Viper,Pearl,22,12,1,2,3549.0,26,Win,Diamond
102568,2026-03-04,P016,Arjun,Sage,Ascent,14,6,8,6,2227.0,25,Win,Platinum
108006,2026-06-10,P018,Manish,Omen,Sunset,19,20,7,6,2615.0,27,Win,Platinum
100064,2026-07-20,P020,Harsh,Brimstone,Ascent,10,14,0,5,1220.0,27,Win,Iron
102062,2026-03-02,P004,Rohan,Reyna,Split,28,15,12,9,5290.0,23,Win,Gold
105276,2026-03-27,P014,Varun,Killjoy,Lotus,14,12,5,8,2085.0,22,Loss,Diamond
107208,2026-09-28,P006,Vivek,Reyna,Breeze,18,12,7,9,2442.0,30,Win,Ascendant
108684,2026-06-21,P012,Yash,Jett,Breeze,15,11,1,5,2785.0,27,Win,Gold
108571,2026-08-25,P008,Aditya,Chamber,Ascent,16,12,4,8,2150.0,20,Win,Ascendant
106331,2026-03-13,P004,Rohan,Chamber,Sunset,10,24,3,8,1521.0,19,Loss,Gold
104859,2026-07-31,P018,Manish,Brimstone,Breeze,26,10,1,8,3893.0,29,Loss,Gold
104887,2026-01-03,P008,Aditya,Killjoy,Breeze,21,14,3,13,3167.0,22,Win,Platinum
109268,2026-01-08,P016,Arjun,Killjoy,Bind,17,16,7,8,1703.0,28,Win,Diamond
100878,2026-08-13,P017,Siddhant,Fade,Bind,22,18,3,6,3081.0,23,Loss,Platinum
108529,2026-08-07,P019,Ritesh,Killjoy,Breeze,25,14,6,11,3717.0,27,Loss,Platinum
107916,2026-02-07,P007,Karan,Jett,Pearl,25,11,5,8,3369.0,25,Win,Gold
106863,2026-06-18,P005,Akash,Fade,Sunset,4,19,5,2,937.0,29,Win,Platinum
107892,2026-09-18,P017,Siddhant,Fade,Haven,19,11,6,5,2589.0,22,Win,Diamond
106439,2026-03-02,P017,Siddhant,Cypher,Bind,8,19,0,5,1133.0,26,Loss,Platinum
107869,2026-03-17,P020,Harsh,Raze,Bind,21,21,3,11,2251.0,26,Win,Silver
101016,2026-03-11,P003,Amit,Sova,Breeze,21,11,8,9,2754.0,27,Win,Iron
109467,2026-07-20,P009,Sahil,Jett,Split,18,9,7,9,3368.0,27,Win,Gold
107629,2026-03-21,P014,Varun,Phoenix,Icebox,34,17,4,13,5178.0,23,Loss,Platinum
100995,2026-09-16,P004,Rohan,Reyna,Ascent,21,19,2,9,3116.0,18,Loss,Diamond
104297,2026-03-31,P016,Arjun,Killjoy,Split,16,13,7,10,2822.0,20,Loss,Ascendant
100161,2026-04-02,P019,Ritesh,Sage,Bind,17,15,10,12,2086.0,20,Win,Silver
105675,2026-07-01,P002,Rahul,Brimstone,Haven,15,10,6,6,2287.0,20,Win,Silver
106873,2026-03-21,P008,Aditya,Viper,Icebox,17,13,5,3,2351.0,27,Loss,Gold
109692,2026-05-07,P020,Harsh,Viper,Bind,23,10,9,13,3586.0,26,Win,Ascendant
107989,2026-06-14,P013,Ankit,Gekko,Sunset,16,12,3,10,3053.0,21,Loss,Silver
103843,2026-09-08,P009,Sahil,Chamber,Icebox,11,12,4,4,1629.0,28,Loss,Gold
101021,2026-02-23,P005,Akash,Sage,Lotus,21,17,6,5,3224.0,24,Loss,Platinum
103073,2026-03-07,P013,Ankit,Gekko,Split,14,17,12,7,2024.0,28,Loss,Ascendant
107555,2026-06-20,P011,Neeraj,Viper,Split,31,15,10,9,3652.0,28,Loss,Ascendant
103943,2026-03-21,P014,Varun,Fade,Pearl,26,14,5,12,3166.0,29,Loss,Ascendant
101585,2026-01-11,P005,Akash,Viper,Sunset,22,9,9,11,2964.0,20,Loss,Gold
103152,2026-08-10,P006,Vivek,Sova,Breeze,20,11,12,10,2962.0,21,Win,Gold
108226,2026-07-26,P015,Nikhil,Viper,Split,28,18,5,14,3833.0,25,Win,Platinum
100775,2026-07-07,P005,Akash,Reyna,Split,15,18,5,4,1954.0,21,Loss,Ascendant
109670,2026-02-24,P002,Rahul,Brimstone,Breeze,11,12,7,5,1411.0,24,Win,Gold
107099,2026-06-29,P009,Sahil,Omen,Bind,32,20,3,12,4882.0,30,Loss,Diamond
105486,2026-02-05,P003,Amit,Jett,Bind,9,8,4,4,1389.0,26,Win,Platinum
106235,2026-01-21,P009,Sahil,Chamber,Pearl,17,14,7,8,2262.0,28,Loss,Silver
109555,2026-01-27,P003,Amit,Cypher,Ascent,27,20,8,10,4454.0,28,Loss,Ascendant
107041,2026-04-29,P013,Ankit,Reyna,Bind,28,13,11,20,4744.0,22,Win,Gold
102612,2026-09-04,P008,Aditya,Cypher,Bind,20,14,3,6,3721.0,19,Win,Silver
107513,2026-09-18,P020,Harsh,Reyna,Sunset,12,13,6,1,1735.0,22,Win,Gold
108433,2026-02-20,P004,Rohan,Gekko,Lotus,15,20,9,3,1444.0,29,Win,Gold
108792,2026-05-13,P011,Neeraj,Phoenix,Breeze,12,10,2,2,1744.0,25,Loss,Platinum
105393,2026-07-26,P002,Rahul,Killjoy,Pearl,7,12,1,5,773.0,24,Win,Gold
108838,2026-05-07,P007,Karan,Sova,Lotus,28,19,0,6,5746.0,18,Win,Gold
103890,2026-09-22,P019,Ritesh,Phoenix,Haven,11,19,5,8,1459.0,24,Loss,Platinum
103556,2026-05-04,P018,Manish,Killjoy,Breeze,3,17,1,2,227.0,19,Win,Silver
101528,2026-06-21,P014,Varun,Raze,Sunset,17,11,4,6,1919.0,27,Loss,Immortal
101267,2026-02-08,P015,Nikhil,Jett,Bind,13,18,4,6,2117.0,27,Win,Platinum
107734,2026-04-21,P005,Akash,Sova,Icebox,15,18,11,7,3048.0,19,Win,Gold
101899,2026-04-06,P007,Karan,Viper,Split,6,13,0,3,791.0,19,Loss,Bronze
104658,2026-09-24,P006,Vivek,Fade,Ascent,15,16,2,7,2452.0,26,Win,Immortal
103005,2026-09-03,P013,Ankit,Killjoy,Haven,11,15,7,3,1783.0,25,Loss,Gold
102734,2026-06-20,P018,Manish,Fade,Haven,18,16,3,9,3646.0,29,Win,Gold
100189,2026-09-30,P009,Sahil,Jett,Icebox,19,22,2,10,2133.0,21,Win,Bronze
109167,2026-07-28,P004,Rohan,Cypher,Split,22,10,0,8,4248.0,21,Win,Gold
102747,2026-08-06,P013,Ankit,Jett,Breeze,12,15,7,6,1724.0,23,Loss,Gold
102047,2026-03-31,P018,Manish,Cypher,Lotus,5,11,3,0,853.0,18,Win,Diamond
107849,2026-03-21,P007,Karan,Reyna,Split,12,13,7,7,1902.0,24,Loss,Immortal
102558,2026-02-22,P010,Pratik,Phoenix,Icebox,17,18,0,9,3557.0,30,Loss,Platinum
109274,2026-06-15,P018,Manish,Brimstone,Sunset,13,17,7,3,1806.0,29,Win,Immortal
108666,2026-01-13,P009,Sahil,,Bind,19,19,6,6,1525.0,19,Win,Diamond
106396,2026-01-31,P004,Rohan,Reyna,Split,23,14,5,6,2436.0,19,Win,Iron
103385,2026-05-25,P011,Neeraj,Chamber,Haven,11,11,7,7,1247.0,21,Win,Immortal
104555,2026-02-20,P001,Shubham,Cypher,Haven,19,12,5,8,2634.0,29,Loss,Gold
101184,2026-09-03,P006,Vivek,Sage,Icebox,15,16,3,5,2128.0,20,Loss,Platinum
106420,2026-05-13,P002,Rahul,Killjoy,Bind,13,13,1,6,1674.0,21,Win,Silver
105051,2026-09-07,P002,Rahul,Reyna,Haven,18,18,6,6,3064.0,30,Win,Iron
105311,2026-02-04,P020,Harsh,Brimstone,Pearl,19,14,7,5,2900.0,28,Win,Silver
102433,2026-03-07,P003,Amit,Sage,Ascent,28,22,6,15,5876.0,26,Loss,Gold
106949,2026-01-08,P001,Shubham,Jett,Split,14,15,7,3,2931.0,26,Loss,Silver
100769,2026-09-23,P007,Karan,Phoenix,Breeze,25,16,8,12,3613.0,22,Loss,Platinum
101685,2026-08-24,P004,Rohan,Omen,Breeze,26,9,11,8,2832.0,22,Loss,Ascendant
108322,2026-06-27,P001,Shubham,Gekko,Split,17,16,6,7,1817.0,25,Win,Silver
105578,2026-05-19,P017,Siddhant,Fade,Sunset,3,13,3,0,560.0,25,Win,Diamond
104426,2026-07-27,P012,Yash,Brimstone,Bind,13,13,4,5,2301.0,23,Loss,Ascendant
100466,2026-03-14,P018,Manish,Fade,Split,12,15,8,5,2202.0,28,Win,Bronze
106265,2026-03-24,P017,Siddhant,Brimstone,Icebox,14,15,4,5,2798.0,27,Loss,Bronze
105734,2026-03-25,P015,Nikhil,Chamber,Ascent,19,14,6,3,2056.0,27,Win,Ascendant
105191,2026-07-11,P009,Sahil,Fade,Icebox,3,10,6,2,456.0,20,Loss,Gold
105390,2026-06-15,P008,Aditya,Chamber,Icebox,18,14,9,6,2494.0,28,Loss,Silver
100860,2026-05-01,P018,Manish,Raze,Icebox,22,13,8,6,3257.0,27,Loss,Diamond
107270,2026-04-21,P015,Nikhil,Phoenix,Sunset,26,15,4,7,3443.0,19,Win,Diamond
